x_share,y_share
8.0468135e-06,-.000018329842
.000017119883,-.000038716837
.000024961462,-.000056104327
.000033314685,-.000073711504
.000051477429,-.00011167958
.000067954737,-.00014612438
.000089296555,-.00019073811
.0001075445,-.00022888432
.00012286147,-.00026090347
.00012421542,-.00026270724
.00012551875,-.00026444354
.00012682908,-.00026618916
.00012807586,-.00026785015
.00012934497,-.00026954088
.00013701397,-.00027890783
.00013881204,-.00028102758
.00014073527,-.00028310803
.00015879149,-.00030167922
.00017733096,-.00032074744
.00019704882,-.00034102768
.00021505159,-.00035950937
.00023448958,-.00037935423
.00027735427,-.00042075245
.00028800953,-.00043103774
.00029971625,-.00044232281
.00031040981,-.00045263127
.00032133039,-.00046315853
.00033317419,-.0004745606
.00038944586,-.00052806607
.00044049969,-.00057532761
.00049973652,-.00063010713
.00055943051,-.00068509782
.00061885564,-.00073983241
.00066966546,-.00078608905
.00073125464,-.00084163545
.00078966888,-.00089412497
.00079229486,-.00089646655
.00084953767,-.00094734807
.00087410375,-.00096908922
.0008966609,-.00098905235
.00092033198,-.0010100014
.00094702072,-.001033621
.0009700915,-.0010540389
.00099202362,-.0010728611
.0010159955,-.0010934341
.0010385201,-.0011127648
.0010621279,-.001133022
.0010839723,-.0011517663
.0012461391,-.0012873973
.0012691094,-.0013065959
.0012931289,-.0013266649
.0013163037,-.0013460043
.0013408497,-.0013664847
.0013648495,-.0013865094
.0015193537,-.0015145951
.0016003648,-.0015809943
.0017574073,-.0017082061
.0017600078,-.0017102851
.0017619362,-.001711826
.0019215959,-.0018385245
.002076386,-.001959149
.0021586248,-.0020226068
.0022138199,-.0020647701
.0022887227,-.0021218432
.0024036269,-.0022093442
.0025081998,-.0022888698
.002614185,-.0023692374
.002640421,-.0023890659
.0026494535,-.0023958622
.0027661538,-.0024835581
.0028672197,-.0025595056
.0028769602,-.0025668093
.0029365271,-.0026114604
.0030117068,-.0026676692
.0030889644,-.0027254021
.0031443511,-.0027666199
.0031711545,-.0027862282
.0031803523,-.0027929472
.0032065015,-.0028120195
.0032757076,-.0028620025
.0033461787,-.0029128296
.0034217634,-.0029673439
.003491164,-.0030173908
.0035657955,-.0030711603
.0036156008,-.0031068898
.0036618453,-.0031400649
.0037124178,-.0031763448
.0037584801,-.003209389
.0038059952,-.0032434757
.0038175541,-.0032517503
.00382025,-.0032536674
.0038231043,-.003255687
.0038258098,-.0032575941
.0038277318,-.0032589471
.0038564387,-.0032790231
.0038654965,-.0032853133
.0039415443,-.0033381055
.004010844,-.0033862034
.0040804208,-.0034344944
.0041553131,-.0034864745
.0042267703,-.0035359876
.0042382325,-.0035438463
.0042480975,-.0035505318
.0042801979,-.0035721292
.0043092533,-.0035915205
.0043245456,-.0036016672
.0043412591,-.003612757
.0043566055,-.0036229398
.0043731099,-.0036338912
.0043886756,-.0036442194
.004400447,-.0036519773
.0044307155,-.0036718701
.0045104432,-.0037236318
.004582189,-.003770211
.0046609771,-.0038213625
.0047329329,-.0038680779
.0048065083,-.0039158454
.0048225564,-.0039261379
.0048381956,-.0039361683
.0048550097,-.0039469525
.004872073,-.0039578965
.0048876638,-.0039678756
.0048980135,-.0039744508
.0049305125,-.0039950265
.0049874079,-.0040310333
.0050318609,-.0040591089
.0050736233,-.0040854849
.0051173922,-.0041131284
.0051578893,-.0041387053
.005198543,-.0041643288
.0052148532,-.004174605
.0052287346,-.0041833324
.0052426765,-.0041920985
.0052543776,-.0041994555
.005266964,-.0042073526
.0052908217,-.0042223162
.0053139124,-.0042367689
.0053377757,-.004251705
.0053622657,-.0042670332
.0053851968,-.0042813863
.005395472,-.0042877966
.0054543256,-.0043244022
.005512285,-.0043604514
.0055754096,-.0043997122
.005633207,-.0044355867
.0056955353,-.0044742655
.0056974036,-.0044754171
.0057271351,-.0044935555
.0057382178,-.0045002801
.0057468396,-.0045054979
.0057555716,-.0045107822
.0057635629,-.0045156074
.0057716998,-.0045205215
.0057797157,-.0045253513
.005789178,-.0045310068
.005798419,-.0045365305
.0058076642,-.0045420555
.0058175786,-.0045479815
.0058270874,-.0045536635
.0058875452,-.00458958
.0059352843,-.0046178671
.0060243979,-.0046703755
.006113416,-.0047228183
.0061237216,-.0047288574
.0061535561,-.0047462131
.0061647827,-.0047527165
.0062324367,-.0047916453
.0062369062,-.0047942121
.0063010198,-.0048310123
.0063641518,-.0048672487
.0064227823,-.004900902
.0064811758,-.004934411
.006541437,-.0049689226
.0065662125,-.0049831085
.0065925512,-.0049981894
.0066166818,-.0050120056
.0066407346,-.0050257463
.0066666831,-.0050405702
.0067259963,-.0050743935
.0068173069,-.0051262844
.0068853032,-.0051649013
.006952012,-.005202624
.0070189666,-.0052403561
.0070877722,-.0052790698
.0071610147,-.0053202701
.0072331633,-.0053607435
.0073204236,-.0054094428
.0073881429,-.0054471176
.0074122557,-.0054604895
.0074181613,-.0054637459
.0074239918,-.0054669608
.0075022746,-.0055100201
.0075515676,-.0055369544
.0076098726,-.0055686999
.0076152957,-.0055716485
.0076733278,-.0056031491
.0077271545,-.0056323386
.0077826227,-.0056624184
.0078408048,-.0056939702
.0078998655,-.00572599
.0079538757,-.0057552727
.0080489907,-.0058068163
.0081077525,-.0058386363
.0081616947,-.0058678468
.0082164444,-.0058974954
.0082702078,-.0059266086
.0083188098,-.0059529021
.0083661657,-.0059784381
.0084539568,-.006025726
.0084778303,-.0060385121
.0085021257,-.006051525
.0085273357,-.0060650241
.008551158,-.0060777762
.0085747419,-.0060904012
.0086754384,-.006144295
.0087475432,-.0061828485
.0088259624,-.0062245792
.0089124003,-.0062704962
.0089700436,-.0063010813
.0090303076,-.0063330536
.0090399319,-.0063381526
.0091254236,-.0063834456
.0092031918,-.0064245868
.0092085954,-.0064274408
.0092717353,-.0064607514
.0093266377,-.0064897034
.0093832258,-.0065193484
.0094425865,-.0065503912
.0094666434,-.0065629287
.0095217377,-.0065915841
.0095447628,-.0066035544
.0095693674,-.0066163451
.0095925974,-.0066284225
.0096166739,-.0066409362
.0096214125,-.0066433977
.0096695758,-.0066683372
.0097690104,-.0067197587
.0098256255,-.0067488635
.0098790657,-.0067763356
.0099364091,-.0068057403
.0099889161,-.0068326658
.010041582,-.0068596038
.010157517,-.0069186664
.010238961,-.0069601061
.010285663,-.0069838618
.01031673,-.006999664
.01036342,-.0070233648
.010436635,-.0070605124
.010485131,-.0070850942
.010531248,-.0071083852
.010593457,-.007139754
.010679943,-.0071833567
.010741789,-.0072141206
.010763584,-.0072249551
.010782063,-.0072340695
.010787562,-.0072367759
.0108105,-.0072480347
.010833642,-.0072593489
.010858153,-.0072713248
.01086615,-.0072752298
.010881012,-.0072824778
.010904978,-.0072941589
.010928963,-.0073058461
.010950218,-.0073161954
.011012889,-.0073466208
.011076515,-.007377509
.01113448,-.0074055749
.011194266,-.0074345227
.01125247,-.0074627036
.011278204,-.0074751261
.011290507,-.0074810334
.011303977,-.0074874996
.011316651,-.0074935812
.011328996,-.0074995011
.011339461,-.0075045186
.011352735,-.00751088
.01140987,-.0075380141
.011479506,-.0075709857
.011553631,-.0076060644
.011621395,-.0076381057
.011688909,-.0076700118
.011761928,-.0077044629
.011786017,-.0077158208
.011810587,-.0077273478
.011891959,-.0077655064
.011967197,-.0078007872
.012049804,-.0078395223
.01212532,-.0078749033
.012149342,-.0078861425
.012226946,-.0079224315
.012288419,-.0079511506
.012312461,-.007962361
.012335452,-.0079730609
.012350257,-.0079799369
.012374882,-.0079913624
.012398516,-.0080023222
.012421872,-.0080131209
.01251479,-.0080559785
.012537987,-.0080666728
.012553553,-.0080738422
.012567357,-.0080802003
.012580913,-.0080864429
.012678345,-.0081312573
.012777254,-.0081767514
.012867673,-.0082183415
.012925517,-.0082449177
.012940135,-.0082516288
.013030222,-.0082929488
.013117293,-.0083328076
.013200525,-.0083708018
.013286335,-.0084099723
.013373728,-.0084498227
.013457559,-.0084879817
.013542658,-.0085267192
.013566491,-.008537557
.013640847,-.0085712587
.01365444,-.0085773906
.013668919,-.0085839098
.013742978,-.0086170677
.013750608,-.0086204773
.013769086,-.0086287288
.013786386,-.0086364318
.013804612,-.0086445482
.013822614,-.0086525632
.0138401,-.0086603267
.013915297,-.0086936643
.013917337,-.0086945696
.013919436,-.008695499
.013921531,-.0086964276
.013987512,-.0087256301
.013989466,-.0087264944
.013997076,-.0087298471
.014018406,-.008739192
.014043038,-.0087499833
.014226673,-.0088303788
.014392079,-.008902777
.014571974,-.0089814188
.01473981,-.0090547521
.014900828,-.0091250427
.015062558,-.0091955978
.015064649,-.0091965087
.015135338,-.0092272367
.015194758,-.0092530521
.015374236,-.0093308883
.015556059,-.0094095059
.015571222,-.009416054
.015757851,-.009496606
.01577126,-.0095023755
.015785065,-.009508308
.015800862,-.0095150955
.015848568,-.0095355567
.015863029,-.0095417434
.015912062,-.0095627103
.015963428,-.0095846755
.016015597,-.0096069835
.016063109,-.0096273003
.016077783,-.0096335746
.016146578,-.0096628768
.016178625,-.0096765189
.016363848,-.0097551746
.016389797,-.0097661875
.016410414,-.0097749336
.016430672,-.009783525
.016444124,-.0097892294
.016530061,-.0098256348
.016589185,-.0098506669
.016603617,-.0098567745
.016628621,-.0098673422
.016651848,-.0098771574
.016673241,-.0098861987
.016696379,-.0098959757
.016764883,-.0099248989
.016790271,-.0099355951
.016834227,-.0099541154
.016858088,-.0099641671
.017039025,-.010040328
.01705924,-.010048837
.017243128,-.010126215
.01741997,-.010200607
.017599123,-.01027597
.017781625,-.010352531
.017823596,-.010370106
.0178682,-.010388782
.017908944,-.010405843
.017972164,-.01043219
.018013043,-.010449203
.018045323,-.010462606
.018089741,-.010481046
.018109756,-.010489325
.01814336,-.010503187
.018178936,-.010517851
.018215105,-.010532716
.01825078,-.010547373
.018315675,-.010574
.018378694,-.010599777
.018411394,-.010613144
.018444527,-.010626676
.018459765,-.010632892
.018476084,-.010639547
.018560197,-.010673685
.018628279,-.010701268
.018649256,-.010709755
.01867618,-.010720637
.018688841,-.010725752
.018757984,-.010753666
.018840874,-.010787126
.018854715,-.0107927
.018933883,-.010824585
.018946594,-.010829703
.018959483,-.010834893
.018973151,-.010840394
.018988095,-.010846402
.01900398,-.010852787
.019019634,-.01085908
.01903414,-.010864911
.019048696,-.010870762
.019180525,-.010923534
.01931007,-.010975242
.019436887,-.011025861
.019574033,-.011080602
.019702924,-.011132032
.019734591,-.01114466
.019756019,-.011153188
.019773353,-.011160081
.019805966,-.011173046
.019837739,-.011185677
.0198719,-.011199256
.019906564,-.011213036
.01992701,-.01122115
.020030377,-.011262143
.02013148,-.011302237
.020231375,-.011341852
.020335458,-.011383129
.020444168,-.01142624
.020460038,-.01143253
.020478046,-.011439652
.020495832,-.011446687
.020523107,-.011457472
.020543646,-.01146559
.020559562,-.011471877
.020586833,-.011482636
.020603925,-.011489374
.020622181,-.011496571
.020639459,-.011503384
.020666812,-.011514164
.020732058,-.011539865
.020777518,-.011557741
.02085433,-.011587846
.020869197,-.011593661
.020886315,-.011600335
.02090247,-.011606613
.020918019,-.011612623
.020933101,-.011618452
.020981727,-.011637235
.021030948,-.011656245
.021075388,-.011673411
.021119682,-.011690521
.021165086,-.011708052
.021181004,-.011714187
.021196138,-.011719996
.02121266,-.011726337
.021227855,-.011732168
.021243341,-.011738106
.021258477,-.011743909
.02127335,-.011749611
.021289628,-.011755841
.021291586,-.011756589
.021368675,-.011785988
.021436932,-.011811966
.021569064,-.011862221
.021709073,-.011915455
.021729814,-.011923335
.021731777,-.011924081
.02179943,-.011949756
.021860868,-.011973061
.021879258,-.011980032
.021923656,-.01199686
.022052342,-.012045638
.022181829,-.012094704
.022315968,-.012145531
.022380546,-.012169959
.022429699,-.012188537
.022487631,-.012210429
.022489533,-.012211147
.022508489,-.012218306
.022665795,-.012277668
.022827815,-.01233879
.022989234,-.012399684
.023000864,-.012404068
.023078866,-.012433464
.023153294,-.012461512
.023173435,-.012469093
.02319189,-.012476038
.023211736,-.012483507
.023242949,-.01249525
.023273302,-.012506668
.023304543,-.012518423
.023337021,-.012530642
.023367831,-.012542233
.023525203,-.012601417
.023688085,-.012662674
.023740422,-.012682355
.023750922,-.012686301
.023761388,-.012690235
.023840588,-.01271998
.023897687,-.012741417
.023949249,-.012760771
.023996947,-.012778674
.024065653,-.01280446
.024113515,-.012822422
.024176091,-.012845884
.024198962,-.012854455
.024200793,-.01285514
.024273247,-.012882259
.024339221,-.012906901
.024360545,-.012914863
.024381546,-.012922704
.024453716,-.012949623
.024468902,-.01295528
.024470858,-.012956008
.0244918,-.012963803
.024514383,-.012972206
.024577215,-.012995569
.024588708,-.01299984
.024650909,-.013022896
.024739129,-.013055591
.024796033,-.013076677
.024851201,-.013097084
.024917385,-.013121562
.025007624,-.013154867
.025043149,-.013167975
.025109684,-.013192483
.02516753,-.01321377
.025256149,-.013246373
.025269372,-.013251226
.025334034,-.013274953
.025427369,-.013309184
.025454819,-.013319219
.025511304,-.013339859
.025527585,-.013345806
.025542304,-.013351175
.025627228,-.013382129
.025710955,-.013412637
.025770118,-.013434177
.025825148,-.013454214
.025879992,-.013474182
.025897721,-.013480629
.025986847,-.013512999
.026054798,-.01353768
.026141895,-.013569303
.026204344,-.013591976
.026287856,-.013622296
.026347896,-.01364408
.026356209,-.013647095
.026373683,-.013653432
.026390374,-.013659475
.02640499,-.013664745
.026494816,-.013697104
.026548538,-.013716443
.026562911,-.013721615
.026579103,-.013727442
.026597997,-.013734234
.026628766,-.013745291
.02666411,-.013757992
.026680361,-.013763824
.026739089,-.013784889
.02676907,-.013795624
.026784733,-.013801226
.026908215,-.013845373
.026979387,-.013870765
.027044892,-.013894091
.027068986,-.013902641
.027122503,-.01392163
.027155213,-.013933217
.027165946,-.013937014
.027230138,-.01395971
.027296508,-.013983173
.027316708,-.013990314
.027346598,-.014000862
.027361555,-.014006134
.027387992,-.014015426
.027414348,-.014024689
.027441872,-.014034363
.027468484,-.014043716
.027494838,-.014052979
.027584033,-.014084278
.027651254,-.014107818
.027670205,-.014114434
.027739249,-.014138511
.027773283,-.014150377
.027807774,-.014162401
.027842237,-.014174416
.02787777,-.014186806
.027945079,-.014210255
.028011894,-.014233519
.028044131,-.014244731
.028111573,-.014268176
.028145276,-.014279883
.028217506,-.014304906
.02828523,-.014328309
.028359262,-.014353826
.028428853,-.014377759
.028501762,-.014402767
.028578779,-.014429175
.028587574,-.01443219
.028606808,-.014438782
.028733555,-.014482187
.028861016,-.014525838
.028984856,-.014568246
.029109417,-.014610904
.029233115,-.014653265
.029297251,-.014675204
.029382965,-.014704513
.029449165,-.014727108
.029601239,-.014778918
.02972986,-.014822708
.029814517,-.014851524
.029892629,-.014878086
.029900406,-.014880728
.029924519,-.014888913
.029955294,-.014899358
.029964354,-.014902425
.030050384,-.014931465
.030134911,-.014959965
.030279346,-.015008661
.030396746,-.015048231
.030415941,-.015054691
.030436041,-.015061456
.030456442,-.015068317
.0305331,-.0150941
.030544246,-.015097849
.03069078,-.015146991
.030709475,-.01515326
.030728109,-.015159506
.030812733,-.015187802
.030885007,-.01521196
.030908301,-.015219738
.030981444,-.015244111
.031004708,-.015251856
.031068293,-.015272954
.031142792,-.015297633
.031216262,-.015321957
.031230357,-.015326616
.031292062,-.015347009
.031359769,-.015369385
.031421684,-.015389848
.031488381,-.01541189
.031496074,-.015414433
.031520117,-.015422379
.031594306,-.015446892
.031683873,-.015476457
.031756628,-.015500445
.031898007,-.015547054
.031960722,-.015567716
.031967722,-.015570018
.03204276,-.015594685
.032114401,-.015618213
.032139041,-.015626293
.032157362,-.015632292
.032175958,-.015638383
.032192942,-.015643945
.032268953,-.015668834
.032285992,-.01567441
.032303482,-.015680138
.032309756,-.015682191
.032315999,-.015684232
.032323331,-.015686633
.032328594,-.015688356
.032334253,-.015690209
.032400519,-.015711885
.0324689,-.015734255
.032522257,-.015751708
.032705508,-.015811607
.032733113,-.015820628
.032760829,-.015829684
.032789301,-.015838983
.032819148,-.015848732
.032849446,-.015858626
.03289609,-.015873838
.03294456,-.015889637
.032991271,-.015904864
.033038937,-.015920401
.033059232,-.015927011
.033123977,-.0159481
.033170145,-.015963137
.033322915,-.016012894
.033348102,-.016021088
.033373684,-.016029397
.033424452,-.016045852
.033444986,-.016052492
.033479985,-.016063808
.033503376,-.016071359
.033519264,-.016076479
.033535581,-.016081734
.033676334,-.016127031
.033857103,-.016185164
.03404212,-.016244663
.034057956,-.016249755
.03407691,-.016255844
.034152389,-.016280089
.034228358,-.016304487
.034245458,-.016309978
.034251947,-.016312061
.034438822,-.016371964
.034515545,-.016396508
.034524146,-.016399257
.034541495,-.016404796
.034734972,-.016466493
.034836039,-.016498713
.034916766,-.016524436
.034993861,-.016548999
.035073426,-.016574349
.035117481,-.016588381
.035196003,-.016613157
.035256013,-.016632084
.035322368,-.016652983
.035386875,-.016673291
.035430249,-.016686939
.035449881,-.0166931
.035469607,-.016699288
.035484131,-.01670384
.035503842,-.016710017
.035590146,-.016737036
.035643712,-.016753802
.035664257,-.016760224
.035728712,-.01678035
.035792515,-.016800273
.035800721,-.016802834
.035831563,-.016812457
.035852201,-.016818892
.035920031,-.016839985
.035939693,-.016846091
.036013301,-.016868908
.036092851,-.016893527
.036203824,-.016927855
.036296081,-.016956383
.03638101,-.016982639
.036405817,-.016990291
.036425725,-.016996408
.036504094,-.017020455
.036580756,-.017043978
.036664665,-.017069712
.036739979,-.017092807
.036764912,-.017100452
.036796577,-.017110141
.036821332,-.017117709
.036897764,-.017141053
.036919121,-.017147573
.03698048,-.017166225
.037041079,-.017184639
.037065707,-.017192122
.037070114,-.017193461
.037094653,-.017200911
.037119333,-.017208403
.037146457,-.017216615
.037263248,-.017251946
.037416212,-.017298209
.037476595,-.017316464
.037551723,-.017339153
.037612636,-.017357528
.037650276,-.017368875
.037685771,-.017379576
.03772112,-.017390234
.037755843,-.017400702
.037791982,-.017411599
.037852708,-.017429903
.037879415,-.01743795
.037910447,-.017447287
.038025171,-.017481711
.038123671,-.017511249
.03819748,-.017533312
.038292885,-.01756181
.038389407,-.017590644
.038489573,-.01762055
.038585968,-.017649332
.038742494,-.017696068
.0387577,-.0177006
.038856316,-.017729975
.038948324,-.01775731
.03903757,-.017783815
.039130934,-.017811541
.039206687,-.017833989
.039283589,-.017856769
.039356463,-.017878314
.03944771,-.017905297
.039537597,-.017931875
.039616313,-.017955119
.039621111,-.017956538
.039699174,-.017979549
.039779048,-.018003045
.039855402,-.018025473
.039915349,-.018043069
.039923422,-.018045429
.039931037,-.018047655
.039938517,-.018049845
.039946023,-.018052038
.039954193,-.018054429
.039971597,-.018059507
.039987262,-.018064074
.040001981,-.018068362
.040016353,-.018072549
.040030971,-.018076811
.040045787,-.018081129
.040078688,-.018090701
.040234338,-.018135969
.0402738,-.018147435
.040313426,-.018158948
.040383391,-.018179217
.040454414,-.01819979
.040523879,-.018219907
.040596545,-.018240947
.040604297,-.01824319
.040682964,-.018265955
.040763929,-.018289385
.040843777,-.018312491
.040995684,-.018356429
.041038349,-.018368769
.041052077,-.018372741
.041092806,-.018384522
.041136134,-.018397054
.041186836,-.018411705
.041227046,-.018423321
.041298661,-.018443966
.041324146,-.018451311
.041408319,-.018475562
.041446928,-.018486673
.041543458,-.018514445
.041584656,-.018526291
.041623235,-.018537387
.041662417,-.018548651
.041774765,-.018580914
.041855656,-.018604113
.041873921,-.018609352
.041891798,-.01861445
.04190965,-.018619539
.041971687,-.018637216
.042038351,-.018656207
.042122845,-.018680263
.042141378,-.018685535
.042160142,-.018690869
.042175174,-.018695138
.042193618,-.018700376
.042211801,-.018705534
.042273439,-.018723022
.042343326,-.018742822
.042357463,-.018746821
.042427242,-.018766541
.042446423,-.018771961
.042509377,-.018789742
.042632978,-.01882465
.042652044,-.018830035
.042672109,-.018835701
.042691819,-.018841267
.042711116,-.018846717
.042730417,-.018852169
.042811569,-.018875081
.042874221,-.018892754
.04288746,-.018896488
.042907402,-.018902104
.043009188,-.018930759
.043017469,-.018933088
.043026078,-.018935515
.043033984,-.018937739
.043041967,-.018939987
.043124229,-.01896311
.043132991,-.018965565
.043147799,-.018969713
.043181058,-.018979026
.043252826,-.0189991
.043375026,-.019033188
.043391738,-.019037852
.043541826,-.019079696
.043577224,-.019089563
.043609604,-.019098591
.043632474,-.019104961
.043653019,-.019110676
.043677729,-.019117543
.043772075,-.019143736
.043806929,-.019153407
.043839183,-.019162357
.043874919,-.01917227
.043909237,-.019181788
.043944214,-.019191492
.043979809,-.019201359
.044016693,-.019211587
.044102579,-.019235322
.044195492,-.019261003
.044293717,-.019288134
.044386413,-.01931368
.044480029,-.019339481
.044499677,-.019344887
.044588316,-.019369269
.044674564,-.019392993
.044756021,-.019415379
.044837896,-.019437876
.044925049,-.019461783
.045004427,-.019483555
.045096777,-.019508887
.045192931,-.019535264
.045289788,-.019561829
.045340199,-.019575635
.045488078,-.019616121
.045573942,-.019639563
.045667119,-.019665001
.04574896,-.019687315
.045782514,-.019696459
.045877222,-.01972218
.045897517,-.019727692
.046024393,-.019762134
.046137568,-.019792842
.046259522,-.019825919
.046330418,-.0198451
.046403073,-.019864757
.04652039,-.0198965
.046624966,-.019924741
.046704631,-.019946245
.046766832,-.019963033
.046844106,-.019983843
.046915174,-.02000298
.04703502,-.020035191
.047113366,-.020056186
.047211666,-.020082517
.047236077,-.020089043
.047294177,-.020104554
.047362674,-.020122832
.047428355,-.020140348
.047492083,-.020157345
.047540892,-.020170363
.047610819,-.020189011
.047679715,-.020207386
.047743663,-.020224441
.04780864,-.020241763
.047867563,-.020257456
.047883291,-.02026164
.047907952,-.020268198
.047974337,-.020285817
.048122767,-.020325191
.048140969,-.020330012
.048200633,-.020345788
.048319872,-.020377297
.048335306,-.020381372
.048480857,-.020419741
.04849463,-.020423369
.048526775,-.020431839
.048623305,-.020457212
.048719887,-.020482598
.048818864,-.020508613
.048916247,-.020534208
.049015835,-.020560384
.049036216,-.020565741
.049148891,-.020595342
.049163036,-.02059905
.049171105,-.020601165
.049179301,-.02060331
.049187351,-.020605421
.049196031,-.020607697
.049204819,-.020609999
.049253438,-.020622713
.049348697,-.020647507
.049418181,-.020665569
.049481694,-.020682033
.049564961,-.020703599
.049710706,-.020741321
.049803067,-.020765146
.049894854,-.020788798
.049983785,-.020811714
.050071422,-.020834295
.050159924,-.02085699
.050246999,-.020879313
.050256651,-.020881787
.050370045,-.020910833
.050483201,-.020939814
.050596762,-.020968903
.050608803,-.020971978
.050701499,-.020995602
.050803948,-.0210217
.050828062,-.021027813
.050852727,-.02103406
.050954133,-.021059709
.050978441,-.021065844
.051010396,-.021073889
.051035311,-.021080159
.05109524,-.021095227
.051176425,-.021115625
.051223524,-.021127459
.051268753,-.021138821
.051294886,-.021145379
.051328424,-.021153795
.051470052,-.021189336
.051621504,-.021227233
.051681906,-.021242341
.051839028,-.021281594
.051884431,-.021292925
.051915847,-.021300765
.051949609,-.021309191
.051980775,-.021316968
.052012969,-.021325001
.052044839,-.021332957
.052144732,-.021357862
.05224824,-.021383639
.052388415,-.021418484
.052421425,-.021426687
.052500188,-.021446263
.052576579,-.021465249
.052636895,-.021480227
.052781869,-.021516163
.052908845,-.021547621
.052969038,-.021562532
.053046063,-.021581573
.053122416,-.021600453
.053145226,-.021606091
.053223509,-.021625435
.053335574,-.02165309
.053369112,-.021661356
.053511102,-.021696325
.053526089,-.021700013
.053633817,-.021726474
.053659115,-.021732684
.053776398,-.021761477
.053889219,-.021789175
.054006204,-.021817893
.054019529,-.02182116
.054033134,-.021824496
.05404789,-.021828113
.054061167,-.021831369
.054075751,-.021834943
.054101031,-.021841133
.054167189,-.021857204
.054171991,-.021858372
.054191019,-.021862991
.054218929,-.021869762
.054251969,-.021877769
.054347984,-.021901026
.054357812,-.021903405
.054415002,-.021917259
.054434363,-.021921948
.054534089,-.021946052
.054640327,-.021971729
.054794025,-.022008741
.054955442,-.022047509
.055030551,-.022065535
.055187922,-.022103254
.055289749,-.022127654
.055312,-.022132983
.055414759,-.022157596
.055511698,-.022180803
.055608593,-.022203986
.055631388,-.022209439
.055654995,-.022215087
.055678606,-.022220738
.055701301,-.022226166
.05572553,-.022231963
.055748146,-.022237364
.055768661,-.022242257
.055826541,-.022256069
.055931393,-.022281075
.05595424,-.022286512
.05603883,-.022306621
.056132883,-.022328977
.05628885,-.022366012
.056472097,-.022409493
.056658976,-.022453832
.056843989,-.022497732
.057037465,-.022543613
.057218235,-.02258648
.057241879,-.022592086
.057318188,-.022610176
.057404917,-.022630738
.057464827,-.022644939
.057488468,-.022650544
.057569407,-.022669731
.057592284,-.022675155
.05766923,-.022693396
.057745129,-.022711391
.057822134,-.022729645
.057877176,-.022742687
.05801148,-.022774456
.058170438,-.022812057
.058278181,-.022837531
.058371097,-.022859486
.058433656,-.022874253
.058502,-.022890378
.058665097,-.022928853
.058689363,-.022934573
.058712091,-.022939932
.058828019,-.022967262
.058998473,-.023007426
.059084069,-.023027502
.059169218,-.023047473
.059254553,-.023067486
.059339404,-.023087384
.059425626,-.023107603
.059454694,-.023114415
.059569597,-.023141254
.059686299,-.023168474
.059736133,-.023180095
.059796922,-.023194272
.059826612,-.023201188
.059975326,-.023235774
.060060229,-.023255495
.06027101,-.023304455
.060486272,-.023354448
.060691211,-.023402026
.060893815,-.023449045
.061103005,-.023497567
.061158534,-.023510445
.061214257,-.023523368
.061243501,-.023530148
.061378885,-.023561476
.061397962,-.023565883
.061458148,-.023579774
.061481301,-.023585115
.061495595,-.023588402
.061516371,-.023593172
.061546024,-.023599979
.061609466,-.023614537
.061676212,-.02362984
.061698828,-.023635013
.061729249,-.023641963
.06174795,-.023646232
.061814714,-.023661455
.061879545,-.023676237
.061948873,-.023692042
.062014796,-.023707073
.062091071,-.023724431
.062232718,-.023756661
.062247276,-.023759974
.062280167,-.023767451
.062395737,-.023793677
.062505566,-.023818601
.062625602,-.023845825
.062745072,-.023872923
.06285803,-.02389854
.062948011,-.023918943
.063050106,-.023942055
.063064627,-.023945341
.063156858,-.023966184
.063246839,-.023986494
.063261136,-.023989711
.063351452,-.02400998
.063448764,-.024031824
.063541569,-.024052652
.063640364,-.024074825
.063668668,-.024081156
.0636966,-.024087407
.063710906,-.024090605
.06387379,-.024126917
.063909315,-.02413482
.063938394,-.024141291
.063967064,-.024147667
.063994803,-.024153836
.064005211,-.024156144
.064015754,-.02415848
.064038128,-.024163421
.064060792,-.024168421
.064083353,-.024173398
.064106666,-.024178538
.064129092,-.02418348
.064192265,-.024197387
.064253189,-.024210794
.064334296,-.024228632
.064398497,-.024242749
.064422213,-.024247959
.064486817,-.024262138
.064556189,-.024277342
.06458015,-.024282591
.064606689,-.024288405
.064628966,-.024293281
.064636603,-.024294948
.06464313,-.024296369
.064649634,-.024297787
.064655527,-.024299074
.064661011,-.02430027
.06469205,-.024307027
.064718477,-.024312781
.064781129,-.024326412
.064864434,-.024344509
.064927056,-.024358107
.064931117,-.024358988
.064954832,-.024364138
.064975254,-.024368571
.065048017,-.024384348
.065210037,-.024419425
.065336935,-.024446819
.065357186,-.024451187
.065379255,-.02445595
.065399788,-.024460379
.065430716,-.024467045
.065495871,-.024481073
.065519653,-.024486192
.065643065,-.024512658
.065712199,-.024527466
.065782323,-.024542477
.065849677,-.024556896
.065917909,-.024571503
.065984786,-.024585817
.066046409,-.024599003
.066070616,-.024604179
.066094257,-.024609234
.066118166,-.024614349
.06614323,-.02461971
.066271774,-.02464718
.066286258,-.024650266
.066307232,-.024654739
.066338532,-.024661392
.066360615,-.024666082
.06639345,-.024673058
.066440828,-.024683105
.066492841,-.024694135
.06654036,-.024704212
.066588931,-.024714513
.066696554,-.024737323
.066818684,-.024763169
.066885158,-.024777215
.066916808,-.0247839
.066976815,-.024796568
.067053169,-.02481268
.067105189,-.024823647
.067157835,-.024834735
.067182176,-.024839863
.067214899,-.024846753
.067284152,-.024861312
.067315936,-.024867995
.06738539,-.024882568
.06741824,-.024889452
.067478001,-.024901975
.067523636,-.024911536
.067534842,-.024913881
.067559488,-.024919039
.06763456,-.02493473
.067702107,-.024948843
.0677763,-.024964347
.067844085,-.024978515
.067949511,-.025000397
.067972511,-.025005165
.068107419,-.025033131
.068240337,-.025060687
.068345018,-.025082389
.068477832,-.025109921
.068492517,-.025112964
.068515569,-.025117734
.068537153,-.025122197
.068600692,-.025135329
.068712629,-.025158459
.068829961,-.025182657
.068840936,-.025184918
.068863876,-.025189646
.069005698,-.025218863
.069144145,-.025247386
.069151826,-.025248967
.069174685,-.025253668
.069230326,-.025265114
.069285743,-.025276514
.069346555,-.025289023
.069406457,-.025301345
.069463611,-.025313102
.069486618,-.025317835
.069594383,-.025339941
.069629699,-.025347177
.069639377,-.025349161
.069701195,-.025361825
.069793001,-.025380608
.06989944,-.025402365
.070002198,-.025423348
.070070617,-.025437303
.07010638,-.025444593
.070139699,-.025451373
.070158601,-.025455222
.07021942,-.025467604
.070238248,-.025471436
.070256867,-.025475226
.070276402,-.025479201
.070339695,-.025492085
.07035818,-.02549585
.070380419,-.025500374
.070505559,-.025525825
.070528515,-.025530482
.070574515,-.025539797
.07065545,-.025556151
.070704713,-.025566094
.070754133,-.025576072
.070804857,-.025586313
.070878312,-.025601109
.070899464,-.025605375
.070964731,-.025618518
.071037464,-.02563316
.071111277,-.025648016
.07118354,-.025662562
.071229011,-.025671715
.071273498,-.025680665
.071318328,-.025689688
.071362652,-.025698608
.071423531,-.025710851
.071485832,-.025723374
.071539074,-.025734052
.071593121,-.025744895
.071669295,-.025760172
.07167767,-.02576185
.071794368,-.025785245
.071900353,-.025806492
.071991526,-.025824772
.072106428,-.025847806
.072207496,-.025868069
.072287194,-.025884045
.072366364,-.025899917
.072447948,-.025916271
.072551712,-.02593706
.072656289,-.025958009
.072735012,-.02597378
.072814554,-.025989715
.072879136,-.026002644
.072895452,-.0260059
.072911762,-.026009157
.072972119,-.02602121
.07298813,-.026024409
.073066406,-.026040033
.073087789,-.026044298
.073103562,-.026047442
.073125154,-.026051747
.073196717,-.026066013
.073268563,-.026080335
.073294215,-.026085442
.073368013,-.02610014
.073459171,-.026118297
.0735377,-.026133943
.073562257,-.026138831
.07366652,-.026159586
.073705129,-.02616727
.073725253,-.026171271
.073840491,-.026194163
.073963098,-.026218524
.074025415,-.026230903
.074104197,-.026246548
.074183762,-.026262335
.074200571,-.026265671
.074216515,-.026268836
.074232623,-.026272029
.074248783,-.026275236
.074264787,-.02627841
.074347302,-.026294772
.074463114,-.026317736
.074484184,-.02632191
.074561521,-.026337225
.074586242,-.026342118
.074723743,-.026369292
.07481432,-.026387172
.074927695,-.026409537
.075007647,-.026425287
.075023487,-.026428409
.075075045,-.026438523
.075166352,-.026456416
.075290665,-.02648077
.075306445,-.026483858
.075401157,-.026502402
.075511977,-.026524091
.075519778,-.026525617
.075677402,-.026556382
.075698517,-.0265605
.075834699,-.026587045
.075858898,-.026591754
.07593175,-.026605923
.076040283,-.026627025
.076145738,-.026647527
.076250225,-.026667841
.076355726,-.026688352
.076384157,-.026693866
.076430008,-.02670275
.076467976,-.026710108
.076566674,-.026729226
.076667652,-.026748788
.076806553,-.026775673
.076829381,-.026780086
.076849431,-.026783962
.076867998,-.026787547
.076882176,-.026790285
.076902278,-.026794165
.076922245,-.026798019
.077001944,-.026813401
.077022001,-.026817268
.077112928,-.026834806
.077133045,-.026838688
.0771515,-.026842244
.077255324,-.026862254
.077395804,-.026889293
.077483438,-.026906146
.0775709,-.026922965
.077658333,-.02693978
.077745833,-.026956607
.077832744,-.026973318
.077929966,-.026992016
.078026496,-.027010577
.078126013,-.027029714
.078147702,-.027033878
.078212231,-.027046265
.078263,-.027056005
.078281939,-.027059641
.078301378,-.027063366
.078320339,-.027067006
.078339018,-.027070589
.078433618,-.027088713
.078456521,-.027093098
.078596249,-.027119836
.078737877,-.027146913
.078879558,-.027173977
.07901904,-.027200621
.079162009,-.027227931
.079236515,-.027242148
.079263724,-.027247336
.079289533,-.027252257
.079303704,-.027254958
.079304434,-.027255097
.079392008,-.027271716
.07940647,-.027274461
.079513602,-.027294779
.079587221,-.027308738
.079654455,-.027321484
.079721451,-.027334183
.079790153,-.0273472
.079947457,-.027377
.0799729,-.027381819
.079996653,-.027386317
.079997405,-.027386459
.080024049,-.027391504
.080050692,-.027396552
.080051385,-.027396683
.080169246,-.027418988
.080269657,-.027437996
.080367431,-.027456485
.080368161,-.027456623
.080431134,-.027468517
.080480099,-.027477767
.080497049,-.027480964
.080514476,-.027484253
.080531247,-.027487418
.080531962,-.027487554
.080617689,-.027503723
.080774181,-.027533242
.080800571,-.027538216
.080877528,-.027552702
.080950983,-.027566528
.081022464,-.027579984
.081166513,-.027607063
.081303596,-.027632825
.081311859,-.027634377
.081419654,-.02765459
.081432179,-.027656937
.081455156,-.027661245
.08147189,-.027664382
.081604935,-.027689289
.081676118,-.027702605
.08175426,-.027717223
.081889108,-.027742449
.082021907,-.027767293
.082158044,-.027792761
.082292944,-.027817998
.082350329,-.027828719
.082456887,-.027848626
.082548164,-.027865676
.082608484,-.027876947
.082666345,-.027887756
.082725517,-.027898811
.082791232,-.027911086
.082810149,-.027914617
.0828299,-.027918302
.082848869,-.027921841
.082867779,-.02792537
.082886875,-.027928934
.082982473,-.027946766
.083019152,-.027953612
.083162203,-.027980279
.083170861,-.027981892
.083261862,-.027998842
.083275408,-.028001366
.083288535,-.028003808
.083312906,-.028008346
.083326794,-.028010933
.08333908,-.028013218
.083355956,-.02801636
.083516479,-.028046224
.083605297,-.028062744
.083670571,-.028074877
.083760008,-.028091501
.083859406,-.028109975
.083966397,-.028129838
.084051743,-.028145684
.084110558,-.028156593
.084167913,-.028167235
.084272541,-.028186647
.084339052,-.02819898
.084379114,-.028206406
.084446274,-.028218843
.084537797,-.028235771
.084626712,-.028252218
.084649503,-.028256431
.084664471,-.028259195
.084763691,-.028277518
.084800482,-.028284313
.084901273,-.028302914
.085002981,-.028321683
.085103728,-.028340276
.085215569,-.028360909
.085238226,-.028365087
.085377082,-.028390672
.085414432,-.028397545
.08547771,-.028409189
.085523114,-.028417541
.085617788,-.02843496
.085690282,-.028448289
.085729845,-.028455559
.085878082,-.028482776
.085962065,-.02849819
.086049847,-.028514298
.086203553,-.028542496
.086357482,-.028570738
.086374901,-.028573932
.086531393,-.028602613
.086621828,-.02861917
.086688906,-.028631438
.086784452,-.028648894
.086873263,-.028665107
.086926498,-.028674824
.087064229,-.028699938
.087148994,-.028715383
.087232627,-.028730622
.087315805,-.028745778
.087357625,-.028753398
.087447539,-.028769778
.087523051,-.028783534
.087589934,-.02879571
.087677039,-.028811557
.08777453,-.028829278
.087798096,-.028833563
.087824218,-.028838312
.087858707,-.028844578
.087997831,-.028869813
.088137142,-.028895086
.088279016,-.028920822
.08842247,-.028946849
.088563822,-.02897249
.088696264,-.028996499
.088788964,-.029013289
.088817611,-.029018471
.088917516,-.029036524
.089018762,-.029054822
.089118659,-.029072866
.089220062,-.029091183
.089315325,-.029108392
.089475214,-.029137252
.089491047,-.029140107
.089590363,-.029157991
.089661635,-.029170817
.089738093,-.029184576
.089785859,-.029193169
.089943483,-.029221499
.089967228,-.029225767
.089981809,-.029228386
.09008117,-.029246228
.09018603,-.029265057
.090286359,-.029283069
.090379901,-.029299855
.090472259,-.02931642
.090564959,-.029333044
.090725482,-.029361831
.090797633,-.02937476
.090886042,-.029390601
.090954214,-.029402798
.090961874,-.029404167
.091078147,-.029424945
.091152884,-.029438283
.091246083,-.029454902
.091272376,-.029459583
.091433167,-.029488213
.09152256,-.029504128
.091676258,-.029531488
.091703303,-.029536294
.091742076,-.029543184
.091768183,-.029547818
.091828287,-.029558482
.091898501,-.029570937
.091949865,-.029580045
.092070527,-.029601419
.092151009,-.029615678
.092227787,-.029629279
.092365503,-.029653676
.092439942,-.029666863
.092521645,-.029681338
.092675574,-.029708588
.09281221,-.029732779
.092952967,-.029757682
.093095191,-.029782826
.093195602,-.029800573
.093237974,-.029808063
.093277074,-.029814966
.093409039,-.029838175
.093543135,-.029861741
.093661152,-.029882465
.093726739,-.029893978
.093831822,-.029912405
.093870722,-.02991922
.093885668,-.029921832
.094009124,-.029943384
.094147652,-.029967571
.094174117,-.029972179
.094184011,-.0299739
.094193533,-.029975556
.094202906,-.029977186
.094212756,-.029978899
.094214648,-.029979229
.094324678,-.029998366
.094334379,-.030000053
.094432719,-.030017145
.094565444,-.030040197
.094706394,-.030064641
.094843961,-.030088497
.094919153,-.03010153
.095066734,-.030127086
.095122218,-.030136688
.095209323,-.030151758
.09522853,-.030155081
.095313601,-.030169768
.095315441,-.030170087
.095397562,-.030184258
.095476888,-.030197931
.095532075,-.030207423
.095578782,-.030215453
.095586933,-.030216852
.095595092,-.030218253
.095749877,-.030244824
.095912047,-.030272659
.096071705,-.030300062
.096226208,-.030326581
.096234225,-.030327955
.096307017,-.030340448
.096464053,-.030367384
.096538983,-.030380232
.096547052,-.030381616
.096555144,-.030383004
.096624441,-.030394886
.096626341,-.030395212
.09669514,-.030406997
.096716136,-.03041059
.096796907,-.030424409
.096871525,-.030437168
.09701474,-.030461652
.097024068,-.030463247
.097165823,-.030487446
.097211599,-.03049526
.097222902,-.030497188
.097234324,-.030499134
.097245313,-.03050101
.097337723,-.030516762
.097372741,-.030522725
.097445957,-.030535197
.097520463,-.030547887
.097589597,-.030559659
.097645752,-.03056922
.097718462,-.030581595
.097787149,-.030593282
.097788922,-.030593581
.097804271,-.030596193
.097825028,-.030599723
.097865,-.030606521
.097933456,-.030618161
.097959787,-.030622635
.098010436,-.03063124
.098071299,-.030641578
.098109163,-.030648002
.098148644,-.0306547
.098256461,-.03067298
.098311499,-.030682297
.098370992,-.030692363
.098492652,-.030712945
.098526821,-.030718718
.098541021,-.030721117
.098659888,-.030741194
.098683797,-.030745229
.098706856,-.030749116
.098730683,-.030753136
.098789886,-.030763121
.098853737,-.030773889
.098913133,-.030783905
.098936029,-.030787768
.098960482,-.030791892
.098984301,-.030795906
.099049106,-.030806826
.099110052,-.030817097
.099243172,-.030839514
.099360563,-.03085928
.099472716,-.030878155
.099558458,-.030892577
.099569231,-.030894389
.099629693,-.030904554
.099695899,-.030915687
.09975902,-.0309263
.099821888,-.030936869
.099882275,-.030947013
.099937499,-.030956287
.09999422,-.030965813
.10008506,-.030981062
.10012305,-.030987425
.10015471,-.030992724
.10018448,-.030997705
.10021569,-.031002926
.10024462,-.031007765
.10027362,-.031012621
.10033488,-.031022839
.10039632,-.031033093
.10045679,-.031043181
.10052402,-.031054396
.10058374,-.031064363
.10064548,-.031074665
.10074147,-.031090669
.1008779,-.031113397
.100995,-.031132888
.10115213,-.031159045
.10121536,-.031169562
.10121724,-.031169876
.10135648,-.031192983
.10137735,-.031196428
.10141235,-.031202199
.10152707,-.031221118
.10155525,-.031225763
.1016061,-.031234143
.10170692,-.031250753
.10177693,-.031262271
.10188985,-.031280834
.10197608,-.031295002
.10205898,-.031308565
.10207851,-.031311762
.10217958,-.031328235
.10229408,-.031346884
.10238134,-.031361096
.10250189,-.031380694
.10262699,-.031401031
.10263854,-.031402908
.10265988,-.031406373
.10271212,-.031414844
.10274626,-.03142038
.10282988,-.03143388
.10294591,-.031452611
.10302883,-.031465996
.10310993,-.031479079
.10319478,-.031492766
.10333676,-.031515669
.10337591,-.031521987
.10349631,-.031541396
.10361261,-.031560116
.10372459,-.031578101
.10383296,-.031595513
.10394274,-.031613138
.10402659,-.031626597
.10416822,-.031649314
.10420836,-.031655747
.10422881,-.031659022
.1043105,-.031672094
.1043295,-.03167513
.10438963,-.031684738
.10447046,-.031697631
.10459856,-.031718012
.10463772,-.031724244
.10467722,-.031730525
.10476343,-.031744231
.10478619,-.03174784
.10480721,-.031751174
.10487118,-.031761251
.10493726,-.031771667
.10500024,-.031781588
.10503376,-.031786866
.10505155,-.031789664
.10506929,-.031792451
.10509638,-.031796709
.10523577,-.031818602
.10525383,-.031821437
.1052936,-.031827677
.10533303,-.031833861
.10537214,-.031839997
.1054889,-.031858288
.10552929,-.031864606
.10555102,-.031868
.10561469,-.031877954
.10567724,-.031887729
.10574119,-.031897712
.10583752,-.03191274
.10586437,-.031916928
.10588375,-.031919949
.10590419,-.031923138
.10594179,-.031929001
.10597982,-.031934924
.1060768,-.031950045
.10614317,-.031960391
.10620133,-.03196945
.10622046,-.031972434
.10627521,-.031980958
.10631336,-.0319869
.10635204,-.031992923
.10645667,-.032009207
.10655436,-.03202441
.10663313,-.032036655
.1067501,-.032054834
.10686868,-.032073256
.10696426,-.032088108
.10704003,-.032099873
.10718269,-.032122023
.10725392,-.032133084
.10732549,-.032144193
.10747046,-.032166697
.10754333,-.032178011
.10756933,-.032182038
.10759702,-.032186318
.10767543,-.032198444
.10769439,-.032201376
.10773427,-.032207541
.10778984,-.032216124
.10787757,-.032229673
.10791753,-.032235835
.10799329,-.03224751
.10806866,-.032259114
.10814068,-.032270204
.10822514,-.032283202
.10825621,-.032287985
.10828486,-.032292377
.10831681,-.032297276
.10834626,-.032301791
.10840687,-.032311086
.10842265,-.032313503
.10845074,-.03231781
.10847199,-.032321069
.1086122,-.032342546
.10864144,-.032347023
.10866999,-.032351393
.10869834,-.032355737
.108728,-.032360274
.10875699,-.032364715
.10890844,-.032387875
.10905191,-.032409798
.10917053,-.032427926
.10924789,-.032439742
.10926995,-.03244311
.1093465,-.032454778
.10939742,-.03246253
.10951712,-.032480665
.10960152,-.03249345
.10967637,-.032504778
.10974671,-.032515433
.10975114,-.0325161
.10982124,-.032526713
.10989816,-.032538358
.10996988,-.032549214
.10999013,-.032552276
.11001018,-.032555312
.11003132,-.032558508
.11005184,-.032561611
.11019251,-.03258289
.11021302,-.03258599
.11029333,-.032598134
.11035372,-.032607235
.11049388,-.032628346
.11050466,-.032629967
.11058573,-.032642182
.11066964,-.032654807
.11075141,-.032667112
.11084358,-.03268097
.1109224,-.032692824
.11100081,-.03270461
.11107937,-.032716423
.11113847,-.032725308
.11121072,-.032736152
.11128648,-.032747526
.11137931,-.032761447
.1114381,-.03277025
.111498,-.032779209
.11155205,-.032787286
.11156245,-.032788839
.11162471,-.032798149
.11165971,-.032803375
.11171454,-.032811567
.11175494,-.032817587
.11181394,-.032826375
.11187598,-.032835618
.11190042,-.032839254
.11195977,-.032848079
.11201856,-.032856811
.11204002,-.03286
.1120671,-.032864012
.11209098,-.032867555
.11212565,-.032872692
.11216019,-.032877814
.11222598,-.032887563
.11226214,-.03289292
.1122963,-.032897983
.11239142,-.032912061
.11248714,-.03292622
.11250214,-.032928441
.11261776,-.032945525
.11268227,-.032955054
.11274581,-.032964434
.11280571,-.032973256
.11288837,-.032985426
.11289923,-.032987021
.11292617,-.032990973
.11298876,-.033000149
.11304751,-.033008751
.11307056,-.033012126
.11312992,-.033020813
.11317169,-.033026922
.11323231,-.033035789
.11325619,-.033039283
.11328062,-.033042852
.11330448,-.033046342
.11332733,-.033049684
.11342271,-.033063628
.1134388,-.033065978
.11344971,-.033067569
.11346109,-.033069231
.11352288,-.033078242
.11364203,-.033095606
.11367233,-.03310002
.11371632,-.033106424
.11375229,-.033111662
.11379612,-.033118043
.11381178,-.033120319
.11382745,-.033122603
.11384287,-.033124849
.11385842,-.033127114
.11388411,-.033130847
.11390902,-.033134472
.11393508,-.033138264
.11396056,-.033141967
.11398565,-.033145618
.11400808,-.033148877
.11410526,-.033162985
.11412062,-.033165216
.11421134,-.033178359
.11430464,-.033191875
.11439527,-.033205006
.11448498,-.033218008
.11459396,-.033233747
.11463551,-.033239748
.11468361,-.033246689
.11472878,-.033253208
.11474423,-.033255436
.11475919,-.033257592
.11482634,-.033267263
.1148398,-.0332692
.11488111,-.033275135
.11492302,-.033281155
.11493383,-.033282708
.11502028,-.03329511
.11504336,-.033298418
.1151433,-.033312738
.11518566,-.033318799
.11523906,-.03332644
.11526246,-.033329785
.11530983,-.033336561
.11537767,-.033346243
.11544555,-.033355936
.11551693,-.033366125
.11558676,-.033376094
.11561441,-.033380035
.11564931,-.033385005
.11574113,-.033398077
.11580157,-.033406667
.11586091,-.033415098
.11588383,-.033418342
.11597557,-.033431333
.11604218,-.03344075
.11611933,-.033451658
.11619407,-.033462219
.11628878,-.033475608
.11636028,-.033485703
.11643171,-.033495791
.116473,-.033501618
.11659038,-.033518177
.11663201,-.033524051
.11664512,-.033525892
.11668164,-.033531029
.11675185,-.03354089
.11678708,-.033545837
.11679839,-.033547424
.1168097,-.033549011
.11684175,-.033553503
.11687054,-.033557538
.11689751,-.033561315
.11692466,-.033565119
.11694416,-.03356785
.11700059,-.033575747
.1170141,-.03357764
.11703373,-.033580385
.11704717,-.033582266
.11707194,-.033585727
.11708777,-.03358794
.11714172,-.033595476
.11716034,-.033598073
.1171978,-.033603296
.11731347,-.033619404
.11744871,-.03363822
.11753343,-.033650011
.1176195,-.033661988
.11770552,-.033673957
.11773819,-.033678494
.11776589,-.033682339
.11777885,-.033684138
.11780393,-.033687618
.11782385,-.033690386
.11784375,-.033693146
.11786416,-.033695977
.11792504,-.033704408
.11795349,-.033708341
.11800683,-.03371571
.11810962,-.033729911
.11813617,-.033733573
.1181728,-.033738632
.11825965,-.033750605
.11832491,-.033759601
.1183853,-.033767927
.11844033,-.033775516
.11853977,-.03378921
.11856688,-.033792932
.11866437,-.033806324
.1186901,-.033809856
.11871544,-.033813335
.11873696,-.033816285
.11879148,-.033823755
.11887635,-.033835359
.11891358,-.033840448
.11896881,-.033847991
.11902831,-.033856116
.11908501,-.033863861
.11916183,-.033874352
.11918776,-.033877891
.11922412,-.033882849
.11925066,-.033886462
.11928951,-.033891745
.11929365,-.033892311
.11930615,-.033894006
.11932832,-.033897016
.11942013,-.033909462
.11943149,-.033911001
.1195545,-.033927653
.11956818,-.033929504
.11957992,-.033931091
.11959415,-.033933014
.11960765,-.033934839
.11962124,-.033936679
.11963476,-.033938505
.11964793,-.033940282
.11966208,-.033942193
.11972412,-.033950552
.11984005,-.033966176
.11986478,-.033969507
.11988951,-.033972837
.11991422,-.033976164
.1199392,-.033979528
.11996382,-.033982839
.11997636,-.033984527
.12010519,-.034001838
.12016749,-.034010187
.12020387,-.034015052
.12023426,-.034019116
.1202925,-.034026887
.12039629,-.034040716
.120409,-.034042407
.12042396,-.034044396
.12044902,-.034047727
.12047266,-.034050867
.12051288,-.034056209
.12053667,-.034059364
.12056058,-.034062538
.12062658,-.034071296
.12065078,-.034074511
.12075232,-.034087971
.12078242,-.034091953
.12081306,-.034096006
.12087216,-.034103822
.12101271,-.034122396
.12107545,-.034130681
.12109178,-.034132838
.12110543,-.034134634
.1211189,-.034136411
.12118268,-.034144808
.12130792,-.034161299
.12137405,-.034170009
.12144532,-.034179393
.12150846,-.034187701
.12154641,-.034192685
.12158497,-.034197755
.12169302,-.034211956
.12180272,-.034226365
.12181317,-.03422774
.12191416,-.034240998
.12193049,-.034243144
.12194337,-.034244832
.12200522,-.034252919
.1221184,-.034267716
.1222351,-.034282964
.12229918,-.034291308
.12233683,-.034296211
.12240814,-.034305487
.12252345,-.034320492
.1225623,-.034325551
.12266951,-.034339499
.12277255,-.034352906
.12287708,-.034366507
.12295949,-.034377217
.12304528,-.034388363
.12312876,-.0343992
.12317045,-.034404606
.12322149,-.034411214
.12329136,-.034420244
.12331486,-.034423281
.12340909,-.034435444
.12355503,-.034454275
.12357815,-.034457255
.12360183,-.034460306
.12364131,-.034465391
.12374409,-.034478635
.12382868,-.03448952
.12391049,-.034500044
.12393454,-.034503132
.12395749,-.034506068
.12405866,-.034519028
.1240674,-.034520146
.12413063,-.034528233
.12428667,-.034548178
.12430341,-.034550313
.12434737,-.034555923
.12438995,-.034561351
.12443328,-.034566879
.12444906,-.034568891
.12456398,-.03458355
.1246075,-.034589101
.12465017,-.034594543
.12475695,-.034608167
.12486228,-.034621585
.12488602,-.034624603
.12490959,-.034627594
.12492712,-.034629822
.1250699,-.034647942
.12508671,-.034650069
.12524293,-.034669835
.12527235,-.034673553
.12530245,-.034677356
.12533221,-.034681115
.12537676,-.034686744
.12545399,-.034696486
.12560537,-.034715574
.1256263,-.034718212
.12564698,-.034720816
.12566799,-.034723464
.12568922,-.034726143
.12571114,-.034728907
.12582017,-.034742646
.12591867,-.034755029
.12593564,-.03475716
.12601078,-.034766588
.12603793,-.034769993
.12606534,-.034773428
.12608188,-.034775503
.12611143,-.034779206
.12614256,-.034783103
.12624934,-.034796447
.12632328,-.034805685
.12636924,-.03481143
.12641382,-.034817003
.12645951,-.034822714
.12650447,-.034828331
.12657046,-.034836579
.12664707,-.034846142
.12671624,-.034854777
.1268401,-.034870211
.12694609,-.034883399
.12702508,-.034893218
.12716781,-.034910966
.12729295,-.034926493
.12739629,-.0349393
.12744853,-.034945764
.12751774,-.034954324
.12760414,-.034964986
.12769715,-.034976445
.1277747,-.034985963
.12784825,-.034994993
.12792303,-.035004176
.12799706,-.035013266
.12814339,-.035031214
.12817433,-.035035007
.12820366,-.035038602
.12830472,-.035050988
.12832022,-.035052892
.12843242,-.03506653
.12845209,-.035068922
.12853175,-.035078604
.12860346,-.035087273
.12875468,-.035105556
.12883124,-.03511481
.1289766,-.035132356
.12904511,-.035140585
.1291115,-.035148557
.12916048,-.035154436
.12921032,-.035160415
.12926045,-.035166424
.12930909,-.035172258
.12935778,-.035178099
.12943578,-.035187438
.12945588,-.035189837
.12947629,-.035192274
.12949306,-.035194267
.12956482,-.035202794
.12959336,-.03520618
.12966564,-.035214771
.12973231,-.035222691
.12980519,-.035231348
.12990059,-.035242677
.12993009,-.035246186
.12996008,-.03524974
.12998992,-.035253283
.13001387,-.035256125
.13003178,-.035258248
.13006622,-.035262331
.13008943,-.035265069
.13010959,-.035267454
.13012959,-.035269812
.1301505,-.035272282
.13017088,-.035274684
.13028578,-.035288174
.13037227,-.035298318
.13047825,-.035310742
.13059495,-.035324384
.13067716,-.03533398
.13068418,-.035334799
.13080803,-.035349254
.13088337,-.035358049
.13096417,-.035367452
.13108476,-.035381477
.13112304,-.035385933
.13116118,-.035390366
.13120008,-.035394888
.13129124,-.035405479
.13133015,-.035409991
.13135371,-.035412721
.13142808,-.035421334
.13153265,-.035433434
.13156296,-.035436939
.13166894,-.035449192
.13180064,-.03546441
.13181795,-.03546641
.13183516,-.035468396
.13185246,-.035470393
.13186935,-.035472337
.13188648,-.035474312
.13195345,-.035482015
.1320212,-.035489816
.1321837,-.035508487
.1323425,-.035526738
.13250339,-.035545222
.13266729,-.035564054
.13276103,-.035574812
.1328547,-.035585567
.13294786,-.035596263
.13301817,-.035604328
.13308445,-.035611928
.13312277,-.035616323
.13314633,-.035619024
.13316944,-.035621669
.13319264,-.035624333
.13321584,-.035626985
.1333196,-.035638802
.13339297,-.03564715
.13347498,-.035656467
.13364011,-.035675235
.13365157,-.035676535
.13374548,-.035687193
.13383926,-.03569784
.13394399,-.035709728
.1340224,-.035718627
.13406906,-.035723921
.13409379,-.035726726
.13416703,-.035735033
.13424163,-.035743486
.13426571,-.035746209
.13427721,-.035747509
.13443302,-.035765108
.13449964,-.035772603
.13464223,-.035788596
.13475499,-.035801239
.13486886,-.035814002
.13489361,-.035816774
.13500696,-.035829481
.13512392,-.03584259
.13522345,-.035853747
.13533577,-.035866339
.13545112,-.035879269
.13553815,-.035889011
.13569309,-.035906307
.13570105,-.035907198
.13576651,-.035914492
.13584223,-.035922918
.13592191,-.035931788
.1360001,-.035940483
.13607645,-.035948981
.13615188,-.035957374
.13626313,-.03596973
.13634163,-.035978451
.13636322,-.035980847
.13643122,-.035988398
.13644876,-.035990339
.13651825,-.035998035
.13656558,-.036003273
.1366805,-.036015961
.13670997,-.036019213
.13686225,-.036036018
.13694571,-.036045223
.13702306,-.036053754
.13712758,-.036065239
.13723359,-.036076888
.1373423,-.036088835
.13744655,-.036100294
.13746947,-.036102809
.1375791,-.036114845
.13760245,-.036117401
.1376698,-.036124773
.13769346,-.036127362
.13771708,-.036129944
.13773647,-.036132064
.13779522,-.036138475
.13782352,-.036141559
.13792408,-.036152508
.13793123,-.036153287
.13793789,-.036154009
.13794716,-.036155019
.13795508,-.036155883
.13802145,-.036163099
.1380825,-.036169738
.13811283,-.036173031
.13814704,-.036176749
.13818319,-.036180675
.13829967,-.036193326
.13836561,-.036200479
.13837546,-.036201544
.1384483,-.036209427
.13847195,-.036211982
.13849548,-.036214527
.13856249,-.036221772
.13863231,-.036229301
.13869739,-.036236309
.13880171,-.036247544
.13880959,-.036248393
.13889234,-.036257271
.1389388,-.036262251
.13898489,-.036267195
.13907473,-.036276825
.13916512,-.036286514
.13922994,-.036293462
.13931835,-.036302939
.13936503,-.036307935
.13943185,-.03631508
.13953201,-.036325794
.13960518,-.036333613
.13965116,-.036338523
.13973163,-.036347106
.13981469,-.036355957
.13989434,-.036364436
.13998878,-.036374487
.14008318,-.036384534
.14018033,-.036394872
.14027953,-.036405433
.14037307,-.036415383
.1404693,-.036425617
.14049795,-.036428656
.14067434,-.036447383
.14076835,-.036457337
.14080672,-.036461394
.14089289,-.036470499
.14106882,-.036489084
.14115147,-.036497824
.14129165,-.036512587
.14138956,-.036522895
.14143629,-.036527805
.14145245,-.0365295
.141524,-.036537003
.14159904,-.036544871
.14163403,-.036548533
.14173675,-.036559269
.14175232,-.036560893
.14182554,-.036568534
.14189355,-.036575627
.14197297,-.036583904
.14199103,-.036585778
.14200482,-.036587209
.14201836,-.036588617
.14208791,-.036595829
.1421044,-.036597539
.14212087,-.036599245
.14213711,-.036600929
.14217193,-.036604535
.14229159,-.036616888
.14230323,-.036618087
.14239503,-.036627553
.1424486,-.036633074
.14246128,-.036634386
.14250971,-.036639351
.14259019,-.036647607
.14260334,-.036648951
.1426917,-.036658015
.14279769,-.036668885
.14281391,-.036670547
.14291392,-.036680773
.1429818,-.036687709
.14306171,-.036695868
.14316073,-.036705956
.1432264,-.036712646
.14333078,-.036723275
.1433444,-.036724664
.14338784,-.036729086
.14340119,-.036730442
.14344528,-.036734931
.14348996,-.03673948
.14353643,-.036744207
.14354867,-.036745455
.14356099,-.036746711
.14360571,-.036751255
.14365695,-.036756475
.14369002,-.036759838
.14377302,-.036768265
.14379711,-.036770713
.1438168,-.036772706
.14383122,-.03677417
.14384541,-.036775604
.14399414,-.036790647
.14402853,-.036794126
.14418419,-.036809865
.14428438,-.036819998
.14437364,-.036829017
.14445423,-.036837135
.14450458,-.036842197
.1445557,-.036847331
.14460599,-.036852386
.14463918,-.036855716
.14466126,-.036857933
.14471973,-.036863785
.14479803,-.03687162
.14487575,-.036879402
.144943,-.036886126
.14497136,-.036888964
.14508899,-.036900721
.14520526,-.036912348
.14526972,-.036918793
.14536919,-.036928736
.14548419,-.036940236
.14563845,-.03695564
.1457891,-.036970682
.14593165,-.036984917
.14598197,-.036989935
.14601642,-.036993366
.14610818,-.037002489
.14619982,-.037011605
.14630325,-.037021887
.14640523,-.037032019
.14647976,-.037039407
.14650904,-.037042305
.14659543,-.037050854
.14662458,-.037053738
.14665373,-.037056621
.14668329,-.037059549
.14671269,-.037062459
.14672433,-.037063606
.14677043,-.037068162
.1468921,-.037080172
.14698827,-.03708965
.14706171,-.037096884
.14724377,-.037114803
.14725935,-.037116334
.14728153,-.037118509
.14733933,-.037124179
.14741273,-.037131377
.14751273,-.037141178
.14761136,-.037150852
.14763412,-.03715308
.14772721,-.037162181
.14779048,-.037168372
.14789322,-.037178412
.1479529,-.037184242
.14803132,-.037191886
.14810999,-.037199553
.1481829,-.037206657
.14829841,-.037217911
.14840299,-.037228096
.14851779,-.037239276
.14862378,-.037249599
.14871544,-.037258521
.14880939,-.037267663
.14890696,-.037277151
.14900023,-.037286226
.14909789,-.037295714
.14911984,-.037297841
.14921547,-.037307121
.1493111,-.037316397
.14940424,-.037325423
.14942648,-.037327576
.1495259,-.03733721
.14961821,-.037346151
.14967637,-.03735178
.14970246,-.037354302
.14974871,-.037358772
.1497936,-.037363108
.14983788,-.037367389
.14988175,-.037371628
.14992659,-.037375964
.14994587,-.037377823
.15002622,-.037385564
.1501044,-.037393086
.15018263,-.037400614
.15028369,-.037410341
.15037905,-.037419498
.15040955,-.037422422
.15050401,-.037431452
.1505836,-.037439045
.15068604,-.037448779
.15080264,-.037459832
.15082186,-.037461653
.15099779,-.037478305
.1510022,-.037478719
.15107225,-.037485309
.15114367,-.037492026
.15121627,-.037498843
.15128782,-.037505563
.15135929,-.037512276
.15143076,-.037518989
.15150179,-.037525661
.15159783,-.037534669
.15170228,-.037544455
.15171804,-.037545931
.15173315,-.037547342
.15174799,-.037548728
.15176295,-.037550129
.15186997,-.03756012
.15188988,-.037561979
.15195236,-.037567802
.15201139,-.037573293
.15201586,-.03757371
.1520206,-.03757415
.1520254,-.037574597
.15202978,-.037575006
.15221103,-.037591837
.15223406,-.037593972
.15228181,-.037598379
.15229683,-.037599765
.15237784,-.037607227
.1524626,-.037615035
.15248133,-.03761676
.15257223,-.037625108
.15266776,-.037633888
.15273252,-.037639808
.15281527,-.037647378
.15283935,-.037649576
.15286259,-.037651695
.15292871,-.03765773
.15294598,-.037659306
.15296242,-.037660804
.15302277,-.037666306
.15312874,-.037675947
.15317664,-.037680298
.15319546,-.037682008
.15321492,-.03768377
.15324034,-.037686072
.15330125,-.037691575
.15335789,-.037696682
.15341578,-.037701905
.1534719,-.037706967
.15351427,-.037710786
.15369746,-.037727311
.15375546,-.037732542
.15381168,-.037737612
.1538534,-.037741374
.15389587,-.037745204
.15392266,-.037747622
.15394987,-.037750073
.15398669,-.037753392
.15402454,-.037756797
.1540599,-.037759982
.15409526,-.037763167
.15411189,-.037764661
.15412851,-.037766159
.15415314,-.037768371
.15417013,-.037769899
.15418313,-.037771072
.1541954,-.037772171
.15424508,-.03777663
.15427835,-.037779614
.1542906,-.037780713
.15429485,-.037781093
.15437353,-.03778813
.15444976,-.03779494
.15452442,-.037801605
.15460028,-.03780837
.15474103,-.03782092
.15481615,-.037827611
.15482305,-.037828222
.1548859,-.037833814
.15494902,-.037839424
.15499072,-.037843131
.15501641,-.037845414
.15504347,-.037847821
.15509176,-.037852112
.15510243,-.037853062
.15512775,-.037855312
.15515427,-.03785767
.15518077,-.037860028
.15523119,-.03786451
.1552729,-.037868217
.15529984,-.037870612
.15532729,-.037873048
.15537541,-.037877325
.15541139,-.037880518
.15543874,-.037882946
.15546389,-.037885178
.15551886,-.037890051
.15557453,-.037894987
.15563025,-.037899923
.15568565,-.037904833
.15574142,-.037909776
.155846,-.037919033
.15598823,-.037931584
.15612708,-.037943803
.15621723,-.037951738
.15624341,-.03795404
.1563317,-.037961777
.15638328,-.037966296
.15640481,-.037968181
.15643743,-.037971027
.1565875,-.037984114
.15673667,-.03799713
.1568857,-.038010124
.15703839,-.038023449
.15719196,-.038036838
.15730928,-.038047042
.15735973,-.038051434
.15746784,-.038060825
.15760559,-.038072787
.15775274,-.038085565
.15777567,-.038087551
.1578299,-.038092233
.15787929,-.038096499
.15792838,-.038100738
.15795042,-.038102638
.15797217,-.038104516
.15799449,-.038106438
.15801616,-.038108308
.15803783,-.038110174
.15805942,-.038112033
.15806633,-.038112625
.15809976,-.038115505
.15812168,-.03811739
.15813327,-.038118385
.1581842,-.038122755
.1582991,-.038132615
.15841196,-.038142286
.15841949,-.038142931
.15843982,-.03814467
.15847175,-.038147409
.15849194,-.038149137
.15851429,-.038151044
.15857428,-.03815617
.15869917,-.038166836
.15872803,-.038169298
.15878092,-.03817381
.15883374,-.038178317
.15885612,-.038180221
.15886496,-.03818097
.15893602,-.038187005
.1591181,-.038202453
.15918809,-.038208388
.15925927,-.03821443
.15927121,-.038215436
.15934202,-.038221437
.1594134,-.038227487
.15943365,-.038229205
.15954475,-.038238607
.15959261,-.03824266
.15961273,-.038244363
.15964486,-.038247079
.15975696,-.038256556
.15978956,-.038259309
.15990658,-.038269181
.16001435,-.038278278
.16014658,-.038289402
.16016683,-.038291104
.1602197,-.038295545
.1603536,-.038306795
.16049322,-.038318522
.1605919,-.038326811
.16066656,-.038333084
.16084975,-.038348462
.16090244,-.038352881
.16097543,-.038358998
.16107386,-.038367238
.16118473,-.038376525
.16119567,-.038377441
.16124916,-.038381916
.16130237,-.038386371
.1614197,-.03839618
.16145246,-.038398921
.16151047,-.038403768
.16157857,-.038409453
.16164158,-.038414709
.16173913,-.038422842
.16185905,-.038432837
.16189189,-.038435575
.16201566,-.038445875
.16213435,-.038455751
.16225237,-.038465574
.16236986,-.038475353
.16240402,-.038478199
.16258039,-.03849287
.16261357,-.038495626
.16263112,-.038497083
.16274419,-.038506467
.16276872,-.038508497
.16290577,-.038519852
.16293851,-.038522564
.16298206,-.03852617
.16311347,-.038537037
.16316718,-.038541485
.16320023,-.038544215
.1633409,-.038555842
.16334528,-.038556203
.16342036,-.038562398
.16347441,-.038566858
.16354771,-.038572907
.16361891,-.038578779
.16369613,-.038585145
.16370849,-.038586166
.16378359,-.038592353
.16385739,-.038598433
.16393261,-.038604625
.16397503,-.038608115
.16403995,-.038613446
.16410317,-.038618635
.16412945,-.038620796
.16426596,-.038631991
.16431227,-.038635783
.16441944,-.038644541
.16452919,-.038653504
.16463493,-.038662121
.16468054,-.038665839
.16475573,-.038671944
.16478018,-.038673934
.16482244,-.038677365
.16492762,-.038685899
.16501158,-.038692717
.16508129,-.038698375
.16514695,-.038703706
.16521801,-.038709469
.1652935,-.038715597
.16536854,-.038721684
.16542903,-.038726587
.16556892,-.038737912
.16567512,-.038746506
.16574425,-.038752094
.16576947,-.038754132
.16579375,-.038756091
.16583493,-.03875941
.16585863,-.038761314
.16587615,-.038762726
.16589464,-.038764209
.16597249,-.038770448
.16602632,-.038774759
.16610451,-.038781028
.16618834,-.038787745
.16626868,-.038794186
.166301,-.038796771
.16633445,-.038799446
.16641174,-.03880563
.16645695,-.038809244
.16648936,-.038811833
.16650836,-.038813345
.16652785,-.038814902
.16654687,-.038816418
.1665656,-.038817916
.16658422,-.038819402
.16660675,-.038821194
.16666491,-.038825832
.16672391,-.038830537
.16673732,-.038831607
.1667973,-.038836382
.16683973,-.038839757
.16689695,-.038844295
.16701365,-.03885356
.16703913,-.038855579
.1671242,-.038862318
.1672352,-.038871083
.16725977,-.038873028
.1672775,-.038874421
.16736162,-.038881034
.16744868,-.038887877
.1675103,-.03889272
.16752003,-.038893484
.16755217,-.038896013
.167569,-.038897332
.16765288,-.038903914
.16771477,-.038908768
.16778535,-.038914289
.16783354,-.038918059
.1678597,-.038920105
.16796078,-.038927995
.16799873,-.038930956
.16803269,-.038933594
.16817017,-.038944267
.16821149,-.038947463
.16825601,-.038950909
.16833925,-.038957343
.16843084,-.038964421
.16851313,-.038970783
.16856286,-.038974628
.16857184,-.038975321
.1686697,-.038982857
.16871525,-.038986363
.16877073,-.038990617
.16879596,-.038992546
.16886419,-.038997754
.16889347,-.03899999
.16895398,-.039004587
.16898206,-.039006721
.16900778,-.03900867
.16903393,-.039010659
.16905536,-.039012279
.16906698,-.039013159
.16910444,-.039015982
.16914213,-.039018832
.16917959,-.039021656
.16921782,-.039024539
.16931704,-.039032005
.16933453,-.039033324
.16943391,-.039040789
.16961513,-.039054368
.16964093,-.039056294
.16966867,-.039058361
.16973183,-.039063066
.16975611,-.039064873
.16986375,-.039072879
.1699781,-.03908138
.17009036,-.039089721
.17019866,-.039097771
.17024782,-.039101422
.1703575,-.039109573
.17046049,-.039117206
.17053351,-.039122619
.17055796,-.039124426
.17060177,-.039127663
.17065746,-.039131775
.17068347,-.03913369
.17078157,-.039140899
.17087677,-.039147891
.17098121,-.039155558
.17104211,-.039160017
.17117879,-.039169975
.17126721,-.039176412
.17133839,-.039181575
.17145331,-.039189905
.17159413,-.039200112
.17173277,-.039210159
.17187165,-.039220225
.17196089,-.039226674
.17206375,-.039234098
.1721593,-.039240994
.17222258,-.039245557
.17236756,-.039256018
.17245999,-.039262686
.17254758,-.039269008
.17261396,-.039273798
.1726857,-.039278969
.17275578,-.039284024
.17277989,-.03928576
.17285578,-.039291225
.17292655,-.039296318
.17299904,-.039301533
.17306827,-.039306507
.17310131,-.03930888
.17313497,-.039311294
.17316799,-.039313663
.17320031,-.039315976
.17323513,-.039318476
.17325969,-.03932023
.17327204,-.039321113
.17331249,-.039323993
.17342842,-.039332245
.17357054,-.039342362
.17371131,-.039352383
.17384817,-.039362103
.17393623,-.039368335
.1739479,-.039369158
.1739637,-.039370269
.17397948,-.039371375
.17399536,-.039372493
.1740111,-.039373599
.17402677,-.039374698
.17409107,-.039379202
.17415394,-.039383605
.17421916,-.039388172
.17428418,-.039392725
.17429797,-.039393689
.17431186,-.039394662
.17432579,-.039395638
.17433983,-.039396621
.17435369,-.03939759
.17441598,-.039401941
.17444183,-.03940374
.17455406,-.039411519
.17466091,-.039418928
.17475717,-.039425597
.17485331,-.03943225
.17496011,-.039439641
.17498204,-.039441157
.17507762,-.039447762
.17517377,-.039454408
.17526968,-.039461035
.17530364,-.039463378
.17536503,-.039467614
.17546672,-.039474621
.17550008,-.039476924
.1755183,-.039478179
.17561905,-.039485108
.17565966,-.039487891
.17582254,-.039499044
.17583881,-.039500151
.17585497,-.03950125
.17587121,-.039502352
.17588724,-.039503444
.17590325,-.039504535
.17593056,-.039506387
.17601928,-.039512411
.1760764,-.039516289
.17613204,-.039520066
.17619286,-.039524198
.17635016,-.03953483
.17648293,-.039543793
.17660694,-.039552163
.17672919,-.039560415
.17685814,-.039569125
.17698707,-.039577827
.17704944,-.039582036
.17715408,-.039589074
.17720965,-.039592806
.17722486,-.039593827
.177239,-.039594773
.17725645,-.039595935
.17727512,-.039597183
.17729263,-.039598353
.17739947,-.039605469
.17745493,-.039609164
.17751485,-.039613158
.17762066,-.039620206
.17767128,-.039623566
.17770591,-.039625861
.17780764,-.039632611
.17796965,-.039643358
.17813107,-.039653994
.17815396,-.039655503
.17819574,-.039658248
.17824164,-.039661266
.17828649,-.039664213
.17833169,-.039667185
.17837656,-.039670132
.17842282,-.039673172
.17846294,-.039675806
.17848037,-.039676946
.17849855,-.039678138
.17865592,-.039688397
.17866334,-.039688881
.17868099,-.039690025
.17872117,-.039692633
.17874339,-.039694071
.17881866,-.039698929
.17886926,-.039702188
.17892078,-.0397055
.17897302,-.039708864
.17902406,-.039712146
.17903551,-.039712884
.17910625,-.039717432
.17917402,-.039721753
.17927057,-.039727904
.17934598,-.039732702
.17941828,-.039737292
.17948917,-.039741792
.17956059,-.039746329
.17963199,-.039750855
.17968948,-.039754495
.17972106,-.039756496
.17977807,-.039760102
.17983729,-.039763842
.17984849,-.03976455
.17992316,-.039769262
.17995681,-.039771382
.18002686,-.039775804
.18007705,-.039778966
.18014182,-.039783046
.18015744,-.039784033
.18021119,-.039787415
.18022996,-.039788593
.18024908,-.039789792
.1803042,-.039793238
.18032299,-.039794415
.18039212,-.039798733
.18046312,-.03980317
.1805163,-.039806496
.1805913,-.039811175
.18066756,-.039815936
.18079706,-.039823994
.18085361,-.039827496
.18091096,-.03983105
.18098617,-.039835699
.1810016,-.039836656
.18104194,-.039839141
.18108277,-.039841659
.18112329,-.039844159
.18116473,-.039846707
.18120553,-.039849229
.18123849,-.039851256
.18131793,-.039856136
.18133701,-.039857309
.18140592,-.039861545
.18142472,-.039862692
.18149821,-.039867189
.18157083,-.039871629
.18164423,-.039876115
.18171269,-.039880294
.1818113,-.039886322
.18182902,-.039887398
.18190111,-.039891802
.18195692,-.039895184
.18203096,-.039899677
.18207853,-.039902557
.18212268,-.039905231
.18213925,-.039906237
.18218753,-.039909158
.18225296,-.039913118
.18232489,-.039917473
.18234131,-.03991846
.18242392,-.039923429
.18244025,-.039924413
.18244667,-.039924797
.18247958,-.039926771
.18256539,-.039931912
.18258294,-.039932963
.1826715,-.039938271
.18272233,-.039941315
.18289824,-.039951809
.18296705,-.039955903
.18298335,-.039956875
.18305261,-.039960988
.18312666,-.039965384
.18320175,-.039969843
.18323933,-.039972071
.18331742,-.039976697
.18336143,-.039979309
.1834183,-.039982677
.18349472,-.03998721
.18354005,-.039989896
.18364996,-.039996397
.18370989,-.03999994
.18372425,-.040000785
.18378666,-.040004477
.18384953,-.040008191
.1839132,-.040011957
.18398139,-.040015981
.18400666,-.040017471
.18403146,-.040018931
.18406428,-.040020857
.18408205,-.040021896
.18415347,-.040026061
.18416974,-.040027007
.18417597,-.040027369
.18420878,-.04002928
.18426582,-.040032595
.18428853,-.040033918
.18436123,-.040038142
.18437779,-.040039103
.18439437,-.040040068
.18441004,-.040040974
.18442149,-.040041637
.18448602,-.040045366
.18451118,-.040046819
.18456967,-.04005019
.18464766,-.040054679
.18470758,-.040058132
.18478623,-.040062658
.18479763,-.040063318
.18487608,-.040067825
.18497232,-.040073343
.18497945,-.040073752
.18498658,-.040074158
.18499425,-.040074598
.18500203,-.040075041
.18509752,-.040080518
.18512158,-.040081896
.18520169,-.040086474
.1853049,-.040092383
.18536922,-.040096052
.18546501,-.040101517
.18554384,-.040106013
.18563873,-.040111415
.18565546,-.040112372
.18575996,-.040118318
.18587287,-.04012474
.18592633,-.04012778
.18597846,-.040130742
.18603452,-.040133927
.18614282,-.040140081
.18616576,-.040141381
.18619128,-.040142823
.18626629,-.040147051
.18633382,-.040150855
.18635185,-.040151872
.18642299,-.040155873
.18647769,-.040158946
.18649559,-.040159952
.1865139,-.04016098
.18660559,-.040166121
.18661284,-.040166527
.18666506,-.040169444
.18672089,-.040172562
.18679923,-.040176921
.18685271,-.040179893
.18690468,-.040182784
.18691929,-.040183589
.18694414,-.04018496
.18696174,-.040185928
.18707523,-.040192157
.18709268,-.040193114
.1871665,-.04019716
.18725662,-.040202092
.18736321,-.040207915
.18745723,-.040213037
.1874706,-.040213764
.18760082,-.040220845
.18768883,-.04022561
.18777649,-.040230352
.18787275,-.04023556
.1879632,-.040240455
.18805799,-.040245585
.1881551,-.040250838
.18817808,-.040252078
.18827468,-.040257286
.1882811,-.040257636
.18835969,-.040261861
.18847369,-.040267952
.18853705,-.040271331
.18860075,-.040274728
.18866485,-.040278144
.18872891,-.04028156
.18879263,-.040284961
.18890736,-.040290989
.18898591,-.040295102
.18906452,-.040299222
.18914326,-.040303346
.18922135,-.040307432
.18929988,-.040311545
.189317,-.040312439
.18943119,-.040318411
.18952054,-.040323075
.18962006,-.040328268
.18969242,-.040332038
.18976484,-.040335812
.18983716,-.040339582
.18990912,-.040343337
.18993181,-.040344518
.18999149,-.040347625
.19001405,-.040348798
.19003625,-.040349953
.19005837,-.040351104
.19015473,-.040356118
.19022612,-.040359829
.19033998,-.040365741
.19044366,-.040371083
.19054306,-.040376205
.1906099,-.040379651
.19070069,-.04038433
.19080473,-.040389676
.19089374,-.040394243
.19098267,-.040398803
.19109942,-.040404789
.19118845,-.040409345
.19127744,-.040413897
.1913664,-.040418446
.19144523,-.040422477
.19150151,-.040425356
.19155094,-.040427882
.19160986,-.040430881
.19166799,-.040433835
.19172697,-.040436842
.19178586,-.040439837
.19188611,-.040444925
.19189245,-.04044525
.19191447,-.040446363
.19201478,-.04045143
.19211935,-.040456712
.19223605,-.040462606
.19235095,-.04046841
.19245695,-.040473759
.19253346,-.040477611
.19256134,-.040479012
.19258815,-.040480357
.19261497,-.040481709
.19264147,-.040483035
.19267759,-.040484849
.19285965,-.040493984
.19300129,-.040501084
.19301604,-.040501822
.19312984,-.040507525
.19315636,-.040508848
.19321893,-.040511973
.19333516,-.040517785
.19345057,-.040523551
.19356859,-.040529449
.19361201,-.040531613
.19363844,-.040532928
.19366525,-.040534265
.19371445,-.04053672
.19382763,-.040542357
.19383898,-.040542923
.19386145,-.040544041
.1938975,-.040545832
.19395611,-.040548738
.19397882,-.040549863
.19407101,-.040554438
.19409327,-.04055554
.19414608,-.040558152
.19419749,-.040560696
.19424866,-.040563229
.19434495,-.040567983
.19444601,-.040572952
.19454658,-.040577903
.19461474,-.040581249
.1947737,-.040589031
.19477987,-.040589336
.19493699,-.040597029
.19496438,-.040598366
.19503418,-.040601783
.19505657,-.040602878
.1950711,-.040603586
.19513378,-.040606644
.19516003,-.040607918
.19518714,-.040609237
.19522476,-.040611062
.19535285,-.040617272
.19537614,-.040618401
.19539861,-.040619489
.19545481,-.040622197
.19551012,-.040624857
.19552502,-.04062558
.19562083,-.040630184
.19571175,-.04063455
.19577172,-.04063743
.19583437,-.040640432
.19589941,-.040643543
.19595544,-.040646218
.19601092,-.040648859
.19602545,-.040649552
.19608031,-.040652171
.196116,-.04065387
.19619346,-.040657554
.19626659,-.040661033
.1962827,-.040661801
.19636388,-.040665638
.19649179,-.04067168
.1966237,-.040677913
.19675009,-.040683869
.19676869,-.040684745
.19678715,-.040685613
.19680676,-.040686533
.19685569,-.040688835
.19688191,-.040690064
.19697118,-.040694252
.19703376,-.040697183
.19704746,-.040697828
.19706045,-.040698435
.19710708,-.040700622
.19715358,-.040702801
.19720024,-.040704988
.19724703,-.040707178
.19729359,-.040709361
.197308,-.040710032
.19732104,-.040710643
.19739397,-.040714033
.19749537,-.040718749
.19755024,-.040721301
.19766118,-.040726449
.1977168,-.040729031
.19782236,-.040733919
.1978776,-.040736482
.19798623,-.040741511
.19804142,-.040744059
.19806008,-.040744919
.19812858,-.040748078
.19823419,-.040752944
.19831197,-.040756527
.19838001,-.040759653
.19850998,-.040765624
.19864044,-.040771615
.19875613,-.040776912
.19877495,-.040777776
.19879334,-.040778615
.19884719,-.040781077
.19886406,-.040781844
.19897377,-.040786851
.19904923,-.040790278
.19907187,-.040791307
.19912046,-.040793497
.19916932,-.040795699
.199202,-.04079717
.19921632,-.040797818
.19925983,-.040799767
.19928387,-.040800843
.19935037,-.040803812
.19952676,-.040811688
.19963136,-.040816352
.19975522,-.040821861
.19986843,-.040826898
.19998065,-.04083189
.20010124,-.040837254
.20013405,-.040838711
.20028549,-.040845443
.20030716,-.040846407
.20034292,-.040847994
.20040664,-.040850818
.20048325,-.040854201
.20049351,-.040854655
.20050779,-.040855285
.20057163,-.040858086
.2006342,-.040860835
.20064867,-.040861469
.20066313,-.040862102
.20067751,-.040862735
.20069177,-.040863361
.20079853,-.040867995
.20098171,-.040875938
.20116295,-.040883791
.20118378,-.040884692
.20123322,-.040886816
.20132367,-.040890701
.20134465,-.040891595
.20139726,-.040893834
.20149797,-.040898118
.20154046,-.040899921
.20159598,-.040902283
.20166573,-.040905237
.20168793,-.04090618
.20177743,-.040909939
.20183168,-.040912211
.20189431,-.04091483
.20195945,-.04091756
.20199059,-.040918864
.20205283,-.040921468
.20208362,-.040922754
.20217346,-.040926505
.20226176,-.040930185
.20227745,-.040930841
.20231171,-.040932268
.20234288,-.040933561
.20237766,-.040935002
.20241243,-.040936444
.2024335,-.040937319
.20248637,-.040939499
.20251663,-.040940747
.20267259,-.04094718
.20278361,-.04095174
.20288658,-.040955964
.20292351,-.040957481
.20295587,-.040958807
.20303443,-.040962007
.2030922,-.040964354
.20314914,-.040966664
.20320198,-.040968809
.20326361,-.040971309
.2033246,-.040973786
.20337728,-.040975917
.20338739,-.040976327
.20342149,-.040977698
.2035505,-.040982895
.20358473,-.040984269
.20366623,-.040987544
.20376049,-.040991336
.2038452,-.040994737
.20392726,-.040998038
.20400235,-.041001055
.20408475,-.04100436
.20417315,-.041007899
.20422995,-.041010171
.20424849,-.041010913
.20426722,-.041011658
.20428589,-.041012399
.20430437,-.041013133
.20442843,-.04101805
.2044495,-.041018881
.20446643,-.041019551
.2044879,-.041020397
.20452353,-.041021802
.20459601,-.041024651
.20467977,-.041027937
.20476313,-.0410312
.20478532,-.041032068
.2048742,-.041035552
.20495838,-.041038845
.20504138,-.041042093
.20512785,-.041045457
.20514847,-.041046266
.2052238,-.041049194
.20530115,-.041052204
.2053197,-.041052919
.20537253,-.041054964
.20539571,-.041055858
.20544799,-.041057874
.20546962,-.041058704
.20549126,-.041059539
.20551232,-.041060347
.20556572,-.041062389
.20560905,-.041064046
.20563212,-.041064929
.20565033,-.041065626
.20574501,-.041069232
.20576583,-.041070029
.20580947,-.041071691
.20585378,-.041073378
.20589687,-.041075017
.2059688,-.041077748
.2059892,-.041078523
.20600972,-.041079301
.2061393,-.041084189
.2062708,-.04108914
.20629111,-.0410899
.20631362,-.041090749
.20644647,-.041095737
.20645894,-.041096207
.20647125,-.041096669
.20649411,-.041097522
.20650658,-.041097991
.20651902,-.041098457
.20653135,-.041098919
.20660836,-.04110181
.20677145,-.0411079
.2068918,-.041112397
.20701402,-.041116964
.20713462,-.041121468
.207258,-.04112608
.20733532,-.041128971
.20740718,-.041131645
.20742913,-.041132461
.20745097,-.04113327
.20748535,-.041134547
.20752031,-.041135844
.20755403,-.041137096
.20758869,-.041138381
.20762274,-.041139647
.20769687,-.041142397
.20771874,-.041143205
.20777898,-.041145433
.20783812,-.041147619
.20789836,-.041149847
.20795889,-.041152086
.20802124,-.041154392
.20809795,-.041157227
.20815109,-.041159187
.20816965,-.041159865
.20818025,-.041160256
.20819083,-.041160643
.20820133,-.041161031
.20821193,-.041161422
.20822261,-.041161813
.20829338,-.041164409
.20836408,-.041167006
.20843415,-.041169573
.20856316,-.041174285
.20869195,-.041178983
.20882334,-.041183773
.20887901,-.041185807
.20889769,-.041186485
.20903246,-.041191377
.20914778,-.041195568
.2092607,-.041199666
.20927152,-.041200057
.20928985,-.041200723
.20935155,-.041202955
.20941113,-.041205116
.20953339,-.041209523
.20963459,-.041213173
.20973825,-.041216906
.20978211,-.041218482
.2098846,-.041222166
.2099711,-.041225262
.21006115,-.041228488
.21013786,-.041231226
.21017995,-.041232727
.21022315,-.04123427
.21029291,-.041236755
.21033651,-.041238308
.2103599,-.041239139
.21042593,-.041241489
.21049243,-.041243851
.21051168,-.041244533
.21059914,-.041247632
.21071015,-.041251559
.2108219,-.041255511
.21093363,-.041259468
.21108229,-.04126472
.21119469,-.041268684
.2113066,-.041272629
.21141805,-.041276559
.21154004,-.041280843
.21159957,-.041282929
.21165392,-.041284829
.21171534,-.041286975
.2117762,-.041289099
.21183504,-.041291151
.21185781,-.041291941
.21187189,-.041292433
.21197337,-.041295961
.21207388,-.041299455
.21222612,-.041304734
.21237463,-.041309882
.21252544,-.041315109
.21267422,-.041320264
.2128251,-.041325491
.2129119,-.041328486
.2129996,-.041331515
.21308684,-.041334528
.21310903,-.041335296
.21313184,-.041336086
.21315403,-.041336849
.21317655,-.041337624
.21319848,-.04133838
.21327308,-.041340951
.21330257,-.04134196
.2133659,-.041344136
.21343097,-.041346364
.2134949,-.041348554
.213541,-.041350126
.2136167,-.041352712
.2136371,-.041353412
.2136931,-.041355312
.21374962,-.04135723
.21380572,-.041359138
.21393323,-.041363452
.21406053,-.041367769
.21418849,-.041372105
.21431406,-.04137636
.21433687,-.041377135
.21446446,-.041381456
.21458147,-.041385416
.21464865,-.041387688
.21470445,-.041389577
.21476083,-.041391484
.21477127,-.041391838
.21478176,-.041392192
.21483639,-.041394036
.21493651,-.041397415
.21494716,-.041397773
.21495792,-.041398134
.21496853,-.041398492
.21504666,-.041401118
.21515062,-.041404616
.21524875,-.041407902
.21530928,-.041409928
.21537118,-.041412003
.21543281,-.041414071
.21554233,-.041417737
.21560375,-.041419797
.21562091,-.041420367
.21565014,-.041421343
.21567844,-.041422289
.21570885,-.041423302
.21573496,-.04142417
.21574573,-.041424528
.21580131,-.041426368
.21583122,-.041427359
.21586154,-.041428365
.21593234,-.041430704
.21602163,-.041433655
.21604386,-.041434389
.21614558,-.041437741
.21624623,-.041441064
.21635151,-.041444536
.21645103,-.041447818
.21656178,-.041451473
.21659058,-.041452423
.21668923,-.041455638
.2167978,-.041459177
.21690223,-.041462556
.21700834,-.041465983
.21705374,-.041467454
.21715875,-.041470848
.21720396,-.041472308
.21723033,-.041473161
.21733485,-.041476529
.21739681,-.041478522
.2174415,-.041479964
.21746984,-.041480873
.21749684,-.041481741
.21750827,-.04148211
.21753852,-.041483067
.21756856,-.041484024
.21762715,-.041485891
.21769169,-.04148794
.21770829,-.041488465
.21772501,-.041488998
.21776789,-.041490361
.21784902,-.041492932
.21792893,-.041495468
.21800955,-.041498024
.21808954,-.041500557
.21817039,-.041503128
.21825376,-.041505765
.21834676,-.041508697
.21836434,-.041509248
.21839327,-.04151015
.21842258,-.041511063
.2184518,-.041511968
.21849738,-.041513383
.21854284,-.041514795
.21857132,-.041515678
.21859971,-.041516561
.21866161,-.041518472
.21868552,-.041519213
.21874788,-.041521139
.21876231,-.04152159
.21877646,-.041522026
.21879087,-.041522469
.21880506,-.041522909
.21881931,-.041523349
.21883111,-.041523714
.21884932,-.041524276
.21890907,-.04152612
.21892469,-.041526597
.21894211,-.041527133
.21896748,-.041527905
.21899202,-.041528653
.21901666,-.04152941
.21904157,-.041530166
.21906632,-.041530922
.21908887,-.041531615
.21915869,-.041533746
.21920241,-.041535079
.21929157,-.041537777
.21934097,-.041539274
.2193916,-.041540809
.21944079,-.041542295
.21949013,-.041543789
.21953948,-.041545283
.21963285,-.041548111
.21968274,-.041549619
.21975087,-.041551683
.21977907,-.041552529
.21980773,-.041553393
.21983649,-.041554261
.21989156,-.041555919
.2199143,-.041556604
.21994272,-.041557454
.22006997,-.041561279
.22009803,-.041562118
.22018681,-.041564781
.22021069,-.041565496
.22033301,-.041569158
.22035624,-.041569855
.22046512,-.041573096
.22048795,-.041573774
.22063369,-.041578095
.22064506,-.041578431
.22066328,-.041578967
.22068153,-.041579511
.22069961,-.041580044
.22071801,-.041580588
.22075109,-.041581564
.2209014,-.041586
.22105004,-.041590385
.22119597,-.041594692
.22134407,-.041599058
.22139987,-.0416007
.22144206,-.041601941
.2215084,-.041603886
.22152735,-.041604441
.22154556,-.041604973
.22156511,-.041605547
.22159012,-.041606277
.22161321,-.041606952
.22168009,-.041608907
.22174637,-.041610844
.22181347,-.041612808
.22188078,-.041614778
.22194305,-.041616593
.22198945,-.041617945
.22200024,-.041618261
.22209024,-.041620873
.22210926,-.041621424
.22218665,-.041623667
.22219728,-.041623976
.22230697,-.041627139
.22238712,-.041629456
.22246835,-.041631795
.22255577,-.04163431
.22257824,-.041634955
.22264303,-.041636806
.22274357,-.041639686
.22283532,-.041642297
.22291012,-.041644424
.22293065,-.041645005
.22294207,-.041645326
.22297606,-.041646272
.22301902,-.041647471
.22309808,-.041649669
.22318664,-.041652121
.22326751,-.041654363
.2233229,-.041655898
.22340523,-.041658167
.22349569,-.041660659
.22352967,-.041661598
.22354123,-.041661914
.22355989,-.041662425
.22366524,-.041665308
.22374617,-.041667495
.22378828,-.041668631
.22381355,-.041669313
.22383904,-.041669995
.22389477,-.041671481
.22391693,-.04167207
.22393641,-.041672587
.22402443,-.041674912
.22403449,-.041675176
.22406825,-.041676067
.22410336,-.041676987
.22413707,-.041677866
.22416532,-.041678607
.22420633,-.04167968
.22424048,-.041680571
.22433291,-.041682985
.22434358,-.04168326
.22440727,-.041684911
.22448957,-.041687042
.22450699,-.041687489
.22452427,-.041687939
.22453555,-.04168823
.22461794,-.04169035
.22463669,-.041690838
.22472627,-.041693125
.22483499,-.041695897
.22486041,-.041696548
.22496706,-.04169926
.22504668,-.041701287
.22513814,-.041703608
.22516999,-.041704413
.22523391,-.041706026
.22525731,-.041706618
.22535042,-.041708957
.22536254,-.041709263
.22537343,-.041709531
.22539634,-.041710101
.22544208,-.041711234
.22545938,-.041711655
.22547677,-.041712083
.22549409,-.041712511
.22554167,-.041713677
.22559029,-.041714866
.22560817,-.041715302
.22565587,-.041716471
.22572327,-.041718118
.22581293,-.041720308
.22595394,-.041723743
.22602549,-.041725483
.22607355,-.041726656
.22609636,-.041727211
.22612144,-.041727822
.22613442,-.041728139
.22620082,-.041729752
.22626822,-.041731391
.22633475,-.041733008
.22640185,-.041734643
.22643971,-.041735556
.2265107,-.04173727
.22654866,-.04173819
.22658655,-.041739102
.22665676,-.041740794
.22667506,-.041741233
.22671276,-.041742146
.22676814,-.041743476
.22680666,-.041744407
.22684404,-.041745305
.2269332,-.041747455
.22695191,-.041747902
.22702475,-.041749645
.22709695,-.041751381
.22716971,-.041753121
.2272425,-.041754864
.22731496,-.041756604
.22732671,-.041756883
.22741878,-.041759081
.22744855,-.041759789
.2274785,-.041760504
.22750819,-.041761212
.22763473,-.04176423
.22765897,-.041764803
.22771458,-.041766129
.22780359,-.041768245
.22785927,-.041769568
.22793034,-.041771244
.22799216,-.041772701
.22801118,-.041773144
.22802275,-.041773412
.22819337,-.041777357
.22825643,-.041778814
.22828269,-.041779414
.22839069,-.041781891
.2284364,-.041782938
.22844906,-.041783225
.2284672,-.041783638
.22853144,-.041785087
.22854228,-.04178533
.22859253,-.041786455
.22864258,-.04178758
.22869255,-.041788701
.22874275,-.041789822
.22879229,-.041790932
.22896014,-.041794688
.22906758,-.041797083
.22909184,-.041797619
.22919244,-.041799821
.2292752,-.041801631
.22937511,-.041803818
.22943255,-.041805074
.22952226,-.041807029
.22962795,-.041809328
.22971798,-.041811276
.22973175,-.041811574
.2297456,-.041811872
.2297592,-.041812167
.22977297,-.041812465
.22978675,-.041812763
.22989543,-.041815102
.22993743,-.041816
.22998048,-.04181692
.23008658,-.041819192
.23014769,-.041820496
.23025411,-.041822769
.23027694,-.041823253
.23028085,-.041823335
.23042488,-.041826397
.2304285,-.041826475
.23051943,-.041828401
.23055117,-.041829072
.23067462,-.041831676
.23076896,-.041833673
.23089318,-.041836295
.2310171,-.041838918
.23102717,-.041839126
.23103774,-.041839354
.23111202,-.041840918
.23118618,-.041842479
.23129344,-.041844744
.23141643,-.041847326
.23142663,-.041847538
.23154943,-.04185012
.23157313,-.041850619
.2315997,-.041851174
.23162639,-.041851733
.23170057,-.04185329
.2317113,-.041853514
.23173805,-.041854076
.23176499,-.041854639
.23179089,-.041855179
.2318438,-.041856285
.23185696,-.041856557
.2318899,-.041857243
.23195989,-.041858695
.23203309,-.041860212
.23215345,-.041862704
.23225445,-.041864783
.23226589,-.041865021
.23237722,-.041867316
.23248801,-.041869596
.23256183,-.041871112
.23266847,-.04187331
.23277953,-.041875593
.23287001,-.041877452
.23296043,-.041879304
.23305087,-.041881148
.23319122,-.041884005
.23333737,-.041886978
.23345208,-.041889317
.23348856,-.041890051
.23352461,-.041890785
.23356086,-.041891523
.2335971,-.04189226
.23360801,-.041892476
.23364449,-.041893214
.23364818,-.041893288
.23367211,-.041893765
.23367566,-.041893836
.23369995,-.04189432
.2337036,-.041894395
.23372775,-.041894875
.2337454,-.041895226
.23375829,-.041895486
.23378223,-.041895963
.23382485,-.041896813
.2338489,-.041897297
.23391348,-.041898575
.23394543,-.041899208
.23395893,-.041899476
.23399167,-.041900128
.23414403,-.041903153
.23419987,-.041904252
.23425794,-.041905396
.23431267,-.041906476
.23440631,-.04190829
.23441961,-.041908547
.23455335,-.041911133
.23468605,-.041913696
.23478326,-.041915551
.23484904,-.041916806
.23487277,-.041917261
.23493853,-.041918516
.23500435,-.041919768
.23507018,-.041921023
.23508434,-.041921295
.2350976,-.041921545
.23511054,-.041921787
.23512331,-.041922029
.23513596,-.041922268
.2351969,-.041923419
.23526402,-.041924678
.23532358,-.041925799
.23538595,-.041926973
.23546945,-.041928533
.23548302,-.041928783
.23558618,-.041930713
.2356457,-.041931827
.23565944,-.04193208
.23568037,-.041932471
.23569372,-.041932721
.23570725,-.041932974
.23572095,-.041933227
.2358105,-.041934904
.23590483,-.041936655
.23591781,-.041936893
.23601609,-.041938704
.23610717,-.04194038
.23612344,-.041940678
.23613632,-.041940916
.23623388,-.041942675
.23632148,-.041944254
.23637329,-.041945189
.23654376,-.041948263
.23667599,-.041950651
.23680645,-.041953005
.23693934,-.0419554
.23700997,-.041956667
.23703916,-.041957188
.23706783,-.041957702
.23709692,-.041958224
.23712644,-.041958753
.23715515,-.041959267
.23729311,-.041961726
.23735896,-.041962892
.23743083,-.041964162
.23751692,-.041965682
.23761679,-.041967444
.23768827,-.041968696
.23775016,-.041969784
.23779234,-.041970521
.23786323,-.041971762
.23792453,-.041972838
.23799646,-.041974097
.23806827,-.041975357
.23816186,-.041976985
.23819168,-.041977502
.23820378,-.041977715
.23826371,-.041978758
.23834701,-.041980188
.2383891,-.041980907
.23853157,-.041983347
.23857783,-.041984137
.23859525,-.041984435
.23861304,-.041984737
.23868184,-.04198591
.23882231,-.041988291
.23887646,-.041989196
.23897587,-.041990843
.23914404,-.041993603
.23915918,-.041993849
.23921818,-.041994818
.23923302,-.04199506
.23925808,-.041995473
.23931646,-.041996427
.2393316,-.041996673
.2394007,-.041997805
.23950158,-.041999456
.2395165,-.041999698
.2395754,-.042000663
.2395903,-.042000905
.23971303,-.042002905
.23978852,-.042004131
.23981228,-.042004514
.23992181,-.042006262
.23999138,-.042007376
.2400168,-.042007782
.24004222,-.042008184
.2400675,-.042008594
.24009289,-.042008996
.24011809,-.042009398
.24017653,-.042010326
.24019466,-.042010613
.24021342,-.042010911
.24023125,-.04201119
.24030218,-.042012297
.24032967,-.042012725
.24034777,-.042013001
.24039057,-.042013664
.24047387,-.042014949
.24051659,-.042015612
.24055949,-.042016275
.24060282,-.042016946
.24064662,-.04201762
.24065349,-.042017728
.24072701,-.042018857
.24074982,-.042019203
.24082065,-.04202028
.24094418,-.042022146
.24100335,-.042023037
.24106257,-.042023931
.24113785,-.042025056
.24124183,-.042026609
.24138176,-.042028684
.2414196,-.042029239
.24149501,-.042030349
.24155617,-.04203124
.24161468,-.042032093
.24167541,-.042032979
.24173503,-.042033851
.24180345,-.042034835
.24192406,-.042036563
.24206324,-.042038552
.24213886,-.042039637
.24219055,-.042040367
.24224161,-.042041093
.24234653,-.04204258
.24236928,-.0420429
.24239209,-.04204322
.24241196,-.042043492
.24243204,-.042043768
.24251902,-.042044971
.24259472,-.04204601
.24269103,-.042047329
.24271171,-.042047612
.24285372,-.04204955
.2428737,-.042049825
.2428941,-.042050101
.24292645,-.04205054
.24301408,-.042051733
.24304117,-.042052094
.24312526,-.042053223
.24314517,-.042053483
.24322082,-.042054482
.24324009,-.042054731
.24328859,-.042055357
.24330853,-.042055611
.24332,-.04205576
.24333982,-.042056017
.2434859,-.042057898
.24363253,-.042059787
.2437788,-.042061668
.24392556,-.042063553
.24407305,-.042065445
.2441937,-.042066988
.24422024,-.042067327
.24430618,-.042068426
.24436016,-.042069104
.24438444,-.042069413
.2444047,-.042069666
.24445888,-.042070352
.24447921,-.042070605
.24449956,-.042070866
.24451976,-.042071119
.24457394,-.042071804
.24462816,-.042072486
.24468289,-.042073179
.2447032,-.042073436
.2447342,-.042073824
.24490386,-.042075954
.24507336,-.042078082
.24509232,-.042078324
.24511179,-.042078566
.24513067,-.0420788
.24515334,-.042079084
.24527328,-.042080574
.24530464,-.042080961
.24532951,-.04208127
.24534926,-.042081513
.24536976,-.042081766
.2454049,-.042082194
.24542236,-.04208241
.24543996,-.042082626
.24545774,-.042082842
.24547566,-.042083062
.24549344,-.042083282
.24551456,-.042083539
.24556489,-.042084154
.24561399,-.042084754
.24566291,-.04208535
.24571219,-.042085957
.24574301,-.042086329
.24577484,-.042086717
.24587284,-.042087901
.24589577,-.042088177
.24592653,-.04208855
.24594939,-.042088822
.24596159,-.042088963
.24599211,-.042089328
.24605232,-.042090036
.24611464,-.042090762
.24617881,-.042091515
.24620315,-.042091802
.24621351,-.042091925
.24627265,-.042092606
.24633287,-.042093307
.2464568,-.042094745
.2465097,-.042095356
.24653706,-.042095672
.24656476,-.042095993
.24659254,-.042096317
.24671727,-.042097759
.24684805,-.042099271
.24690554,-.042099927
.24693131,-.042100225
.24699588,-.042100966
.24705638,-.042101663
.24710599,-.042102229
.24724679,-.042103838
.24726246,-.042104017
.24731304,-.042104591
.24737981,-.042105347
.24743733,-.042105995
.24749729,-.042106669
.24755476,-.042107318
.24761364,-.042107973
.24767339,-.042108644
.24769497,-.04210889
.24771538,-.042109113
.24773116,-.042109288
.24775182,-.042109519
.24787702,-.042110905
.24794167,-.04211162
.24806455,-.042112984
.24810159,-.042113394
.24822615,-.042114772
.24829346,-.042115513
.24831754,-.042115778
.24833901,-.042116012
.24836862,-.042116337
.24842077,-.04211691
.24843115,-.042117022
.24846432,-.04211738
.24850802,-.042117849
.24851301,-.042117901
.24853538,-.04211814
.24861425,-.04211897
.24869342,-.042119805
.24869844,-.042119861
.248785,-.042120777
.24887025,-.042121675
.24895163,-.042122535
.24900343,-.042123083
.24902061,-.042123262
.24903756,-.042123441
.24905443,-.042123616
.2490717,-.042123795
.24908869,-.04212397
.24913245,-.042124428
.24914862,-.042124592
.24916455,-.042124756
.24925767,-.042125721
.24927358,-.042125881
.24928968,-.042126048
.2493058,-.042126216
.24936303,-.042126805
.24939071,-.042127091
.24941862,-.042127375
.24954754,-.042128701
.24956568,-.042128887
.24962562,-.042129498
.24963591,-.042129606
.2496516,-.042129762
.24966724,-.042129923
.24971618,-.042130418
.24976599,-.042130917
.24981581,-.04213142
.24986582,-.042131923
.24988684,-.042132135
.24990796,-.042132348
.2499449,-.04213272
.24996601,-.042132933
.24998689,-.042133141
.2500619,-.042133886
.25008297,-.042134095
.25008792,-.042134143
.25009292,-.042134196
.25010836,-.042134348
.25012392,-.042134497
.25013945,-.04213465
.250155,-.042134803
.25017846,-.042135034
.25020209,-.042135265
.25022566,-.042135499
.25024891,-.042135727
.25027221,-.04213595
.25028771,-.042136103
.2503266,-.042136479
.25034231,-.042136632
.25035828,-.042136785
.2503742,-.04213693
.2503902,-.042137086
.25040612,-.042137235
.25049928,-.042138111
.2505044,-.042138163
.25052372,-.042138342
.25054309,-.042138528
.25054994,-.042138591
.25055683,-.042138651
.25059181,-.042138971
.25060898,-.042139124
.25062618,-.042139281
.2506434,-.042139437
.25066087,-.042139594
.25067836,-.042139754
.25071427,-.04214007
.2507506,-.042140398
.25078675,-.042140722
.25081286,-.042140953
.25089237,-.042141661
.25093704,-.042142056
.25098318,-.042142462
.25102893,-.042142864
.25105405,-.042143088
.25109914,-.042143479
.25114423,-.042143874
.25124532,-.042144746
.25134337,-.042145573
.25135639,-.042145681
.25136918,-.042145789
.25138211,-.042145897
.2513949,-.042146001
.25140804,-.042146109
.25146979,-.042146619
.25150782,-.042146932
.2515268,-.042147085
.25155145,-.042147283
.25164899,-.042148065
.25166437,-.042148188
.25168714,-.042148359
.25171959,-.042148612
.25175598,-.042148888
.25177962,-.042149067
.25183859,-.042149518
.25189236,-.042149924
.25191975,-.042150125
.251932,-.042150218
.25195935,-.042150419
.25197297,-.042150516
.25198674,-.04215062
.25200051,-.042150717
.25201428,-.042150822
.2520414,-.042151019
.25205526,-.042151123
.25211999,-.042151589
.25214696,-.04215179
.25217408,-.042151988
.25220084,-.042152185
.25222754,-.042152379
.25236332,-.042153355
.25239074,-.042153552
.25245225,-.042153999
.25247964,-.042154197
.25254032,-.042154633
.25256777,-.042154834
.25266808,-.042155553
.25267836,-.042155627
.25271639,-.042155895
.25277886,-.042156339
.25283977,-.042156771
.25287774,-.042157039
.2529389,-.042157471
.252951,-.042157557
.25298896,-.042157829
.25300133,-.042157918
.25303924,-.042158183
.2530916,-.042158555
.25317663,-.042159129
.25321752,-.042159401
.25324866,-.042159613
.25335568,-.042160328
.2533977,-.042160612
.25343981,-.042160891
.25352827,-.04216148
.25361767,-.042162076
.25370651,-.042162675
.25374851,-.042162955
.25379059,-.042163234
.25383267,-.042163514
.25387448,-.042163793
.25390568,-.042163998
.25391471,-.042164057
.25392362,-.042164113
.25393265,-.042164173
.25394145,-.042164229
.25395042,-.042164292
.25396085,-.042164356
.25409517,-.04216522
.25416449,-.042165671
.25423318,-.04216611
.25423723,-.04216614
.25436285,-.042166941
.25438178,-.042167064
.25440043,-.042167179
.25441897,-.042167298
.25443766,-.042167418
.25445658,-.042167544
.25449246,-.042167768
.25459403,-.042168412
.25462529,-.04216861
.25463498,-.042168669
.25464466,-.042168733
.25470147,-.042169087
.25480333,-.04216972
.25490379,-.042170346
.25500479,-.042170975
.25510389,-.042171594
.25511357,-.04217165
.25515088,-.042171877
.25520542,-.042172205
.25526437,-.042172562
.25536773,-.042173184
.25540319,-.042173393
.25541005,-.042173438
.25544611,-.042173643
.25548127,-.042173848
.25552669,-.042174112
.25553638,-.042174164
.25558001,-.042174414
.25559938,-.042174526
.25563627,-.042174734
.25577077,-.042175498
.25579658,-.042175643
.25583288,-.042175848
.25586191,-.042176012
.25596845,-.042176608
.25598088,-.042176675
.25607136,-.042177178
.25611627,-.042177424
.25612947,-.042177495
.25615284,-.042177621
.25629336,-.042178381
.25643414,-.042179145
.25650725,-.04217954
.2566416,-.042180266
.25668228,-.042180486
.25677586,-.042180993
.25688043,-.042181555
.25690401,-.042181678
.2569108,-.042181715
.25695169,-.042181928
.25707895,-.042182576
.25714627,-.042182919
.25722012,-.042183287
.2572982,-.042183679
.25732145,-.04218379
.25733116,-.042183835
.25736299,-.042183988
.25744176,-.042184353
.25750124,-.042184629
.2575224,-.042184729
.25753948,-.042184807
.25762793,-.042185206
.2576611,-.042185355
.25769314,-.042185493
.25771248,-.042185582
.25774235,-.042185713
.25775251,-.042185754
.25776267,-.042185798
.25777271,-.042185843
.257783,-.042185891
.25779307,-.042185932
.25786188,-.042186223
.25788152,-.042186309
.25790179,-.042186394
.25793329,-.042186528
.25794736,-.042186584
.25797099,-.042186685
.25811177,-.042187266
.25825232,-.042187843
.25839275,-.042188425
.25842425,-.042188551
.25846881,-.042188734
.25854874,-.042189054
.25857231,-.042189151
.25859594,-.042189244
.25861081,-.042189304
.25863475,-.042189401
.25865823,-.04218949
.2586821,-.042189587
.258706,-.04218968
.25873008,-.042189773
.25879201,-.042190015
.25885591,-.042190261
.2589432,-.042190596
.25900513,-.042190835
.25906688,-.042191077
.25913131,-.042191327
.25921217,-.04219164
.25923008,-.042191707
.25931692,-.042192031
.259332,-.042192087
.25941792,-.042192407
.2594873,-.042192668
.25950974,-.04219275
.25952622,-.042192813
.25961787,-.042193152
.25969109,-.042193428
.25977835,-.042193741
.25982487,-.042193912
.25990435,-.042194199
.25999051,-.042194508
.26014504,-.042195056
.26019701,-.042195242
.26033086,-.042195704
.26039064,-.042195909
.26047128,-.042196166
.26055011,-.042196427
.26057202,-.042196494
.26069686,-.042196896
.2607162,-.042196956
.26074508,-.042197049
.26084211,-.042197339
.26085541,-.04219738
.26096377,-.042197701
.26104566,-.042197939
.26108605,-.042198054
.26119721,-.042198364
.26130837,-.042198669
.26141873,-.042198975
.26145968,-.042199083
.26157048,-.042199377
.26168188,-.042199668
.26187232,-.042200159
.26189578,-.042200219
.2619192,-.042200278
.26194271,-.042200338
.26196614,-.042200401
.26215947,-.042200875
.2623511,-.042201344
.26254141,-.04220181
.26273018,-.042202268
.26277575,-.042202376
.26282352,-.042202488
.26287067,-.042202596
.2629517,-.042202786
.26305071,-.042203005
.26313156,-.042203184
.26319936,-.04220333
.26328012,-.042203508
.26335967,-.042203687
.26337326,-.042203709
.26340476,-.042203777
.26342678,-.042203818
.2634587,-.042203873
.26349071,-.042203937
.26352277,-.042203993
.26355514,-.042204056
.26358789,-.042204119
.26360396,-.042204145
.26362023,-.042204179
.26363617,-.042204209
.263652,-.042204238
.26371878,-.04220435
.26374176,-.042204395
.26384199,-.042204566
.26390776,-.042204674
.26403666,-.04220489
.26406041,-.042204931
.26408425,-.042204969
.26410809,-.04220501
.2641319,-.042205047
.26415569,-.042205088
.26423451,-.042205215
.26431355,-.042205341
.26439261,-.042205464
.26447114,-.042205587
.26455033,-.04220571
.26461726,-.042205814
.26466909,-.042205893
.26469216,-.04220593
.26475236,-.042206008
.26477584,-.042206034
.26484159,-.042206123
.26490736,-.042206205
.26495913,-.042206269
.2649796,-.042206299
.2650322,-.042206366
.26508477,-.042206429
.26513681,-.042206496
.26518986,-.042206563
.26521286,-.042206585
.26527366,-.04220666
.26528901,-.042206679
.2653662,-.042206764
.26546645,-.042206865
.26556712,-.042206969
.26561305,-.042207014
.26571283,-.042207118
.26581407,-.042207226
.26590538,-.042207319
.26600519,-.042207424
.26615706,-.042207565
.26619422,-.042207602
.26623198,-.042207636
.26626912,-.042207673
.26630622,-.042207707
.26634383,-.04220774
.26635885,-.042207755
.26644623,-.042207833
.26656204,-.042207938
.2665768,-.042207949
.26660806,-.042207979
.26663944,-.042208005
.26667073,-.042208031
.26670206,-.042208061
.26673338,-.042208083
.26674977,-.042208098
.26676592,-.042208109
.26684657,-.042208176
.26692748,-.042208236
.2669498,-.042208254
.26703742,-.042208318
.26706588,-.042208344
.26708061,-.042208351
.26710364,-.04220837
.26712537,-.042208385
.26714715,-.042208396
.26716894,-.042208415
.26718915,-.042208426
.26720455,-.042208433
.26726416,-.04220847
.26728684,-.042208489
.26730293,-.042208496
.26731807,-.042208504
.26735014,-.042208523
.2673825,-.042208537
.2673972,-.042208541
.2674723,-.042208571
.26754671,-.042208601
.26755929,-.042208608
.26763427,-.042208638
.26770902,-.042208664
.267784,-.042208694
.2678453,-.042208716
.26785994,-.04220872
.26795861,-.04220875
.26797196,-.042208757
.26798728,-.042208761
.2680029,-.042208765
.26801828,-.042208768
.26803389,-.042208772
.26804924,-.042208776
.26806477,-.04220878
.26810569,-.042208787
.26812097,-.042208795
.26816311,-.042208802
.26827696,-.042208817
.26831976,-.042208824
.26836276,-.042208828
.26840511,-.042208835
.26842728,-.042208839
.26844943,-.042208843
.26853633,-.042208847
.26865101,-.042208854
.26873696,-.042208862
.26882362,-.042208865
.26890865,-.042208869
.26899594,-.04220888
.26901767,-.04220888
.26903945,-.04220888
.26908189,-.042208884
.26919675,-.042208888
.26923975,-.042208891
.26926154,-.042208891
.26928332,-.042208891
.26930514,-.042208895
.26941526,-.042208895
.26952693,-.042208895
.26963916,-.042208895
.26975206,-.042208895
.26986524,-.042208895
.26988035,-.042208895
.26992774,-.042208895
.26993859,-.042208895
.26996195,-.042208895
.26998553,-.042208895
.27006111,-.042208895
.27007195,-.042208895
.27010685,-.042208895
.27013156,-.042208895
.27026063,-.042208895
.27028522,-.042208895
.27041385,-.042208895
.27042896,-.042208895
.27046347,-.042208895
.27051082,-.042208895
.27053508,-.042208895
.2705583,-.042208895
.2706365,-.042208895
.27076554,-.042208895
.27078044,-.042208895
.27081501,-.042208895
.27083972,-.042208895
.27085465,-.042208895
.27093202,-.042208895
.27096704,-.042208895
.27100211,-.042208895
.27113137,-.042208895
.27120593,-.042208895
.27128175,-.042208895
.27132899,-.042208895
.27135393,-.042208895
.27136499,-.042208895
.2713882,-.042208895
.27140319,-.042208895
.27145067,-.042208899
.27157888,-.042208899
.27160248,-.042208899
.27161339,-.042208899
.27166045,-.042208899
.27167141,-.042208899
.2716887,-.042208899
.2717357,-.042208899
.2717489,-.042208899
.27176201,-.042208899
.27178788,-.042208899
.27180392,-.042208899
.27181673,-.042208899
.27184188,-.042208899
.27188402,-.042208899
.27190003,-.042208899
.27191252,-.042208899
.27192795,-.042208899
.27195078,-.042208899
.2720373,-.042208899
.27207884,-.042208899
.27210462,-.042208899
.2721301,-.042208899
.27214634,-.042208899
.27216971,-.042208899
.27218571,-.042208899
.27227026,-.042208899
.27228552,-.042208899
.27231419,-.042208899
.27233732,-.042208899
.27236268,-.042208899
.27243471,-.042208899
.27246344,-.042208899
.27248892,-.042208899
.27250451,-.042208899
.27252463,-.042208899
.27266976,-.042208899
.27268502,-.042208899
.27271008,-.042208899
.27273595,-.042208899
.27287507,-.042208899
.27289259,-.042208899
.27296451,-.042208899
.27298075,-.042208899
.27299359,-.042208899
.27303573,-.042208899
.27305144,-.042208899
.27307057,-.042208899
.27308381,-.042208899
.27315599,-.042208899
.27323657,-.042208899
.27326769,-.042208899
.27331513,-.042208899
.2733278,-.042208899
.27334088,-.042208899
.27335644,-.042208899
.27337161,-.042208899
.27338898,-.042208899
.27341768,-.042208899
.27349791,-.042208899
.27362922,-.042208899
.27369139,-.042208899
.27377534,-.042208899
.27380633,-.042208899
.27381906,-.042208899
.27383503,-.042208899
.27386612,-.042208899
.27387911,-.042208899
.27390999,-.042208899
.27393004,-.042208899
.27397165,-.042208899
.27398443,-.042208899
.27400073,-.042208899
.27402362,-.042208899
.27410448,-.042208899
.27412561,-.042208899
.27414155,-.042208899
.27421352,-.042208899
.27427599,-.042208899
.27428862,-.042208899
.27430165,-.042208899
.27431411,-.042208899
.27436107,-.042208899
.27437609,-.042208899
.27442262,-.042208899
.27448618,-.042208899
.27450177,-.042208899
.27451798,-.042208899
.27458614,-.042208899
.27461195,-.042208899
.27463847,-.042208899
.27465138,-.042208899
.27471474,-.042208899
.27477753,-.042208899
.27490762,-.042208899
.27495429,-.042208899
.27503526,-.042208899
.27505532,-.042208899
.27507436,-.042208899
.27514148,-.042208899
.27522239,-.042208899
.27526939,-.042208899
.27530038,-.042208899
.27532694,-.042208899
.27539912,-.042208899
.27553859,-.042208899
.27555507,-.042208899
.27557251,-.042208899
.27558988,-.042208899
.27560318,-.042208899
.27561575,-.042208899
.27563852,-.042208899
.27565747,-.042208899
.27568617,-.042208899
.27571273,-.042208899
.27575985,-.042208899
.27577242,-.042208899
.27579248,-.042208899
.27580553,-.042208899
.27582565,-.042208899
.27587226,-.042208899
.27589801,-.042208899
.27594528,-.042208899
.27597177,-.042208899
.27601898,-.042208899
.27604774,-.042208899
.27613553,-.042208899
.27617747,-.042208899
.27619252,-.042208899
.27620536,-.042208899
.27622443,-.042208899
.27624369,-.042208899
.27629638,-.042208899
.27631828,-.042208899
.27633256,-.042208899
.2763488,-.042208899
.27640134,-.042208899
.27643487,-.042208899
.27646822,-.042208899
.27652037,-.042208895
.27655348,-.042208895
.27657545,-.042208895
.27658975,-.042208895
.27661085,-.042208895
.27663046,-.042208895
.27668297,-.042208895
.27669966,-.042208895
.27671599,-.042208895
.2767323,-.042208895
.27674881,-.042208895
.27676693,-.042208895
.27678105,-.042208895
.27679428,-.042208895
.27680841,-.042208895
.27682143,-.042208895
.27683574,-.042208895
.27684885,-.042208895
.27687088,-.042208895
.27688393,-.042208895
.27691743,-.042208895
.27697054,-.042208895
.27700359,-.042208895
.2770167,-.042208895
.27703553,-.042208895
.2771205,-.042208895
.27720562,-.042208895
.27729148,-.042208895
.27737775,-.042208895
.27739671,-.042208895
.27741525,-.042208895
.27743372,-.042208895
.27745214,-.042208895
.27753839,-.042208895
.27755484,-.042208895
.27757084,-.042208895
.27759629,-.042208895
.2776466,-.042208895
.2776691,-.042208895
.27768168,-.042208895
.27770495,-.042208895
.27772495,-.042208895
.27774349,-.042208895
.27778655,-.042208891
.27784157,-.042208891
.27785432,-.042208891
.27787638,-.042208891
.27789676,-.042208891
.27791926,-.042208891
.27798632,-.042208891
.27800518,-.042208891
.27812618,-.042208888
.27816531,-.042208888
.27817857,-.042208888
.27829307,-.042208888
.27834803,-.042208884
.27835256,-.042208884
.27835697,-.042208884
.27839985,-.042208884
.27840441,-.042208884
.27841601,-.042208884
.27846506,-.04220888
.27847674,-.04220888
.27848852,-.04220888
.27853149,-.04220888
.27853599,-.04220888
.27854866,-.04220888
.27857196,-.04220888
.27864033,-.042208876
.27864471,-.042208876
.27866808,-.042208876
.27867976,-.042208876
.27869144,-.042208876
.27870402,-.042208876
.27872038,-.042208876
.27874351,-.042208876
.27880761,-.042208869
.27887204,-.042208865
.2789357,-.042208865
.27900025,-.042208862
.27906373,-.042208858
.27917841,-.042208854
.27919167,-.042208854
.27920496,-.042208854
.27921805,-.042208854
.27933976,-.042208847
.27940691,-.042208843
.27947426,-.042208839
.27954143,-.042208835
.27959135,-.042208828
.27964613,-.042208824
.27966449,-.042208824
.27968273,-.042208824
.2797443,-.042208821
.27981165,-.042208817
.27985078,-.042208813
.27995399,-.042208806
.28002119,-.042208802
.2800808,-.042208798
.28012416,-.042208798
.28016695,-.042208795
.28021207,-.042208787
.28032386,-.04220878
.28043506,-.042208772
.28047839,-.042208768
.28052202,-.042208765
.28057092,-.042208761
.28063068,-.042208757
.28064409,-.042208757
.28068754,-.04220875
.2807897,-.042208742
.28081325,-.042208742
.28083143,-.042208739
.2809422,-.042208731
.28100243,-.042208724
.28101641,-.042208724
.28107142,-.04220872
.28108543,-.04220872
.28110844,-.042208716
.28112245,-.042208716
.28113642,-.042208716
.28115472,-.042208709
.28120622,-.042208705
.28122807,-.042208701
.2812421,-.042208701
.28125823,-.042208701
.28130415,-.042208694
.28137198,-.042208686
.28138861,-.042208686
.28145903,-.042208679
.2815319,-.042208668
.28160465,-.04220866
.281625,-.042208657
.28164169,-.042208657
.28166008,-.042208653
.28172946,-.042208645
.28176203,-.042208642
.28183433,-.042208631
.28190708,-.042208623
.28193012,-.042208623
.28194717,-.042208619
.28199369,-.042208616
.28206623,-.042208608
.28211209,-.042208601
.28218353,-.04220859
.28225294,-.042208586
.28227836,-.042208582
.28229442,-.042208578
.28231081,-.042208578
.28236455,-.042208571
.2824184,-.042208564
.28247198,-.04220856
.28252575,-.042208549
.28257912,-.042208541
.28259298,-.042208541
.28262255,-.042208537
.28265482,-.042208534
.28269935,-.04220853
.28275806,-.042208523
.282772,-.042208515
.28286055,-.042208508
.28290215,-.0422085
.28292957,-.0422085
.28295916,-.042208496
.28298697,-.042208493
.28302833,-.042208485
.28307,-.042208482
.2831116,-.042208474
.28312573,-.04220847
.28314033,-.04220847
.28318891,-.042208463
.2832163,-.042208463
.28330478,-.042208452
.28333884,-.042208448
.28342623,-.042208433
.28345507,-.042208429
.28349924,-.042208426
.28354841,-.042208418
.28356212,-.042208418
.28359056,-.042208415
.28362304,-.042208411
.28371021,-.042208396
.28372949,-.042208392
.28378856,-.042208388
.28383002,-.042208381
.28391808,-.042208374
.2839641,-.042208366
.28402305,-.042208355
.28405067,-.042208351
.28406474,-.042208351
.28412327,-.042208344
.28415132,-.04220834
.28417939,-.042208336
.28419244,-.042208336
.28422201,-.042208333
.28426853,-.042208329
.28433955,-.042208314
.28438425,-.04220831
.28442898,-.042208306
.28447774,-.042208299
.28450736,-.042208295
.28455657,-.042208292
.28458613,-.042208288
.2846348,-.042208277
.28465271,-.042208277
.28469899,-.042208269
.28472677,-.042208266
.28477082,-.042208262
.2847994,-.042208258
.28485835,-.042208251
.28487298,-.042208251
.284895,-.042208247
.28491512,-.042208239
.28493759,-.042208236
.28495988,-.042208236
.28498214,-.042208232
.28500441,-.042208228
.28502432,-.042208225
.28505802,-.042208221
.28508016,-.042208221
.28517699,-.042208206
.2851955,-.042208206
.28525123,-.042208191
.28527409,-.042208191
.28533623,-.04220818
.28547439,-.042208157
.28553563,-.04220815
.28555661,-.042208146
.2856949,-.042208128
.28575084,-.042208117
.28588894,-.042208098
.28590882,-.042208094
.28596324,-.042208083
.28610146,-.042208064
.28612286,-.042208061
.28613892,-.042208057
.28625345,-.042208038
.28639179,-.04220802
.28641182,-.042208016
.28646696,-.042208005
.28652224,-.042207994
.28653789,-.042207994
.28659388,-.042207982
.28664523,-.042207975
.28678772,-.042207953
.28684339,-.042207941
.28685623,-.042207941
.28697056,-.042207919
.28702971,-.042207908
.28708842,-.0422079
.28719059,-.042207878
.28725237,-.042207867
.28730655,-.042207859
.28742898,-.042207837
.28745386,-.042207833
.28746575,-.04220783
.28747833,-.042207826
.28749239,-.042207826
.28750399,-.042207822
.28751564,-.042207822
.28756702,-.042207807
.28758129,-.042207807
.28764087,-.042207796
.28766042,-.042207792
.28768343,-.042207789
.28769526,-.042207785
.28770855,-.042207785
.28775054,-.042207778
.28776208,-.042207774
.28777784,-.042207766
.28788787,-.042207748
.28794271,-.042207737
.28795412,-.042207729
.2880162,-.042207718
.28806493,-.04220771
.28816542,-.042207684
.28826562,-.042207662
.2883338,-.042207643
.28843379,-.042207625
.28855655,-.042207595
.28857261,-.042207591
.28858879,-.042207588
.28860569,-.042207584
.28862202,-.04220758
.28864241,-.042207573
.28868708,-.042207561
.28871489,-.042207554
.28873104,-.04220755
.28874782,-.042207547
.28876877,-.042207543
.288789,-.042207539
.28881755,-.042207528
.28889138,-.042207509
.28890568,-.042207506
.28892022,-.042207506
.28893456,-.042207502
.28895032,-.042207498
.28896827,-.042207491
.28903794,-.042207472
.2890982,-.042207453
.28911164,-.042207453
.28912508,-.04220745
.28918678,-.042207435
.28924838,-.04220742
.28926086,-.042207412
.28938627,-.042207383
.28939959,-.042207383
.28941298,-.042207375
.28942642,-.042207371
.28945312,-.042207364
.28949216,-.042207357
.28962061,-.042207323
.2897462,-.042207289
.28976065,-.042207286
.28977516,-.042207282
.28981465,-.042207275
.28994325,-.042207241
.28997138,-.042207234
.29009905,-.0422072
.29016015,-.042207185
.29016912,-.042207178
.29019725,-.042207174
.29021886,-.042207167
.2902478,-.042207159
.29030967,-.04220714
.29032543,-.042207137
.29037476,-.042207126
.29039308,-.042207122
.29042026,-.042207114
.29044563,-.042207107
.2904574,-.042207099
.29047751,-.042207096
.29050046,-.042207088
.2905193,-.042207085
.29060137,-.042207059
.29062012,-.042207055
.29063898,-.042207047
.29065755,-.042207044
.29067612,-.04220704
.29073563,-.042207018
.29083803,-.042206991
.29085657,-.04220698
.29091176,-.042206965
.29093042,-.042206962
.29094908,-.042206958
.29100442,-.042206936
.29102284,-.042206932
.29107815,-.042206917
.29113093,-.042206898
.29118621,-.042206883
.29122248,-.042206872
.29124081,-.042206865
.29126033,-.042206857
.29131556,-.042206842
.29140955,-.042206813
.29142788,-.042206805
.29144341,-.042206801
.29145688,-.042206798
.29146749,-.042206794
.29148108,-.042206787
.29149473,-.042206783
.29164571,-.042206734
.29166135,-.042206731
.29167458,-.042206727
.29182997,-.042206679
.2919808,-.042206626
.29199645,-.042206623
.29201001,-.042206619
.29202861,-.042206611
.292052,-.042206604
.29206556,-.0422066
.29208115,-.042206597
.29211986,-.042206582
.29215899,-.042206571
.29217464,-.042206567
.29221317,-.042206556
.29223466,-.042206544
.29225174,-.042206541
.29238656,-.042206496
.29243678,-.042206481
.2924484,-.042206477
.29248497,-.042206462
.2926158,-.042206418
.29264301,-.04220641
.29277554,-.042206366
.29283822,-.042206343
.29297119,-.042206299
.29310107,-.042206258
.29312482,-.04220625
.29314753,-.042206243
.29322866,-.042206213
.29325205,-.042206205
.29330343,-.042206183
.29334459,-.042206172
.29345644,-.042206131
.29349765,-.042206112
.29353878,-.042206101
.29358006,-.042206086
.29363322,-.042206064
.2936745,-.042206053
.29378828,-.042206012
.29382434,-.042205997
.29384544,-.042205989
.29386106,-.042205982
.29391253,-.042205967
.29392812,-.042205956
.29394051,-.042205952
.2939561,-.042205948
.29397169,-.042205941
.29405266,-.042205911
.29411438,-.042205889
.29412538,-.042205881
.29416156,-.04220587
.2941846,-.042205863
.29420021,-.042205859
.29421148,-.042205852
.29422271,-.042205844
.29423401,-.04220584
.29424518,-.042205837
.29425648,-.042205833
.2942712,-.042205829
.29428542,-.042205825
.29430357,-.042205818
.29431793,-.042205811
.29435307,-.042205796
.2943882,-.042205784
.29440278,-.042205781
.29442137,-.042205773
.29445937,-.042205755
.29448408,-.042205747
.29449841,-.042205743
.2945134,-.042205736
.2945486,-.042205721
.29457346,-.042205714
.29461163,-.042205699
.29463023,-.042205691
.29464456,-.042205684
.29465887,-.042205676
.29467723,-.042205673
.29469138,-.042205665
.29472664,-.042205654
.29475099,-.042205643
.29476511,-.042205639
.2947793,-.042205632
.29481706,-.042205621
.29483181,-.042205613
.29485658,-.042205602
.29487085,-.042205598
.294889,-.042205591
.29492688,-.042205576
.29494128,-.042205568
.29495543,-.042205565
.29498014,-.042205554
.29499447,-.04220555
.29500881,-.042205546
.29502562,-.042205539
.29504392,-.042205527
.29505885,-.042205524
.2950969,-.042205509
.29511538,-.042205505
.29513022,-.042205498
.29514423,-.04220549
.2951794,-.042205479
.29531196,-.042205427
.2953487,-.042205408
.295477,-.04220536
.29560554,-.042205308
.29562858,-.0422053
.29576093,-.042205244
.29589036,-.042205196
.29590866,-.042205188
.29598612,-.042205155
.29600039,-.042205151
.2960144,-.042205144
.29607001,-.042205121
.29614756,-.042205088
.2961615,-.04220508
.29623893,-.042205051
.29625776,-.042205043
.2962721,-.042205036
.29634899,-.042205006
.29642618,-.042204972
.29643652,-.042204969
.29644686,-.042204965
.2964609,-.042204957
.29647118,-.042204954
.29648152,-.04220495
.29649183,-.042204946
.29650879,-.042204935
.29652396,-.042204931
.29653892,-.042204924
.29655397,-.04220492
.29657274,-.042204913
.29658788,-.042204905
.29660302,-.042204894
.29670128,-.042204853
.29684031,-.04220479
.29697999,-.042204726
.29712009,-.042204663
.2971358,-.042204656
.2972762,-.042204596
.29729241,-.042204585
.29743263,-.042204522
.29749542,-.042204496
.29753503,-.042204477
.29757512,-.042204458
.29761535,-.04220444
.29765466,-.042204421
.29769546,-.042204402
.2977936,-.042204358
.2978617,-.042204324
.29793188,-.042204291
.29800183,-.042204261
.29807088,-.042204227
.29808387,-.04220422
.29815286,-.04220419
.29822192,-.04220416
.29824755,-.042204145
.29832095,-.042204112
.29833785,-.042204104
.29841092,-.042204067
.29847768,-.042204041
.29852569,-.042204015
.29859844,-.042203981
.29866147,-.042203948
.29872504,-.042203918
.29878855,-.042203888
.29885203,-.042203855
.29891527,-.042203825
.29898855,-.042203788
.29902714,-.042203773
.29904306,-.042203762
.29911637,-.042203728
.29915529,-.042203706
.29917207,-.042203698
.29919487,-.042203691
.29921347,-.042203676
.29927573,-.04220365
.29929435,-.042203635
.29931322,-.042203628
.299375,-.042203598
.29939377,-.042203587
.29945669,-.042203557
.29947555,-.042203546
.29953775,-.042203516
.29960015,-.042203482
.29968262,-.042203441
.29969907,-.042203434
.29971549,-.042203426
.29973215,-.042203419
.29974875,-.042203408
.29976544,-.042203397
.29978371,-.042203389
.29980603,-.042203378
.29982176,-.042203367
.29983747,-.042203359
.29985306,-.042203356
.29986879,-.042203348
.30000249,-.042203277
.30013758,-.042203207
.30016026,-.042203195
.3002958,-.042203125
.30031109,-.042203117
.30033371,-.042203106
.30034956,-.042203099
.30036506,-.042203087
.30038098,-.04220308
.3005147,-.042203013
.30053276,-.042203002
.30067322,-.042202931
.30068889,-.042202923
.30071279,-.042202912
.30073622,-.042202897
.30084702,-.042202841
.30087027,-.04220283
.30088595,-.042202823
.30090836,-.042202808
.3009662,-.042202778
.30098242,-.042202771
.30109286,-.042202715
.30115038,-.042202681
.30120778,-.042202652
.30126593,-.042202618
.30132401,-.042202588
.3014245,-.042202532
.30146101,-.042202514
.30156121,-.042202458
.30166167,-.042202406
.30167753,-.042202398
.30177778,-.042202342
.30187804,-.04220229
.30189493,-.042202279
.30190399,-.042202275
.30192417,-.04220226
.3019444,-.042202253
.30196458,-.042202242
.30198479,-.042202227
.30199528,-.042202223
.30201545,-.042202212
.30207139,-.042202178
.30212736,-.042202145
.30218324,-.042202119
.30226663,-.042202067
.30232868,-.042202029
.30238509,-.042202
.30244178,-.042201966
.30252531,-.042201914
.3026084,-.042201869
.30269116,-.042201821
.30274791,-.042201787
.30283126,-.042201739
.30287731,-.042201713
.30290148,-.042201698
.30294847,-.042201672
.30299482,-.042201646
.30304915,-.042201612
.30309641,-.042201582
.30314285,-.042201556
.30320263,-.042201519
.3032141,-.042201512
.30322585,-.042201508
.30323705,-.0422015
.30324867,-.042201493
.30337065,-.042201418
.30342418,-.042201385
.30354613,-.04220131
.30356485,-.042201299
.30368727,-.042201225
.3038083,-.04220115
.30393106,-.042201072
.30405277,-.042200997
.30407959,-.042200983
.30410627,-.04220096
.30413347,-.042200945
.30418256,-.042200912
.30420306,-.042200901
.30421749,-.042200889
.30430502,-.042200834
.30437356,-.042200793
.30444023,-.042200748
.30450794,-.042200707
.3045274,-.042200692
.30461425,-.042200636
.3046636,-.042200603
.30473173,-.042200562
.30474597,-.04220055
.30489007,-.042200457
.30490449,-.042200446
.30492434,-.042200435
.30502892,-.042200368
.30504313,-.04220036
.30506286,-.042200349
.30514947,-.04220029
.30523586,-.042200238
.30525023,-.042200223
.30527645,-.042200208
.30536243,-.042200156
.30543068,-.042200107
.30545041,-.042200096
.30546182,-.042200089
.30556321,-.042200021
.30557215,-.042200014
.30562478,-.04219998
.3056767,-.042199943
.3057119,-.042199921
.30577135,-.04219988
.30580625,-.042199854
.305843,-.042199828
.30587941,-.042199805
.30591452,-.042199783
.30594975,-.042199761
.30595893,-.042199749
.30600923,-.04219972
.30602145,-.042199709
.30607045,-.042199671
.30613461,-.042199627
.30619889,-.042199582
.30621296,-.042199574
.30627692,-.04219953
.30635425,-.04219947
.30641842,-.042199425
.30648214,-.042199381
.30649507,-.04219937
.30650839,-.042199358
.30651742,-.042199351
.30654576,-.042199332
.30659321,-.042199299
.30664942,-.042199254
.30679357,-.042199146
.30682078,-.042199124
.30690065,-.042199064
.30692741,-.042199042
.3069827,-.042198997
.30703884,-.042198956
.30706036,-.042198941
.30712545,-.042198885
.30719322,-.042198837
.30724964,-.042198792
.30730262,-.042198751
.30732986,-.042198729
.30734792,-.042198718
.30740386,-.042198673
.30744928,-.042198636
.30749494,-.042198602
.30754018,-.042198565
.30758581,-.042198528
.30759919,-.04219852
.30764487,-.042198483
.30766618,-.042198468
.30771533,-.042198427
.30776465,-.04219839
.30781341,-.042198349
.30786204,-.042198308
.30790347,-.042198274
.30795282,-.042198237
.30796477,-.042198222
.30806139,-.042198148
.30807352,-.042198133
.30808559,-.042198125
.30809858,-.042198114
.30811295,-.042198099
.30819002,-.04219804
.30821022,-.042198021
.30822226,-.04219801
.30829966,-.042197943
.30831867,-.042197928
.30833066,-.04219792
.3083427,-.042197905
.30836815,-.042197887
.30838004,-.042197876
.30839193,-.042197865
.3084085,-.04219785
.30848879,-.042197779
.30852544,-.042197745
.30854535,-.04219773
.30856568,-.042197715
.30858582,-.042197693
.30860582,-.042197678
.30861914,-.042197663
.30863261,-.042197652
.30864614,-.042197641
.30865949,-.042197626
.30867276,-.042197615
.30871177,-.042197581
.30878562,-.042197514
.30886012,-.042197447
.30888158,-.042197429
.30895555,-.042197358
.30900589,-.042197313
.30908021,-.04219725
.30915383,-.042197183
.30919266,-.042197149
.30926734,-.042197078
.309282,-.042197067
.30932757,-.042197026
.30940458,-.042196952
.30944508,-.042196915
.30948511,-.042196877
.30952543,-.04219684
.30956596,-.042196803
.30960587,-.042196766
.30961785,-.042196754
.30972877,-.042196646
.30984509,-.042196538
.30988395,-.042196501
.30989996,-.042196482
.31005681,-.042196326
.31007257,-.042196311
.31022933,-.042196155
.31038749,-.042195998
.31054503,-.042195842
.310561,-.042195823
.310718,-.042195667
.31076089,-.042195626
.31080359,-.042195585
.31081951,-.04219557
.3108353,-.042195555
.31085804,-.042195529
.31093329,-.042195454
.3110081,-.042195376
.3111155,-.042195264
.31122255,-.042195152
.3112455,-.04219513
.31126806,-.042195108
.31137645,-.042194996
.3114517,-.042194918
.3115271,-.04219484
.31155011,-.042194817
.31162512,-.042194739
.31164774,-.042194717
.31167471,-.042194691
.31170252,-.042194661
.31174144,-.04219462
.31176418,-.042194594
.31178427,-.042194568
.31180516,-.042194549
.31182581,-.042194523
.31184858,-.042194501
.3118687,-.042194478
.31188899,-.042194456
.31194827,-.042194393
.31197101,-.042194366
.31199539,-.04219434
.31201807,-.042194314
.31204084,-.042194288
.31206509,-.042194262
.31208944,-.042194236
.31211343,-.042194206
.31213748,-.042194184
.31219667,-.042194117
.31220835,-.042194106
.3122471,-.042194057
.31226367,-.042194039
.31242657,-.042193849
.31247294,-.042193796
.31248441,-.042193782
.3125498,-.042193711
.31256145,-.042193692
.31266829,-.042193569
.31267995,-.042193558
.31269595,-.042193536
.31287485,-.042193331
.31294024,-.042193253
.31298658,-.0421932
.31299829,-.042193186
.31304458,-.042193133
.31309098,-.042193081
.3131983,-.042192955
.3132098,-.042192943
.31325608,-.042192891
.31331334,-.04219282
.31332931,-.042192806
.31339988,-.04219272
.31342763,-.04219269
.31348124,-.042192623
.31357211,-.042192515
.3136225,-.042192455
.31367597,-.042192388
.31377676,-.042192269
.31387523,-.04219215
.31394225,-.042192068
.31399986,-.042191997
.31405744,-.042191926
.31415585,-.042191803
.31421354,-.042191733
.31431368,-.04219161
.31441155,-.042191491
.31448835,-.042191397
.31454203,-.04219133
.31456468,-.042191301
.31458735,-.042191278
.31461009,-.042191248
.3146314,-.042191219
.31465313,-.042191196
.31467587,-.042191166
.31469825,-.042191137
.31478843,-.042191021
.31488505,-.042190898
.31490889,-.042190868
.31497425,-.042190783
.31502753,-.042190712
.31506783,-.042190664
.31515792,-.042190548
.31524348,-.042190436
.31526735,-.042190403
.31535748,-.042190291
.31538087,-.042190261
.31542116,-.042190205
.31543756,-.042190187
.31544983,-.042190168
.31553853,-.042190056
.31562835,-.042189941
.3156482,-.042189915
.31566039,-.0421899
.3156839,-.04218987
.31570005,-.042189848
.31579041,-.042189732
.31580272,-.042189717
.31589293,-.042189602
.31601349,-.042189445
.31602964,-.042189427
.31604943,-.042189401
.31608918,-.042189348
.316109,-.042189322
.3161211,-.042189304
.31616074,-.042189255
.31618422,-.042189222
.31620312,-.042189199
.31622279,-.042189173
.31623879,-.042189155
.31627887,-.042189103
.31636834,-.042188987
.31638432,-.042188969
.31647012,-.042188857
.31660143,-.042188689
.31662145,-.042188659
.31670806,-.042188548
.31678194,-.042188454
.31686786,-.042188343
.31687996,-.042188331
.31696278,-.042188223
.31700134,-.042188175
.31703764,-.042188123
.31705794,-.042188101
.31711152,-.04218803
.31713209,-.042188
.3171472,-.042187981
.31716904,-.042187952
.3172029,-.042187907
.31723666,-.042187858
.31727058,-.04218781
.31730416,-.042187762
.31733799,-.042187717
.31742015,-.042187598
.31743494,-.042187575
.31747624,-.042187519
.31754231,-.042187426
.31759283,-.042187355
.31764388,-.042187281
.31768551,-.042187221
.31770009,-.042187203
.31775075,-.042187132
.31780118,-.042187057
.31785133,-.04218699
.31790188,-.04218692
.31792367,-.042186886
.31801587,-.042186756
.31803814,-.042186722
.31811774,-.042186603
.31815869,-.04218654
.31817704,-.04218651
.31828281,-.042186346
.31838867,-.042186186
.31840193,-.042186167
.31850785,-.042185999
.31852463,-.042185977
.31863043,-.042185813
.31864238,-.042185791
.31873968,-.042185642
.31875655,-.042185616
.31882268,-.042185515
.31883579,-.042185493
.31890208,-.042185392
.31892979,-.042185348
.31899595,-.042185247
.31900793,-.042185228
.31910846,-.042185072
.31917304,-.042184971
.31927124,-.042184819
.31937087,-.042184666
.31943697,-.042184565
.31946462,-.042184521
.31948158,-.042184494
.31954783,-.04218439
.31966016,-.042184219
.31967244,-.042184196
.31969985,-.042184155
.31974915,-.042184085
.31977686,-.042184036
.31988257,-.042183872
.31991026,-.042183831
.31992656,-.042183809
.32002479,-.042183656
.320041,-.04218363
.32010168,-.042183537
.32011643,-.042183511
.3201578,-.042183448
.32030118,-.042183224
.32037222,-.042183112
.32039511,-.042183079
.32042673,-.042183027
.32046777,-.04218296
.3204906,-.042182922
.320517,-.042182878
.32054442,-.042182833
.32057139,-.042182788
.32059434,-.042182747
.32063603,-.04218268
.32066309,-.042182632
.32068971,-.042182591
.32072064,-.042182535
.32075164,-.042182483
.3207697,-.042182453
.32078132,-.042182434
.32079604,-.042182408
.32081529,-.042182371
.32090509,-.042182215
.32102984,-.042181987
.32110432,-.042181853
.32114595,-.042181779
.32115662,-.042181756
.32119337,-.042181693
.32123497,-.042181615
.3212581,-.042181574
.32126984,-.042181551
.32128152,-.042181525
.32131928,-.042181458
.32134113,-.042181414
.32137862,-.042181343
.32141644,-.042181268
.32143831,-.042181227
.32147989,-.042181145
.32149848,-.042181108
.32152036,-.042181067
.3215422,-.042181026
.32156411,-.042180985
.32158282,-.042180948
.32167968,-.042180758
.32171759,-.042180683
.32175526,-.042180613
.32184219,-.042180445
.32189965,-.042180333
.32193741,-.042180259
.32195598,-.042180225
.32197481,-.042180188
.32199365,-.042180154
.32204613,-.04218005
.32209247,-.042179961
.32211015,-.042179924
.32212797,-.04217989
.322146,-.042179853
.32216385,-.042179815
.3221817,-.042179782
.32225081,-.042179644
.32234803,-.042179443
.32244882,-.042179242
.32254577,-.042179044
.32264322,-.042178847
.32274291,-.042178646
.32278967,-.042178553
.32283813,-.042178448
.32288584,-.042178351
.32293361,-.042178247
.32295254,-.042178206
.32296595,-.042178176
.32297841,-.042178147
.32299101,-.04217812
.32301849,-.042178061
.32306677,-.042177957
.32310241,-.042177878
.32311866,-.042177841
.32314461,-.042177785
.32323971,-.042177569
.32325894,-.042177528
.3232908,-.042177454
.32338494,-.042177234
.32343307,-.042177122
.32349184,-.042176988
.32360595,-.04217672
.32366332,-.042176589
.32372075,-.042176455
.32380351,-.042176265
.32386318,-.042176124
.32392305,-.042175986
.32393476,-.04217596
.32394996,-.042175923
.32397285,-.042175867
.32403493,-.042175718
.32405946,-.042175658
.32415348,-.042175427
.32424697,-.042175196
.32434073,-.042174973
.32443476,-.042174742
.32460603,-.042174321
.32477102,-.042173918
.32479641,-.042173855
.32482463,-.042173784
.32485262,-.042173717
.32486597,-.042173684
.32488236,-.042173643
.32493007,-.042173523
.3249518,-.042173464
.32501155,-.042173311
.32507166,-.042173162
.32513162,-.042173006
.32517815,-.042172886
.3252196,-.042172778
.32534519,-.042172458
.32543272,-.042172231
.32544997,-.042172186
.32551023,-.04217203
.32555217,-.042171922
.32556325,-.042171892
.3255848,-.04217184
.32559842,-.042171802
.32565856,-.042171646
.3256698,-.042171616
.325681,-.04217159
.32569441,-.042171557
.32581979,-.042171236
.32583091,-.042171206
.32584187,-.042171177
.32588771,-.042171057
.32601297,-.042170737
.32603687,-.04217067
.32605729,-.042170618
.32606944,-.042170588
.32608145,-.042170554
.32609326,-.042170525
.32614085,-.042170398
.3263188,-.042169917
.32647136,-.042169508
.32663932,-.042169049
.32679746,-.042168621
.326922,-.042168282
.32693648,-.042168245
.32709116,-.042167827
.32721648,-.042167488
.32737002,-.042167075
.32738361,-.042167038
.32743105,-.042166907
.32758841,-.042166475
.32768655,-.042166203
.327712,-.042166136
.32773751,-.042166065
.3277629,-.042165995
.32785371,-.042165741
.3278791,-.042165671
.32790425,-.0421656
.32794061,-.042165495
.32796621,-.042165428
.3279798,-.042165387
.32800573,-.042165313
.32802898,-.042165246
.32814914,-.042164907
.32821807,-.042164709
.32833892,-.04216437
.32838038,-.042164251
.32840708,-.042164177
.32849258,-.042163935
.32851553,-.042163868
.32863727,-.042163521
.32876146,-.042163171
.32878834,-.042163093
.32879999,-.042163059
.3288722,-.042162858
.32900089,-.042162493
.32902661,-.042162418
.32904306,-.042162374
.32906091,-.042162322
.32907888,-.042162269
.32909656,-.042162217
.32911444,-.042162169
.32913235,-.042162113
.32914436,-.042162076
.32927564,-.042161692
.32929847,-.042161621
.32931188,-.042161584
.32933021,-.042161528
.32939205,-.042161345
.32940912,-.042161297
.32948586,-.042161062
.32949555,-.042161033
.32954296,-.042160884
.32955909,-.042160835
.32972923,-.042160306
.32974541,-.042160258
.3297576,-.04216022
.32976657,-.042160191
.32978275,-.042160142
.32979533,-.042160101
.32981145,-.042160053
.32982764,-.042160004
.32991222,-.04215974
.32998958,-.042159501
.33007425,-.042159237
.33015886,-.042158972
.33024353,-.042158712
.33032811,-.042158451
.33034292,-.042158403
.33035818,-.042158358
.33038434,-.042158276
.33046523,-.042158019
.33048892,-.042157941
.33053592,-.042157792
.33056563,-.042157698
.33058533,-.042157631
.33069783,-.04215727
.33071786,-.042157203
.3307375,-.042157143
.33077365,-.042157028
.33079368,-.042156961
.33081341,-.042156901
.33089617,-.042156629
.33094311,-.042156473
.33096018,-.042156417
.33104634,-.04215613
.33106342,-.042156074
.33109304,-.042155974
.33112335,-.042155869
.33115339,-.042155772
.33118296,-.042155672
.33124524,-.042155463
.33130741,-.042155258
.33136711,-.042155057
.33143154,-.042154841
.33149359,-.042154633
.33154148,-.042154472
.33160648,-.042154253
.33165395,-.042154092
.33170173,-.042153928
.33171955,-.042153873
.33173773,-.042153805
.33175567,-.042153742
.33177346,-.042153683
.33179155,-.042153619
.33181152,-.042153552
.33187312,-.042153336
.33189553,-.042153262
.33195755,-.042153042
.33197296,-.04215299
.33199403,-.042152915
.33204198,-.042152748
.33207884,-.04215261
.33224505,-.042151991
.33228007,-.042151857
.33229354,-.042151809
.33237985,-.042151485
.33239177,-.04215144
.33241123,-.042151365
.33245903,-.042151179
.3324973,-.04215103
.33251169,-.042150978
.33252653,-.042150918
.33256832,-.042150758
.33258292,-.042150702
.33263126,-.042150516
.33266899,-.042150367
.33268377,-.042150311
.33270565,-.042150229
.33272892,-.04215014
.33274347,-.04215008
.33279163,-.042149894
.33282948,-.042149749
.33286732,-.042149603
.33296397,-.042149227
.33301201,-.042149045
.33305714,-.042148869
.33308363,-.042148769
.33311,-.042148665
.33315867,-.042148475
.33319676,-.042148326
.33322304,-.042148229
.33323851,-.042148165
.33325297,-.042148113
.33326527,-.042148065
.33328897,-.042147968
.33331525,-.042147867
.33332869,-.042147812
.33338264,-.042147599
.33345297,-.04214732
.33347067,-.042147249
.33363226,-.042146605
.33369124,-.042146362
.33371958,-.042146254
.3337332,-.042146198
.33374685,-.042146143
.33376652,-.042146064
.3337861,-.042145986
.33380544,-.042145912
.33382538,-.04214583
.33384457,-.042145755
.33386186,-.042145684
.33387259,-.04214564
.33388621,-.042145588
.33393407,-.042145398
.33399382,-.042145159
.33401084,-.042145088
.33402973,-.042145014
.33406293,-.04214488
.33407894,-.042144813
.33409241,-.04214476
.33410844,-.042144693
.33424106,-.042144146
.33425432,-.042144094
.33427319,-.042144015
.33434564,-.042143717
.33441842,-.042143416
.33449122,-.042143118
.33456406,-.042142816
.3345871,-.042142723
.3346456,-.042142481
.33475277,-.042142037
.33479327,-.04214187
.33483395,-.042141702
.3348746,-.042141531
.33494195,-.042141255
.33498198,-.042141091
.33502278,-.042140923
.33504093,-.042140845
.3350592,-.042140767
.33507732,-.042140692
.33509362,-.042140622
.33517456,-.042140283
.33518776,-.042140227
.33527666,-.042139851
.33533025,-.04213962
.33535242,-.042139526
.3353762,-.042139426
.33542997,-.042139195
.33544737,-.04213912
.33560422,-.042138454
.33576098,-.042137787
.33582965,-.042137496
.33590105,-.042137187
.33597237,-.042136878
.33604056,-.042136587
.33610979,-.042136289
.33619022,-.042135939
.33620858,-.042135861
.33622694,-.042135783
.33628544,-.042135529
.33629876,-.04213547
.33631212,-.042135414
.33641401,-.042134963
.33643556,-.04213487
.33648959,-.042134635
.33654359,-.042134397
.33659759,-.042134162
.33665657,-.042133901
.33681354,-.042133216
.33682799,-.042133149
.33685908,-.042133015
.33691975,-.042132746
.33693135,-.042132698
.33708838,-.042131998
.33715668,-.042131692
.33717009,-.042131629
.33722085,-.042131405
.33727586,-.042131152
.33731174,-.042130992
.3373872,-.042130653
.33743781,-.042130426
.33751363,-.042130083
.33755785,-.042129882
.33763322,-.042129543
.33768344,-.042129319
.33770406,-.042129222
.33772704,-.042129122
.337782,-.042128872
.33783242,-.042128645
.3378545,-.042128544
.33793011,-.042128205
.33798069,-.042127974
.33805624,-.042127635
.33807626,-.042127542
.3381575,-.042127177
.33817458,-.042127099
.33831096,-.042126477
.33834788,-.042126309
.33836132,-.042126246
.33851823,-.042125527
.33870021,-.042124689
.33886516,-.042123925
.33903259,-.042123154
.33920172,-.042122375
.33924869,-.042122155
.33941197,-.042121403
.33943206,-.04212131
.33945212,-.042121217
.33946902,-.042121138
.3394857,-.04212106
.33950254,-.042120982
.33951944,-.042120904
.33953631,-.042120825
.3396033,-.042120513
.33962563,-.042120412
.33965927,-.042120256
.33968055,-.042120155
.33978719,-.042119663
.339809,-.042119559
.33983076,-.042119458
.33985245,-.042119358
.33987406,-.042119253
.33989584,-.042119157
.33990738,-.042119097
.33993095,-.042118989
.33995962,-.042118851
.34002241,-.042118553
.34005603,-.042118389
.34008974,-.042118229
.34012318,-.042118069
.34017769,-.042117812
.34025231,-.042117454
.34026551,-.042117391
.34033737,-.042117044
.34040883,-.042116698
.34048027,-.042116355
.34061337,-.042115707
.34063327,-.04211561
.34066656,-.04211545
.34070212,-.042115271
.34085941,-.0421145
.34092429,-.042114183
.34101105,-.042113762
.34105018,-.042113569
.34106562,-.042113494
.3411372,-.042113137
.34119478,-.042112846
.34121487,-.042112749
.34123155,-.042112667
.34125447,-.042112552
.34137005,-.04211197
.34142542,-.042111691
.34148559,-.042111386
.34151107,-.042111259
.34153903,-.042111117
.3415947,-.042110838
.34165788,-.042110521
.34171894,-.042110216
.34174386,-.042110089
.34184387,-.042109586
.34187025,-.042109456
.34197092,-.042108949
.34209371,-.042108331
.34219408,-.042107828
.34221017,-.04210775
.34222457,-.042107675
.34229916,-.042107295
.3424314,-.042106625
.34256455,-.04210595
.34269437,-.042105295
.34272689,-.042105127
.34285849,-.04210446
.34299058,-.04210379
.34300703,-.042103704
.34302083,-.042103633
.34303448,-.042103563
.34304813,-.042103495
.34306192,-.042103428
.3431235,-.042103108
.34313732,-.042103041
.3431949,-.042102747
.34325597,-.042102434
.34331167,-.042102147
.34338257,-.042101782
.34340495,-.042101666
.34342161,-.042101581
.34349352,-.042101208
.34351599,-.042101093
.34353808,-.042100981
.34356031,-.042100865
.34363145,-.0421005
.34369898,-.04210015
.34371945,-.04210005
.3437399,-.042099942
.34386232,-.042099312
.34391707,-.042099029
.34403372,-.042098425
.34415346,-.042097811
.34427175,-.0420972
.34427929,-.042097162
.34440097,-.042096533
.34444857,-.042096291
.34449163,-.042096067
.34454748,-.04209578
.34456521,-.042095684
.34458601,-.042095579
.34467027,-.042095147
.34473544,-.042094808
.34479102,-.042094525
.34495604,-.042093672
.34496364,-.042093635
.34498924,-.042093504
.34514609,-.042092692
.34516412,-.042092603
.34529051,-.042091947
.34529796,-.04209191
.34532446,-.042091776
.34534243,-.042091683
.34536082,-.042091586
.34537879,-.042091496
.34539673,-.042091399
.3455596,-.042090561
.34556726,-.042090524
.34573126,-.042089678
.34575161,-.042089574
.34575924,-.042089533
.34578001,-.042089425
.34580651,-.042089291
.34581855,-.042089228
.34583008,-.042089172
.34584558,-.04208909
.34586099,-.042089012
.34587643,-.042088933
.34589186,-.042088848
.34591058,-.042088754
.34593433,-.042088632
.3459577,-.042088509
.34598127,-.042088389
.34600481,-.042088266
.34602839,-.04208814
.34609076,-.042087816
.34616196,-.042087439
.34618467,-.04208732
.34625587,-.042086944
.34631065,-.042086657
.34632787,-.04208656
.34634337,-.042086482
.34635666,-.042086411
.34636995,-.04208634
.34638685,-.042086251
.34640688,-.042086147
.34655875,-.042085342
.34657207,-.042085271
.34658542,-.042085204
.34662181,-.042085011
.34663516,-.04208494
.3466512,-.042084854
.34668162,-.042084694
.34669584,-.042084619
.34676391,-.042084258
.34677854,-.04208418
.34683955,-.042083856
.34685579,-.04208377
.34687114,-.042083688
.34688997,-.042083587
.34691754,-.042083438
.34693283,-.042083357
.34698981,-.042083051
.34700841,-.04208295
.347067,-.04208263
.34709299,-.042082492
.34710369,-.042082433
.34713972,-.042082239
.34716186,-.04208212
.34722081,-.042081799
.34723431,-.042081729
.34725103,-.042081639
.34736457,-.042081021
.3474347,-.042080645
.347451,-.042080555
.34746721,-.042080466
.34747979,-.042080399
.3474924,-.042080332
.34750503,-.042080261
.34751767,-.042080194
.34759048,-.042079799
.34766057,-.042079415
.34768376,-.042079292
.34770697,-.042079166
.34771925,-.042079099
.34772983,-.042079043
.34775174,-.042078923
.34777367,-.0420788
.34779692,-.042078678
.34781834,-.042078555
.347846,-.042078406
.34786302,-.042078309
.34788147,-.042078212
.34794056,-.04207788
.34805191,-.042077266
.34811133,-.042076934
.34817433,-.042076584
.34828919,-.042075951
.34834826,-.042075623
.3484607,-.042075001
.34847885,-.042074896
.34859094,-.042074282
.34861422,-.042074148
.34862688,-.042074081
.34864861,-.042073958
.34866989,-.042073838
.34876102,-.042073324
.34885359,-.042072807
.3488768,-.042072676
.34889919,-.042072553
.34895438,-.04207224
.34904507,-.042071726
.34906754,-.042071596
.34912404,-.042071275
.34920329,-.042070828
.34925896,-.042070512
.34931466,-.042070195
.34937164,-.042069871
.34938315,-.042069808
.34939945,-.042069715
.34941819,-.04206961
.34945562,-.042069394
.34955961,-.042068802
.3496632,-.042068213
.34972441,-.042067859
.3497932,-.042067464
.34986258,-.04206707
.34992993,-.042066682
.35001579,-.04206619
.35007808,-.042065833
.35014737,-.04206543
.35021606,-.042065036
.35035518,-.042064235
.3503871,-.042064048
.35041773,-.042063873
.35043523,-.042063773
.35049778,-.042063411
.35053226,-.04206321
.35062432,-.042062677
.3506797,-.042062357
.35077056,-.042061832
.35079116,-.042061713
.35084698,-.042061385
.35094222,-.042060833
.35102758,-.042060342
.35111928,-.042059805
.35113591,-.042059712
.35117772,-.04205947
.35132867,-.042058591
.35137987,-.042058293
.35143206,-.042057991
.35153484,-.042057391
.35156339,-.042057227
.35159266,-.042057052
.35162136,-.042056888
.35166338,-.042056642
.35169184,-.042056475
.35172069,-.042056307
.35182911,-.042055678
.35194093,-.042055026
.35201555,-.042054586
.35207772,-.042054225
.352139,-.042053863
.35220024,-.042053506
.35226133,-.042053144
.35232258,-.042052787
.35238373,-.042052425
.35239798,-.04205234
.35241285,-.042052254
.35243145,-.042052142
.35245425,-.042052008
.35258931,-.042051192
.35261217,-.042051051
.35262287,-.042050987
.35263151,-.042050935
.35269299,-.042050563
.35271886,-.042050406
.35278553,-.042050004
.35281149,-.042049848
.35287964,-.042049434
.352945,-.042049035
.35297108,-.042048879
.35298628,-.04204879
.35300156,-.042048693
.35301664,-.042048603
.35303172,-.042048514
.35304698,-.042048417
.35315329,-.042047776
.3531664,-.042047698
.35317937,-.042047616
.35319233,-.042047538
.35326165,-.042047113
.35327318,-.042047042
.35329199,-.042046927
.35331544,-.042046785
.35337698,-.042046402
.35338762,-.042046338
.35341364,-.042046174
.35343969,-.042046014
.35345447,-.042045925
.35361725,-.042044915
.35363024,-.042044837
.3536928,-.04204445
.35370579,-.042044368
.35377741,-.042043921
.3537994,-.042043783
.35382292,-.042043637
.35384539,-.042043496
.35388371,-.042043254
.35389438,-.042043183
.35399419,-.042042553
.35401666,-.042042416
.35403156,-.042042319
.3541308,-.042041693
.3541685,-.042041454
.35418475,-.042041354
.35425413,-.042040907
.35444745,-.042039678
.35448438,-.042039439
.35450104,-.042039331
.3546226,-.042038549
.35465828,-.042038318
.35470864,-.042037994
.35474351,-.04203777
.35486415,-.042036995
.35491461,-.042036667
.35496587,-.042036336
.35500181,-.042036105
.35506448,-.042035703
.3550995,-.042035475
.35511684,-.042035364
.35523796,-.042034585
.35528886,-.042034257
.3554104,-.042033475
.35546067,-.042033151
.35549578,-.042032924
.35550874,-.042032842
.35552183,-.042032756
.35559091,-.042032309
.35561424,-.042032156
.35563746,-.042032007
.35566106,-.042031854
.35568431,-.042031702
.35570788,-.042031549
.35573554,-.042031366
.35578996,-.042031012
.35582438,-.042030793
.35584581,-.042030651
.35588312,-.042030409
.3559373,-.042030051
.35597008,-.042029835
.35599688,-.04202966
.35602158,-.0420295
.35608625,-.042029075
.35611123,-.042028911
.35613647,-.042028744
.35614961,-.042028654
.35616314,-.042028569
.35632834,-.042027481
.35635704,-.042027295
.35636994,-.042027213
.35639447,-.042027045
.35641935,-.042026885
.35643089,-.042026807
.35652676,-.042026177
.3566128,-.042025615
.35673356,-.042024817
.35685402,-.04202402
.35697448,-.042023227
.35709518,-.042022429
.35712722,-.042022213
.35723603,-.042021498
.35735649,-.042020701
.35739088,-.042020474
.35754839,-.042019419
.35756171,-.042019334
.35758024,-.042019211
.35759881,-.042019084
.35761228,-.042018991
.35762551,-.042018905
.35768145,-.042018533
.35773781,-.042018153
.3577511,-.042018063
.3577697,-.04201794
.35783893,-.042017475
.35785961,-.042017337
.35789454,-.042017102
.35792869,-.042016871
.35794747,-.042016745
.35800499,-.042016353
.3580265,-.042016204
.35804778,-.042016063
.35813257,-.042015482
.35815307,-.04201534
.35817659,-.04201518
.35819978,-.042015024
.3582207,-.042014882
.35826874,-.04201455
.3583703,-.042013858
.35847196,-.042013157
.35849398,-.042013008
.35850656,-.042012922
.35860914,-.042012215
.35862795,-.042012081
.35866195,-.04201185
.35872376,-.042011421
.3587423,-.042011291
.35875979,-.042011172
.3587814,-.042011019
.35886696,-.042010427
.35888797,-.042010285
.3590019,-.042009488
.35901496,-.042009398
.35903564,-.042009257
.35908192,-.042008933
.35919073,-.042008173
.35922593,-.042007927
.35924479,-.042007793
.35927507,-.042007584
.35930496,-.042007372
.35933506,-.042007159
.3593649,-.042006951
.35939518,-.042006735
.35941163,-.042006616
.35942999,-.042006489
.35946479,-.042006243
.35949963,-.042005997
.35958916,-.04200536
.35961127,-.042005204
.35963801,-.042005017
.3596504,-.042004924
.35974935,-.042004224
.35976532,-.042004112
.35982132,-.042003717
.3598516,-.042003501
.35987785,-.042003311
.3599084,-.042003095
.35997027,-.042002648
.36004058,-.042002141
.36005715,-.042002022
.36012715,-.042001519
.36014092,-.042001419
.36015493,-.042001314
.36021116,-.042000912
.36022389,-.042000823
.36024052,-.0420007
.3602519,-.042000618
.36030686,-.042000216
.3603372,-.041999999
.36035469,-.041999873
.36042708,-.04199934
.36049932,-.041998811
.36056957,-.041998297
.3605817,-.041998204
.36061877,-.041997932
.36066991,-.041997559
.36068654,-.041997436
.36070624,-.041997291
.3607257,-.041997146
.36077175,-.041996811
.36084443,-.041996274
.36091688,-.041995738
.36093339,-.041995615
.36100572,-.041995086
.36110067,-.041994382
.36125106,-.041993268
.36131409,-.041992798
.3613776,-.041992329
.36144122,-.041991856
.36146197,-.041991703
.36149901,-.041991428
.36151031,-.041991342
.36158106,-.041990813
.36165231,-.041990276
.36172211,-.041989759
.36179191,-.041989237
.36182263,-.041989006
.36186078,-.041988723
.36200041,-.041987676
.362019,-.041987538
.36203796,-.041987397
.3620567,-.041987259
.36207524,-.041987117
.3620936,-.041986983
.3621172,-.041986804
.36219844,-.041986201
.36226743,-.041985679
.36233646,-.041985165
.36235282,-.041985042
.36236626,-.041984946
.36239085,-.041984759
.36242157,-.041984528
.36245224,-.041984297
.36251736,-.041983809
.36256516,-.041983452
.36260572,-.041983146
.36264557,-.041982841
.36266443,-.041982703
.36270419,-.041982397
.3627249,-.041982241
.36275765,-.041981995
.36279804,-.041981686
.36281466,-.041981559
.3628833,-.041981034
.3629514,-.04198052
.36297131,-.041980367
.36311111,-.041979305
.36313069,-.041979153
.36315143,-.041978996
.36321938,-.041978482
.36323872,-.041978333
.36325994,-.041978173
.36340383,-.041977081
.36354688,-.041975994
.36363143,-.041975345
.3636716,-.041975044
.36368713,-.041974925
.36370257,-.041974809
.36371824,-.04197469
.36374491,-.041974481
.36376062,-.041974362
.36377603,-.041974247
.36385989,-.041973606
.36394352,-.041972972
.36397606,-.041972723
.36403933,-.041972235
.36410287,-.041971747
.36413577,-.041971494
.36417615,-.041971181
.36419716,-.04197102
.36423007,-.041970767
.36424261,-.04197067
.36425537,-.041970573
.36426803,-.041970473
.36428064,-.041970376
.36434934,-.041969843
.36436194,-.04196975
.36439127,-.041969523
.36444396,-.041969117
.36452156,-.041968517
.36453927,-.041968379
.36455363,-.041968267
.36456802,-.041968156
.36459252,-.041967969
.36460742,-.041967854
.3646704,-.041967366
.36470246,-.041967116
.36471716,-.041967005
.36473882,-.041966837
.36485949,-.041965902
.36487371,-.041965794
.36488801,-.041965682
.36490461,-.041965555
.36493671,-.041965306
.3649615,-.041965116
.36498293,-.041964948
.36500812,-.041964754
.36504009,-.041964505
.36506093,-.041964345
.3650758,-.041964229
.3652164,-.041963145
.36525217,-.041962869
.36527678,-.041962679
.36530161,-.041962486
.365334,-.041962236
.36535096,-.041962102
.3653658,-.041961987
.36538023,-.041961879
.36546528,-.041961219
.36553994,-.041960642
.36556038,-.041960482
.36558235,-.041960314
.3656587,-.041959722
.36566964,-.041959632
.3657409,-.041959077
.36587501,-.041958019
.36593732,-.041957531
.3659676,-.041957296
.36599812,-.041957054
.36601922,-.04195689
.36605126,-.041956637
.36608356,-.041956384
.36611032,-.041956171
.36613178,-.041956004
.3662284,-.041955248
.36625487,-.041955035
.366317,-.041954547
.36634389,-.041954339
.36638281,-.041954033
.3664442,-.041953553
.3665072,-.041953053
.36661419,-.041952215
.36668921,-.041951623
.36670053,-.04195153
.3667767,-.04195093
.36685213,-.041950338
.36689067,-.041950032
.3669655,-.04194944
.36705101,-.041948766
.36713502,-.041948099
.36722025,-.041947421
.3672519,-.041947167
.36728257,-.041946921
.36732936,-.041946549
.36734086,-.041946456
.36737275,-.041946203
.36739111,-.041946057
.36742142,-.041945815
.36757958,-.041944552
.36759812,-.041944403
.36763024,-.041944146
.36764178,-.041944053
.36767551,-.041943785
.36773786,-.041943286
.36789486,-.04194203
.36799884,-.041941199
.36801621,-.041941065
.36804715,-.041940812
.36820465,-.041939557
.3682676,-.041939057
.36842433,-.041937802
.36858118,-.04193655
.36867753,-.041935775
.36868891,-.041935686
.36869991,-.0419356
.36879641,-.041934818
.36889216,-.041934047
.3689172,-.041933846
.36900711,-.041933123
.36910534,-.041932322
.3691878,-.041931655
.36920658,-.041931503
.369268,-.041931007
.36928129,-.041930895
.36929461,-.041930787
.36930794,-.041930683
.36932123,-.041930575
.36933446,-.041930463
.36942497,-.041929729
.36943781,-.041929625
.3694492,-.041929528
.36955038,-.041928705
.36965168,-.041927878
.36976632,-.041926939
.36983365,-.041926391
.36987391,-.04192606
.3699716,-.041925255
.37000439,-.041924987
.37004671,-.041924641
.37010142,-.041924186
.37012064,-.041924026
.37014836,-.041923799
.37027076,-.041922793
.37029833,-.041922562
.37033984,-.041922219
.37035936,-.041922059
.37047487,-.041921102
.37063187,-.04191979
.37066785,-.041919492
.37081861,-.041918237
.37093133,-.041917294
.37094179,-.041917209
.37096319,-.04191703
.37101272,-.041916613
.37103406,-.041916434
.37108892,-.041915976
.37120986,-.041914962
.37129602,-.04191424
.37134627,-.041913819
.37139678,-.041913398
.37142402,-.04191317
.37144652,-.04191298
.37149745,-.041912552
.37151855,-.041912381
.37153971,-.041912198
.37156722,-.041911967
.37158224,-.041911844
.37163684,-.041911386
.37168762,-.041910965
.37171495,-.041910734
.37180153,-.041910004
.37195969,-.04190867
.37199664,-.041908357
.37206703,-.041907761
.3721031,-.041907459
.37213901,-.041907154
.37221965,-.041906469
.37228775,-.041905887
.37230912,-.041905709
.37236384,-.041905243
.37239724,-.04190496
.37239739,-.04190496
.37239751,-.041904956
.37243393,-.041904647
.37253994,-.041903745
.37264732,-.041902833
.37267056,-.041902635
.37269196,-.041902453
.37284932,-.041901115
.37290424,-.041900646
.37303269,-.041899554
.37305817,-.041899338
.37308377,-.041899119
.37322587,-.041897908
.37325141,-.041897692
.3732768,-.041897476
.37330711,-.041897219
.37332246,-.041897085
.37334794,-.041896868
.37344527,-.041896038
.37350667,-.041895512
.37359828,-.041894726
.37371254,-.041893754
.37373248,-.041893579
.37376857,-.04189327
.37384099,-.041892648
.37392128,-.041891959
.37393489,-.041891839
.37404969,-.041890852
.37408587,-.041890539
.37412196,-.041890226
.3741881,-.041889656
.37422416,-.041889343
.3742632,-.041889008
.37430224,-.041888669
.37433827,-.04188836
.37439212,-.041887894
.37442359,-.041887626
.37446991,-.041887224
.37450904,-.041886888
.37453005,-.041886706
.37456861,-.041886374
.37460741,-.041886035
.37464359,-.041885722
.37470737,-.041885175
.37485725,-.041883871
.37489331,-.041883558
.37490821,-.041883431
.37500069,-.041882623
.3750937,-.041881815
.37518352,-.041881029
.3753469,-.041879602
.37536532,-.041879438
.37552497,-.041878045
.37567976,-.041876685
.37572637,-.041876279
.37574857,-.041876085
.37591073,-.041874662
.37606522,-.041873306
.37611678,-.041872859
.37627381,-.041871481
.3763192,-.041871086
.37634426,-.041870862
.37636381,-.041870695
.37643528,-.041870065
.37651715,-.041869342
.37655458,-.041869011
.37660727,-.041868545
.37670013,-.041867718
.37670028,-.041867718
.37684488,-.041866429
.37693644,-.041865617
.37709692,-.04186419
.37711847,-.041863997
.37716749,-.041863561
.37718812,-.041863374
.37724039,-.041862901
.37728733,-.041862477
.37733349,-.041862063
.37738043,-.041861638
.37747699,-.04186077
.37758282,-.041859817
.37764376,-.041859265
.37770343,-.041858729
.37781042,-.04185776
.37792683,-.041856714
.37797406,-.041856289
.3780787,-.041855343
.3781009,-.041855145
.37819073,-.041854333
.37823781,-.041853908
.37828416,-.041853491
.37839484,-.041852489
.37848485,-.041851681
.37854448,-.041851144
.37860626,-.041850585
.37869611,-.041849773
.37876222,-.041849174
.37881196,-.041848719
.37886092,-.041848276
.37888616,-.041848045
.37890321,-.041847888
.37892032,-.041847736
.37893733,-.041847579
.37895441,-.041847423
.37906241,-.041846443
.37908787,-.041846208
.37910467,-.041846059
.3791416,-.04184572
.37919503,-.041845236
.37927935,-.041844465
.37933868,-.041843921
.37935141,-.041843805
.3794882,-.041842554
.37953973,-.041842081
.37961438,-.041841399
.3796328,-.041841231
.37967002,-.041840889
.37969181,-.041840687
.37974057,-.041840237
.37991047,-.041838676
.37996021,-.041838214
.38002074,-.041837655
.38005555,-.041837331
.3800903,-.041837011
.38022804,-.041835733
.38036913,-.041834421
.38050562,-.041833155
.38051996,-.041833024
.38066357,-.041831691
.38080436,-.041830387
.38081887,-.041830249
.38084757,-.041829985
.38088468,-.041829642
.38105845,-.041828018
.38116685,-.041827012
.38124585,-.041826274
.38132507,-.041825533
.38140541,-.041824784
.38148531,-.041824039
.38156503,-.041823298
.38160205,-.041822951
.381616,-.041822821
.38164365,-.04182256
.38165754,-.041822433
.38167974,-.041822225
.38174698,-.041821595
.3818163,-.041820943
.38184735,-.041820653
.3818652,-.041820485
.3818832,-.041820314
.38190103,-.041820146
.38192227,-.041819949
.3819364,-.041819818
.38203999,-.041818842
.38205743,-.041818678
.38207474,-.041818511
.38208884,-.04181838
.38215327,-.041817777
.38218597,-.041817468
.38221687,-.041817173
.3822476,-.041816887
.38226569,-.041816719
.3822968,-.041816425
.38231111,-.04181629
.38242882,-.041815184
.38244691,-.041815013
.38245842,-.041814908
.38250381,-.04181448
.38259199,-.041813649
.38261479,-.041813429
.38276559,-.041812003
.38285813,-.041811123
.3828786,-.04181093
.38294554,-.041810296
.38296115,-.041810151
.38303629,-.041809432
.38308764,-.041808944
.38318312,-.041808035
.38320443,-.041807827
.38336176,-.041806329
.38345668,-.041805424
.38347808,-.041805219
.3835398,-.041804634
.3835611,-.041804429
.38358241,-.041804228
.38366067,-.041803479
.38368586,-.041803237
.38375235,-.0418026
.3838186,-.041801967
.38385201,-.041801646
.38388765,-.041801304
.38391015,-.041801088
.38394332,-.041800767
.38395995,-.041800607
.38404518,-.041799784
.38405928,-.041799646
.38411957,-.041799061
.38413441,-.041798923
.38414925,-.041798778
.38425359,-.041797768
.38427538,-.04179756
.38429019,-.041797414
.3843514,-.041796822
.38441843,-.04179617
.38444075,-.041795954
.38452286,-.041795153
.38460374,-.04179436
.38462004,-.041794196
.38466197,-.04179379
.38472939,-.041793127
.38477248,-.041792709
.38478926,-.041792538
.38480577,-.041792378
.38482216,-.041792218
.38489267,-.041791521
.38496497,-.041790806
.38513514,-.041789122
.38515177,-.041788958
.38516772,-.041788802
.3852551,-.041787934
.38526747,-.041787814
.38543588,-.041786142
.38553178,-.041785188
.38554838,-.041785024
.38563865,-.04178413
.38566297,-.041783888
.38575113,-.041783016
.38584012,-.04178213
.38595137,-.041781027
.38603806,-.041780166
.38614506,-.041779105
.38615933,-.041778967
.38622972,-.041778263
.38632086,-.041777357
.38633731,-.041777194
.38645124,-.041776054
.38646755,-.041775893
.38655409,-.041775022
.3865782,-.041774783
.38660195,-.041774545
.38661683,-.041774392
.38677973,-.04177276
.38680652,-.041772489
.38689098,-.041771639
.38705239,-.041770019
.38719541,-.041768581
.38723719,-.041768163
.38728455,-.041767687
.3873499,-.041767027
.38737434,-.041766781
.38744149,-.0417661
.38745996,-.041765917
.38752145,-.041765295
.38753778,-.041765131
.38760635,-.041764434
.38763008,-.041764196
.38771397,-.041763339
.38784483,-.041762009
.38796574,-.04176078
.38798165,-.041760616
.38803008,-.041760124
.388046,-.04175996
.38809356,-.04175948
.38810778,-.041759331
.38812432,-.041759163
.38814583,-.041758943
.3881622,-.041758776
.38817868,-.041758608
.38822621,-.04175812
.38832098,-.041757148
.38834727,-.041756883
.3883636,-.041756712
.38838464,-.041756496
.38840544,-.04175628
.38853002,-.041754998
.38857827,-.041754499
.38861713,-.0417541
.3886655,-.041753601
.38873705,-.041752864
.38880104,-.041752208
.38884044,-.041751798
.38885453,-.041751657
.38890329,-.04175115
.38894489,-.041750722
.38898441,-.041750312
.38910219,-.041749101
.38914227,-.041748688
.38918087,-.041748289
.38920486,-.041748043
.38926637,-.04174741
.38931143,-.041746944
.38932616,-.041746791
.38934684,-.041746575
.389366,-.041746378
.38945183,-.041745488
.38950446,-.04174494
.38952386,-.041744739
.3895435,-.04174453
.38959596,-.041743983
.3897475,-.041742403
.38989428,-.041740872
.38997889,-.041739989
.39012462,-.041738469
.39012477,-.041738465
.39027214,-.041736927
.3904264,-.041735318
.39045301,-.041735042
.39047456,-.041734815
.39056301,-.041733887
.39058316,-.041733678
.39059743,-.041733529
.39061886,-.041733306
.39068103,-.04173265
.3907021,-.041732427
.39082012,-.041731179
.39086282,-.041730728
.39095306,-.041729778
.39106604,-.041728582
.39113516,-.041727852
.39120463,-.041727118
.3912273,-.04172688
.39129531,-.041726161
.39136341,-.041725438
.39145961,-.041724421
.39153203,-.041723657
.39154947,-.041723471
.39161086,-.041722823
.39165726,-.041722327
.3916713,-.041722178
.39168534,-.041722026
.39173147,-.041721538
.39174551,-.041721389
.39179152,-.041720901
.39180648,-.04172074
.39183331,-.041720454
.39186007,-.041720171
.39188704,-.041719884
.39191398,-.041719597
.39194083,-.041719306
.39205486,-.041718088
.39212462,-.041717343
.39219302,-.041716613
.3922244,-.041716274
.39233723,-.041715067
.3924492,-.041713871
.39246228,-.04171373
.39247707,-.041713573
.39258519,-.041712418
.39274976,-.041710656
.39284608,-.041709624
.39286706,-.041709397
.39293519,-.041708659
.39300334,-.041707929
.39306995,-.041707203
.39307573,-.041707143
.39308152,-.04170708
.39311656,-.0417067
.3932291,-.041705482
.39339751,-.04170366
.39341876,-.041703429
.39343011,-.041703306
.39349896,-.041702557
.39357534,-.041701727
.39361206,-.041701328
.39369878,-.041700378
.39376107,-.0416997
.39382291,-.041699026
.39388523,-.041698348
.39394557,-.041697688
.39401105,-.041696973
.39407775,-.041696239
.39408356,-.04169618
.39414984,-.04169545
.39415559,-.041695386
.39416137,-.041695327
.39422768,-.041694596
.39424038,-.041694459
.39425752,-.041694272
.39440271,-.041692678
.39441571,-.04169254
.39442828,-.041692398
.3944518,-.041692145
.39446667,-.041691981
.39459649,-.041690562
.39468294,-.041689612
.39474964,-.041688882
.39481792,-.041688133
.3948327,-.041687973
.39486587,-.041687608
.39488074,-.041687444
.39498973,-.041686248
.39505213,-.041685559
.39514139,-.041684572
.39520365,-.041683886
.39522791,-.041683618
.39525247,-.041683346
.39527658,-.041683078
.39530125,-.041682806
.39532626,-.04168253
.39533892,-.041682392
.39540705,-.041681632
.39545691,-.041681081
.39550549,-.041680545
.39555451,-.041680001
.39556745,-.041679855
.39558443,-.041679665
.39562672,-.0416792
.39564794,-.041678961
.39573351,-.041678015
.39574987,-.041677836
.39578253,-.041677471
.39586028,-.041676603
.39594203,-.041675691
.39599478,-.041675098
.39607969,-.041674148
.39609483,-.041673977
.39611125,-.041673794
.39616004,-.041673247
.39617315,-.041673098
.39632514,-.041671395
.39634243,-.041671202
.39639202,-.041670647
.396404,-.041670509
.39648581,-.041669596
.39656684,-.041668687
.39665145,-.041667737
.39669409,-.041667257
.39677569,-.04166634
.39680114,-.041666057
.39686576,-.041665327
.39693028,-.0416646
.39694524,-.041664429
.39704451,-.041663304
.39709088,-.041662775
.39721054,-.041661423
.39730966,-.041660298
.39734074,-.041659944
.39737177,-.041659594
.39745647,-.041658632
.39755562,-.041657507
.39762416,-.041656729
.3977862,-.041654896
.39781654,-.04165455
.39784667,-.041654207
.39786878,-.041653957
.39796722,-.04165284
.39799729,-.041652501
.39809611,-.041651379
.39811307,-.041651186
.39815992,-.041650657
.3982015,-.041650187
.39821804,-.041649997
.39823735,-.041649777
.39829707,-.041649096
.3983559,-.041648425
.39844126,-.041647449
.39850011,-.041646779
.39855829,-.041646112
.39861673,-.041645445
.3986879,-.041644637
.39877257,-.041643664
.39885736,-.041642692
.39894205,-.04164172
.39902681,-.041640751
.39911136,-.041639779
.39912543,-.041639619
.39919001,-.041638877
.3992027,-.041638728
.3992694,-.041637965
.39933622,-.041637193
.39943123,-.041636098
.39952594,-.041635003
.39956304,-.041634578
.39964887,-.041633584
.39967021,-.041633338
.3996911,-.041633096
.39973456,-.041632593
.39977232,-.041632153
.39985338,-.041631214
.39993435,-.041630276
.39995459,-.041630041
.40005249,-.041628905
.40008423,-.041628536
.40012318,-.041628085
.4001613,-.041627642
.40020517,-.041627135
.40028498,-.041626211
.40031689,-.041625839
.40040335,-.041624837
.40042594,-.041624576
.40045092,-.041624285
.40053204,-.041623347
.4006128,-.041622408
.40064517,-.041622031
.40066752,-.041621774
.40070555,-.041621331
.40072829,-.04162107
.40076068,-.04162069
.40078524,-.041620407
.40080789,-.041620143
.40083975,-.041619778
.40086225,-.041619513
.40088615,-.041619238
.40091068,-.041618954
.40093502,-.041618671
.40102553,-.041617617
.40111625,-.041616563
.40120694,-.041615508
.40125102,-.041614994
.40126908,-.041614786
.40129334,-.041614506
.40131089,-.041614298
.40140143,-.041613247
.401492,-.041612193
.40151632,-.04161191
.40153429,-.041611698
.4015519,-.041611496
.40156958,-.041611291
.40160242,-.041610908
.40169638,-.041609809
.40171847,-.041609555
.40174094,-.041609291
.40178451,-.041608781
.40181768,-.041608389
.40183833,-.041608151
.40185884,-.041607909
.40194315,-.041606922
.40196803,-.041606627
.40199241,-.041606344
.40201771,-.041606046
.40203834,-.041605804
.40206084,-.04160554
.40208802,-.041605219
.40225002,-.041603323
.40227097,-.041603077
.40229139,-.041602839
.40230992,-.041602619
.40244564,-.041601021
.40251234,-.041600235
.402527,-.041600063
.40265778,-.041598521
.40268633,-.041598186
.40271577,-.041597836
.40275615,-.041597359
.40282547,-.041596539
.40288928,-.041595783
.40290135,-.041595638
.40297005,-.041594826
.4030374,-.041594025
.40310621,-.041593213
.40314311,-.041592777
.40322587,-.041591797
.40334544,-.041590374
.40344533,-.041589189
.40347007,-.041588899
.40353948,-.041588075
.40356287,-.0415878
.40369532,-.041586228
.4037376,-.041585725
.40380302,-.041584946
.40387022,-.041584149
.40391642,-.041583598
.40396267,-.041583046
.403997,-.041582637
.40407744,-.041581672
.40412104,-.041581154
.40414304,-.041580889
.40415761,-.041580711
.40417451,-.041580509
.40419692,-.041580245
.40421888,-.04157998
.40424123,-.041579712
.40429416,-.041579079
.40434715,-.041578442
.40436915,-.041578177
.40439984,-.041577812
.40441436,-.041577637
.40446678,-.041577008
.40448111,-.041576836
.40453339,-.04157621
.40458465,-.041575596
.40459907,-.041575424
.40461349,-.041575249
.40470973,-.041574098
.40482929,-.041572664
.40485266,-.041572381
.40486577,-.041572221
.40488544,-.041571986
.40490159,-.041571792
.40491426,-.041571643
.40507102,-.041569747
.40521032,-.041568067
.40525725,-.041567497
.40538672,-.041565932
.4054822,-.041564777
.40549955,-.041564569
.40557209,-.041563686
.40563565,-.041562919
.40565929,-.041562628
.40568286,-.041562345
.4057065,-.041562058
.4057301,-.041561767
.40575883,-.041561417
.40577224,-.041561257
.40578544,-.041561097
.405799,-.041560933
.4058125,-.041560769
.40588066,-.041559938
.40594894,-.0415591
.40598828,-.04155862
.40602762,-.041558139
.4060623,-.041557714
.4060795,-.041557506
.40627116,-.041555159
.40628847,-.041554946
.40638372,-.04155378
.40639862,-.041553598
.40644699,-.041553006
.40650761,-.041552264
.40652472,-.041552056
.40662032,-.041550882
.40663728,-.041550677
.40665451,-.041550469
.40667173,-.041550256
.40676743,-.041549083
.40685162,-.041548055
.40686876,-.041547846
.40688178,-.041547686
.40694922,-.041546859
.40701634,-.041546036
.40707242,-.041545346
.40712923,-.041544653
.40714651,-.041544437
.40716413,-.041544225
.40718189,-.041544005
.4072001,-.041543778
.40728605,-.04154272
.40730485,-.041542485
.40731695,-.04154234
.40732792,-.041542202
.40745795,-.041540593
.40746894,-.041540459
.40750337,-.041540034
.40754533,-.041539513
.40762994,-.041538466
.40766513,-.041538034
.40768147,-.041537829
.40775913,-.041536871
.40777618,-.041536659
.40785268,-.041535713
.40788734,-.041535284
.40792161,-.04153486
.40793782,-.041534659
.40801379,-.04153372
.40808928,-.041532788
.408106,-.041532576
.40819034,-.041531537
.40826717,-.041530587
.40827823,-.041530449
.40828958,-.041530311
.40830073,-.04153017
.40831199,-.041530028
.40839189,-.041529041
.40844837,-.04152834
.40850362,-.041527655
.40856072,-.041526947
.40861729,-.041526243
.40863591,-.041526012
.40865383,-.041525789
.40873486,-.041524779
.40890437,-.041522663
.40897298,-.041521806
.40898395,-.041521672
.40899497,-.041521531
.40904236,-.041520942
.40909386,-.041520298
.40914193,-.041519694
.40916511,-.041519407
.4092159,-.04151877
.40923107,-.04151858
.40927848,-.041517988
.40932655,-.041517388
.4093425,-.041517191
.40939397,-.041516546
.40944177,-.04151595
.4095048,-.04151516
.40951601,-.041515019
.40953249,-.041514814
.40959722,-.041513998
.40966117,-.041513197
.40972587,-.041512385
.4097932,-.041511536
.40980431,-.041511394
.40985057,-.041510809
.40994868,-.041509572
.40999985,-.041508924
.41001403,-.041508749
.41006473,-.041508105
.41012609,-.041507334
.41014722,-.041507065
.41019374,-.041506477
.41020569,-.041506328
.41022071,-.041506134
.41023976,-.041505896
.41025898,-.04150565
.41027796,-.041505411
.41029724,-.041505162
.41045541,-.041503146
.41048664,-.041502751
.41053483,-.041502133
.41058266,-.041501526
.41059938,-.04150131
.41064787,-.041500695
.41069558,-.041500084
.41073883,-.041499533
.41078195,-.041498981
.41082487,-.041498438
.41083637,-.041498292
.41085058,-.04149811
.41089401,-.041497555
.41093627,-.041497014
.4109512,-.041496824
.41099936,-.04149621
.41108412,-.041495122
.41116944,-.041494031
.41123807,-.041493151
.41126031,-.041492864
.41135418,-.041491665
.41137591,-.041491386
.41141072,-.041490935
.41148832,-.041489936
.41150936,-.041489664
.411605,-.041488435
.4117035,-.041487161
.41171443,-.041487023
.41172919,-.041486833
.41174439,-.041486636
.41186479,-.041485082
.41187921,-.0414849
.41189376,-.041484714
.41193226,-.041484214
.41194332,-.041484077
.41195422,-.041483931
.41196886,-.041483745
.41206828,-.041482463
.41207924,-.041482322
.41214505,-.041481473
.41221076,-.041480627
.41221631,-.041480556
.41223177,-.041480359
.41224644,-.041480169
.41234353,-.041478917
.41240937,-.041478068
.41250506,-.041476835
.41252166,-.041476622
.41253668,-.041476429
.41255218,-.041476227
.41256675,-.041476041
.41263261,-.041475195
.41264787,-.041474998
.41271353,-.041474149
.41274378,-.041473761
.41276631,-.041473471
.41282898,-.041472662
.41284379,-.041472469
.41285852,-.041472279
.41287324,-.041472092
.41290298,-.041471709
.41298169,-.041470692
.41306016,-.041469678
.4131377,-.041468676
.41321588,-.041467663
.41329348,-.041466657
.41331556,-.041466374
.41333756,-.041466091
.41335976,-.041465804
.41338229,-.04146551
.41340485,-.041465219
.41347846,-.041464262
.41352612,-.041463647
.41355371,-.041463293
.41357622,-.041462999
.4135927,-.041462786
.41363984,-.041462172
.41380575,-.041460019
.4138352,-.041459639
.41386014,-.041459311
.41388866,-.041458942
.41397268,-.041457847
.41399536,-.041457552
.41402397,-.04145718
.41405249,-.041456811
.4140811,-.041456435
.41412082,-.041455917
.41416067,-.041455399
.41424555,-.041454297
.4142718,-.041453954
.41430008,-.041453589
.41432869,-.041453212
.41436851,-.041452695
.41440815,-.041452181
.41442564,-.041451953
.41451034,-.041450851
.41460767,-.041449584
.41461837,-.041449443
.41463351,-.041449245
.41469151,-.041448489
.41474932,-.041447736
.41480738,-.041446976
.41486597,-.041446213
.41492403,-.041445456
.41494024,-.041445244
.4149628,-.04144495
.41498539,-.041444652
.41502529,-.041444127
.41503102,-.041444052
.41504824,-.041443825
.41511723,-.04144292
.41513452,-.041442689
.41520247,-.041441787
.41536263,-.041439664
.41538018,-.041439429
.4154433,-.041438594
.41545686,-.041438412
.41548547,-.041438032
.41555795,-.04143706
.41563013,-.041436091
.41571176,-.041434996
.41573521,-.041434687
.41574889,-.0414345
.41582096,-.041433532
.41591185,-.04143231
.41592538,-.041432124
.41597283,-.041431487
.41606382,-.041430257
.41615546,-.041429013
.4161804,-.041428678
.41624618,-.041427787
.41631088,-.041426912
.41637468,-.041426048
.41639727,-.041425742
.41643044,-.041425288
.41646412,-.041424833
.41648734,-.04142452
.41651326,-.041424166
.41659716,-.041423019
.41665763,-.041422196
.41671896,-.041421354
.41680187,-.041420221
.41684484,-.04141964
.41686907,-.041419305
.41692981,-.041418478
.41694641,-.041418251
.41700599,-.041417435
.417036,-.041417025
.41709751,-.041416187
.41711155,-.041415993
.41712949,-.041415751
.41716337,-.041415285
.41719699,-.04141482
.41723078,-.041414354
.41726539,-.041413881
.41729984,-.041413408
.41734263,-.041412819
.41736585,-.041412499
.41741219,-.041411862
.41742539,-.041411676
.417487,-.041410826
.41755226,-.041409925
.41764253,-.041408673
.41769475,-.04140795
.41774744,-.04140722
.41783479,-.041406013
.41799966,-.041403722
.41803125,-.041403282
.41811091,-.041402172
.41813469,-.041401844
.4181807,-.0414012
.41827819,-.041399848
.41830412,-.041399486
.41832736,-.041399159
.4183453,-.041398909
.41837737,-.041398458
.41840893,-.041398015
.41845715,-.041397337
.4184804,-.041397013
.41854146,-.041396156
.41861233,-.041395158
.41862667,-.041394956
.41871226,-.041393757
.41873854,-.041393384
.41882572,-.041392162
.41885114,-.041391805
.41889411,-.041391201
.41891035,-.04139097
.41895279,-.041390374
.41902214,-.041389395
.41910833,-.04138818
.41912505,-.041387942
.41917521,-.041387234
.41925529,-.041386098
.41933575,-.041384958
.41939652,-.041384093
.41947985,-.041382916
.4196091,-.041381083
.41966894,-.04138023
.4196822,-.041380048
.4198395,-.041377816
.41999689,-.041375585
.42015889,-.04137329
.42028776,-.041371461
.42039275,-.041369975
.4204368,-.041369352
.42051709,-.041368216
.42065039,-.041366328
.42066127,-.041366171
.42082268,-.04136388
.42098558,-.041361574
.42106664,-.041360423
.42114925,-.041359257
.42116573,-.041359022
.42126131,-.041357666
.4212909,-.041357245
.42133272,-.041356649
.42136493,-.041356195
.42138535,-.0413559
.42142972,-.041355271
.42145842,-.041354861
.42151916,-.041353997
.4215796,-.041353133
.42165676,-.04135203
.42167163,-.041351818
.42174879,-.041350715
.42182612,-.041349608
.42190322,-.041348506
.42198151,-.041347384
.4220379,-.04134658
.42206657,-.041346174
.42217317,-.041344646
.42222935,-.041343842
.42225811,-.041343432
.42232922,-.041342411
.42237186,-.0413418
.4224138,-.0413412
.42245561,-.041340604
.42252365,-.041339625
.42259443,-.041338608
.42260948,-.041338388
.42266247,-.041337628
.42273074,-.041336648
.42282835,-.041335244
.42284471,-.041335009
.42286834,-.041334674
.42291549,-.041333988
.42294011,-.041333634
.42295516,-.041333418
.4230482,-.041332074
.42306492,-.041331828
.42308146,-.041331585
.42309788,-.041331347
.42311475,-.041331105
.42317626,-.041330207
.42319769,-.041329894
.42326939,-.041328855
.42330772,-.041328292
.42334661,-.041327726
.42344296,-.041326325
.4235149,-.041325275
.42353001,-.041325055
.42360094,-.041324019
.42362154,-.041323714
.42369899,-.041322578
.42377049,-.041321527
.42383587,-.04132057
.42390072,-.041319616
.42400962,-.041318018
.4240745,-.041317064
.42418325,-.041315466
.42424884,-.041314501
.42432004,-.041313458
.42437571,-.041312639
.42448407,-.041311044
.42459282,-.04130945
.42467704,-.041308213
.42478499,-.04130663
.42484972,-.04130568
.42492202,-.041304618
.42500058,-.04130346
.42509103,-.041302122
.42515972,-.041301113
.42518917,-.04130068
.42521879,-.041300237
.42529064,-.041299175
.42540404,-.041297499
.42540962,-.041297413
.42540976,-.04129741
.42549378,-.041296169
.42554998,-.041295331
.42561209,-.041294415
.42563429,-.041294087
.42566437,-.041293636
.42569658,-.041293159
.42580909,-.041291486
.4259229,-.041289791
.42603818,-.041288074
.42615375,-.041286346
.42626873,-.041284628
.42638388,-.041282907
.4264423,-.041282035
.42644885,-.041281935
.42656574,-.041280191
.42668101,-.041278467
.42675081,-.041277427
.42676783,-.04127717
.4267827,-.04127695
.42680559,-.041276608
.4268311,-.041276224
.42689344,-.041275285
.42690709,-.04127508
.42696658,-.041274182
.42711982,-.041271873
.42719001,-.041270815
.42725825,-.041269787
.42732775,-.04126874
.42739829,-.041267678
.42747831,-.041266471
.42754796,-.041265421
.4276185,-.041264355
.42767712,-.041263469
.42769536,-.041263193
.42778596,-.041261826
.42786792,-.041260585
.42788443,-.041260336
.42789838,-.04126012
.42797354,-.041258983
.42803216,-.041258097
.42809173,-.041257191
.42815119,-.04125629
.42818254,-.041255809
.42820603,-.041255452
.42832875,-.041253589
.42837203,-.041252926
.4284429,-.041251846
.42845973,-.041251589
.4284744,-.041251361
.42851758,-.041250702
.42857689,-.041249793
.42859867,-.041249461
.42862847,-.041249
.42864558,-.041248742
.42866245,-.041248478
.42868519,-.041248128
.42876217,-.041246939
.42883733,-.041245777
.42891237,-.041244619
.42892769,-.041244376
.4290041,-.041243196
.42901945,-.041242957
.42903483,-.041242722
.42905006,-.041242484
.42906553,-.041242246
.42913994,-.041241098
.42915475,-.041240867
.42916879,-.041240651
.42918366,-.04124042
.42919752,-.041240204
.42923081,-.04123969
.4292624,-.041239202
.42929718,-.041238662
.42933097,-.041238137
.42936465,-.041237611
.42939812,-.041237094
.42943156,-.041236576
.42944571,-.041236352
.42945832,-.041236158
.42954782,-.041234769
.42962515,-.041233562
.42970407,-.041232333
.42983976,-.041230217
.42997909,-.041228045
.43004352,-.041227039
.43009928,-.041226171
.43015996,-.041225225
.43017054,-.041225061
.43019518,-.041224677
.43020815,-.041224476
.43022415,-.041224223
.43023482,-.041224059
.43024555,-.041223891
.43031567,-.041222796
.43038598,-.041221697
.4304544,-.041220628
.43052459,-.041219529
.43058565,-.041218575
.43071643,-.04121653
.43084589,-.041214503
.43086532,-.041214198
.43088448,-.0412139
.43090999,-.041213501
.4310424,-.041211415
.43113053,-.041210029
.43114948,-.041209735
.43123585,-.041208375
.43128347,-.041207626
.43130264,-.041207325
.43132165,-.041207027
.43140742,-.041205678
.43143067,-.041205313
.4314459,-.041205075
.43146509,-.041204773
.43155032,-.041203432
.43156978,-.04120313
.43166107,-.041201692
.43172443,-.041200697
.4318462,-.041198783
.43188909,-.041198108
.43190518,-.041197851
.43195722,-.041197032
.43208498,-.041195013
.43210384,-.041194711
.43212074,-.041194443
.43213731,-.041194182
.43223187,-.041192684
.43228349,-.041191868
.43231556,-.041191358
.43239307,-.041190118
.43241441,-.041189782
.4324359,-.041189436
.4324578,-.041189089
.43249822,-.041188445
.43253818,-.041187808
.43255046,-.041187607
.43255714,-.041187506
.43263805,-.04118621
.43271661,-.041184951
.43281272,-.041183412
.43285757,-.041182689
.43291807,-.041181721
.43303314,-.041179866
.43303889,-.041179772
.43306062,-.041179422
.43307325,-.041179221
.4331432,-.041178092
.43318725,-.041177381
.43323487,-.041176617
.43330467,-.041175492
.43333924,-.041174937
.4334085,-.041173823
.43347856,-.041172691
.43349889,-.041172363
.43357027,-.041171215
.43362871,-.041170273
.43370074,-.041169114
.43373287,-.041168597
.43378988,-.041167673
.43385321,-.041166648
.43391567,-.041165635
.43397865,-.041164618
.43404207,-.04116359
.43410534,-.041162569
.43411532,-.041162405
.43413469,-.041162092
.43422642,-.041160602
.43425101,-.041160204
.43427023,-.041159891
.43433204,-.041158885
.43439358,-.04115789
.43445334,-.041156918
.43447992,-.041156486
.43450171,-.041156132
.43452901,-.041155688
.43454552,-.04115542
.43466273,-.04115352
.43472239,-.041152548
.43474561,-.041152176
.43476194,-.041151911
.43481877,-.04115098
.4349117,-.041149456
.4349241,-.041149255
.43495095,-.041148815
.4349781,-.041148372
.43499744,-.041148055
.43504247,-.041147321
.4350692,-.041146882
.43514884,-.041145582
.43516815,-.041145265
.43523434,-.041144177
.43530086,-.041143086
.43536803,-.041141983
.43546432,-.041140404
.4355486,-.041139022
.4356012,-.041138157
.43562254,-.041137807
.43569487,-.041136611
.43575355,-.04113565
.43577409,-.041135311
.43583295,-.041134343
.43584535,-.041134134
.43591252,-.041133028
.43599239,-.041131712
.43616709,-.041128829
.43624774,-.041127503
.43629113,-.041126784
.43631339,-.041126415
.4363583,-.041125674
.4363808,-.041125305
.43639445,-.041125078
.43642583,-.041124556
.43650305,-.041123278
.43656242,-.041122291
.43661946,-.041121345
.43667895,-.041120358
.43670401,-.041119937
.43675101,-.041119151
.43694133,-.041115962
.43699816,-.041115012
.43701532,-.041114721
.43706319,-.041113921
.43708828,-.0411135
.43710506,-.04111322
.43713015,-.041112799
.43718961,-.041111805
.43721735,-.041111339
.43725073,-.04111078
.43727314,-.0411104
.43729523,-.041110028
.43733993,-.041109279
.43741754,-.041107964
.43749601,-.041106645
.43757385,-.041105326
.4376041,-.041104816
.4376705,-.041103698
.4377301,-.041102689
.43782037,-.041101158
.43788111,-.041100129
.43790269,-.041099761
.43792883,-.041099317
.4379532,-.041098904
.43801165,-.041097909
.43801752,-.041097812
.43810886,-.041096259
.43817696,-.0410951
.43823814,-.041094057
.4382883,-.041093208
.43833059,-.041092485
.4383629,-.041091934
.43837747,-.041091688
.43840191,-.041091267
.43842629,-.041090854
.43845049,-.041090436
.43847457,-.041090026
.43860355,-.041087817
.43867213,-.04108664
.43870741,-.041086037
.43879372,-.041084558
.4388198,-.041084111
.43888959,-.041082915
.43891767,-.041082431
.4389326,-.041082177
.43894655,-.041081939
.43898022,-.041081358
.43901393,-.041080777
.4390482,-.041080188
.43906307,-.041079935
.43908945,-.041079476
.43912357,-.041078892
.43913823,-.041078638
.4391529,-.041078385
.43918332,-.04107786
.43921411,-.041077327
.43924472,-.041076802
.43927547,-.041076273
.43930635,-.041075736
.43934569,-.041075062
.43938574,-.041074365
.43955633,-.041071422
.43972585,-.041068498
.43989551,-.041065566
.44006339,-.041062668
.44012183,-.041061662
.44014615,-.041061241
.44024447,-.041059542
.4404349,-.041056253
.44051564,-.041054856
.44059467,-.041053493
.44067293,-.041052137
.44075233,-.041050762
.44078606,-.041050177
.44083923,-.041049257
.44095218,-.041047294
.44097552,-.041046891
.44099647,-.041046523
.44105688,-.041045476
.44107562,-.041045144
.44110137,-.041044701
.44113567,-.041044105
.44115454,-.041043773
.44121191,-.041042775
.44129038,-.041041408
.44133776,-.041040581
.44136101,-.041040171
.44140816,-.041039348
.44143185,-.04103893
.44147912,-.041038103
.44152635,-.041037276
.44155237,-.041036818
.44162977,-.041035462
.44171888,-.041033901
.44173822,-.041033559
.44178575,-.041032728
.44183084,-.041031938
.44189182,-.041030873
.44191533,-.041030455
.44192246,-.041030332
.4419755,-.041029397
.44203511,-.041028351
.44215041,-.041026317
.44223961,-.041024745
.44230795,-.041023538
.44237742,-.041022312
.44245788,-.041020893
.44252723,-.041019667
.44258469,-.041018654
.44265431,-.041017424
.44272226,-.041016225
.44275603,-.041015625
.44277406,-.041015308
.44284225,-.041014098
.44291013,-.041012894
.44297844,-.041011687
.4430508,-.041010402
.44312119,-.041009147
.44315594,-.041008528
.44326502,-.041006591
.44337386,-.041004658
.44340843,-.041004043
.4434427,-.041003436
.44347671,-.041002829
.44354597,-.041001596
.44365487,-.040999658
.44376403,-.040997718
.44387308,-.04099578
.44390896,-.04099514
.44393507,-.040994678
.44395769,-.040994272
.44398031,-.040993869
.44400263,-.040993474
.44405288,-.040992577
.44412687,-.040991258
.44423565,-.04098931
.44425863,-.0409889
.4443267,-.040987682
.44435021,-.040987257
.44441834,-.040986035
.44442335,-.040985942
.44449061,-.040984739
.4445053,-.04098447
.44458786,-.040982984
.44477829,-.040979549
.44484693,-.040978309
.44496268,-.040976223
.44515434,-.040972766
.44518021,-.0409723
.44519901,-.040971957
.44535655,-.040969118
.44554532,-.04096571
.44573864,-.040962227
.44580737,-.040960986
.44587505,-.040959764
.44589844,-.040959343
.44590831,-.040959165
.44597626,-.040957943
.44600436,-.040957432
.44603124,-.040956948
.44605941,-.040956438
.44608709,-.040955942
.44613114,-.040955141
.44614416,-.040954906
.44614998,-.040954802
.44618458,-.040954173
.44620937,-.040953722
.44627005,-.040952619
.4462952,-.040952161
.44630307,-.040952019
.4464182,-.04094993
.44642872,-.04094974
.44648725,-.040948674
.44650659,-.04094832
.44652545,-.040947977
.44656479,-.040947258
.44664225,-.040945843
.44672003,-.040944416
.44673964,-.040944058
.44674763,-.040943917
.4467603,-.040943682
.44683391,-.040942334
.44689697,-.040941183
.44700637,-.040939175
.44706094,-.040938169
.44711971,-.040937088
.44720963,-.040935431
.44724625,-.040934749
.44725892,-.040934514
.44727179,-.04093428
.44728446,-.040934045
.4474526,-.040930927
.44746059,-.040930778
.44753927,-.040929314
.44755316,-.040929057
.44760635,-.040928066
.44765943,-.040927079
.44776061,-.040925194
.44788179,-.040922929
.44790787,-.040922444
.44792658,-.04092209
.44794539,-.04092174
.44800681,-.040920593
.44802567,-.040920243
.44811681,-.04091854
.44818607,-.040917244
.44823095,-.040916406
.44827262,-.040915631
.44827557,-.040915571
.448291,-.040915284
.44840929,-.040913068
.44844157,-.040912464
.44854221,-.040910579
.44855908,-.040910263
.44857594,-.040909946
.44865325,-.040908497
.44867051,-.040908173
.44875973,-.040906493
.44881961,-.040905364
.44891021,-.040903661
.44892836,-.040903319
.44894686,-.040902968
.44896373,-.040902652
.44898045,-.040902335
.44903347,-.040901337
.4490504,-.04090102
.44916883,-.040898778
.44917682,-.040898625
.44918954,-.040898383
.44928497,-.040896568
.44933733,-.04089557
.44942039,-.040893991
.44945285,-.040893368
.44946298,-.040893175
.4496367,-.040889863
.44972447,-.040888187
.44974095,-.040887874
.44975466,-.040887609
.4497737,-.040887244
.44978663,-.040886998
.44980505,-.040886644
.44982368,-.04088629
.44984213,-.040885936
.44992173,-.040884409
.44994015,-.040884055
.44995868,-.040883701
.4499734,-.040883418
.450041,-.040882122
.45009044,-.040881176
.45010695,-.040880851
.45012259,-.040880557
.45014882,-.040880051
.45018455,-.040879361
.45029554,-.040877234
.45031866,-.040876791
.45033461,-.040876485
.45035768,-.040876042
.45037109,-.040875781
.45048293,-.040873632
.45049804,-.040873338
.45067453,-.040869929
.45084643,-.040866613
.45101893,-.040863283
.45119756,-.040859833
.45137578,-.040856399
.45138285,-.040856257
.45139122,-.040856097
.45145777,-.040854815
.45152634,-.040853489
.45153436,-.040853333
.45154199,-.040853184
.45155036,-.040853024
.4515726,-.040852591
.4516435,-.04085122
.45165822,-.040850937
.45173416,-.040849473
.45181468,-.040847916
.45183268,-.040847566
.45188472,-.040846556
.45194539,-.040845376
.45195833,-.040845126
.45197359,-.040844828
.45207468,-.040842857
.45214465,-.040841497
.45215061,-.040841382
.45217094,-.040840983
.45219073,-.040840596
.45225117,-.040839408
.45231247,-.040838212
.45233515,-.040837768
.45240283,-.040836439
.45242268,-.040836051
.45248336,-.040834863
.45253742,-.040833805
.452602,-.040832538
.45261979,-.040832188
.45263603,-.040831864
.45264888,-.040831611
.45267341,-.04083113
.45269781,-.040830642
.45271045,-.040830396
.45272341,-.040830143
.45281413,-.040828347
.45285887,-.040827457
.45295575,-.040825531
.45299074,-.040824838
.45306736,-.040823307
.45314482,-.040821761
.4532136,-.040820386
.45328096,-.040819041
.45334554,-.040817752
.4534134,-.0408164
.45348161,-.040815037
.4535487,-.040813696
.45361814,-.04081231
.45371056,-.040810466
.45372537,-.040810168
.45372817,-.040810112
.45376453,-.040809382
.45385844,-.040807497
.45393589,-.040805943
.45399955,-.040804662
.45406017,-.040803444
.45414972,-.040801644
.45421332,-.040800367
.45427692,-.040799085
.45438367,-.040796943
.45440674,-.040796477
.45443773,-.040795851
.45446932,-.040795214
.45453307,-.040793926
.45459661,-.04079264
.45466745,-.04079121
.45473105,-.040789921
.45475665,-.040789403
.45477676,-.040788993
.45483205,-.040787876
.45484611,-.040787593
.45485306,-.040787451
.45495862,-.040785301
.45500109,-.040784437
.45501152,-.040784225
.45507252,-.040782973
.45516732,-.040781032
.45518303,-.040780708
.45519876,-.040780388
.45521426,-.040780067
.45522958,-.040779755
.45528457,-.040778622
.4553394,-.04077749
.45539442,-.040776361
.45544955,-.040775225
.45551616,-.04077385
.45558113,-.040772509
.45561954,-.040771715
.4556579,-.040770926
.45572406,-.040769562
.45579067,-.040768191
.45582902,-.040767401
.4558515,-.040766936
.45591623,-.040765602
.45595434,-.040764816
.45604968,-.040762849
.4561151,-.040761501
.45618168,-.040760126
.45619738,-.040759806
.45621979,-.04075934
.45625806,-.040758554
.45628259,-.040758051
.45636246,-.040756389
.4563778,-.040756069
.45642281,-.040755134
.45651808,-.040753156
.45657006,-.040752072
.45659131,-.040751629
.45661259,-.040751185
.45663425,-.040750731
.45664731,-.040750459
.45666674,-.040750053
.45668253,-.040749725
.45669878,-.040749386
.45671889,-.040748961
.45675468,-.040748212
.45688564,-.040745463
.45700398,-.040742978
.4570848,-.04074128
.45708993,-.040741172
.45710918,-.040740769
.45712829,-.040740363
.45714742,-.040739961
.4571664,-.040739562
.45719263,-.040739007
.45721924,-.040738449
.45724574,-.040737886
.4572719,-.040737335
.45729834,-.040736776
.45732889,-.040736135
.45735908,-.040735494
.45738932,-.040734854
.45741162,-.040734384
.45750704,-.040732369
.45753697,-.040731736
.45757914,-.040730845
.45767945,-.040728722
.45770085,-.040728271
.45772532,-.040727749
.45773813,-.040727478
.45775095,-.040727209
.45778117,-.040726565
.45794261,-.040723134
.45795542,-.040722862
.45796829,-.040722586
.45801964,-.040721495
.45803234,-.040721226
.4580451,-.040720951
.45806664,-.040720496
.45808476,-.040720109
.45820615,-.040717512
.45829499,-.040715612
.45830497,-.0407154
.45831779,-.040715124
.45833063,-.040714849
.45834333,-.040714577
.45839748,-.040713415
.45847505,-.040711753
.45851144,-.040710971
.45851728,-.040710844
.45861137,-.040708818
.45870838,-.040706731
.45880586,-.040704638
.4588193,-.040704347
.45890138,-.040702578
.45898023,-.040700871
.45906642,-.040699013
.45914596,-.040697295
.45927009,-.040694613
.45928204,-.040694356
.4594402,-.040690932
.45945221,-.040690675
.45949474,-.040689752
.45953739,-.040688831
.45954916,-.040688574
.45959184,-.04068765
.45961851,-.040687073
.45963031,-.040686816
.45967269,-.0406859
.45982954,-.040682506
.45984164,-.040682245
.45994073,-.040680096
.46003884,-.040677972
.46009275,-.040676806
.46017221,-.040675081
.46018618,-.040674776
.46034303,-.040671363
.46035546,-.040671092
.46037042,-.040670767
.46039411,-.040670253
.46041054,-.040669896
.46042228,-.040669639
.46057981,-.040666208
.46073657,-.040662795
.46089357,-.040659375
.46099475,-.040657174
.46101126,-.040656812
.46108878,-.040655117
.46120185,-.040652648
.46125713,-.040651433
.46133941,-.040649634
.46136168,-.040649146
.46138331,-.040648669
.46139905,-.040648326
.46142912,-.040647667
.46145111,-.040647186
.46147349,-.040646695
.46150053,-.040646102
.4615286,-.040645484
.46155134,-.040644992
.46157876,-.040644392
.46160659,-.040643781
.46163526,-.040643152
.46169931,-.040641747
.46172261,-.040641237
.46174052,-.040640846
.461813,-.040639255
.46188569,-.040637653
.46195826,-.040636059
.46207589,-.040633466
.46213457,-.040632177
.46219364,-.040630873
.4623504,-.040627424
.46241033,-.040626101
.46246937,-.040624801
.46252775,-.040623512
.46253273,-.040623404
.4625977,-.04062197
.46266252,-.040620536
.46268937,-.040619943
.4627696,-.040618166
.46280473,-.040617384
.46286923,-.040615954
.46293435,-.040614504
.4630267,-.040612444
.46312049,-.040610354
.46321163,-.04060832
.46323153,-.040607881
.46332428,-.040605813
.46341595,-.040603772
.46343574,-.040603325
.46345222,-.04060296
.46346894,-.040602583
.46350652,-.040601742
.4635368,-.040601067
.46361428,-.040599324
.46369451,-.040597524
.46377465,-.040595721
.46385476,-.040593918
.46393505,-.040592115
.46401519,-.040590312
.46409565,-.040588498
.46416155,-.040587015
.4642162,-.040585782
.46427107,-.040584546
.46432504,-.040583327
.46441504,-.040581301
.46442786,-.040581007
.4644829,-.04057977
.46453759,-.040578533
.46455422,-.04057816
.46463278,-.040576387
.4646495,-.040576011
.46472791,-.040574241
.46474385,-.04057388
.46480811,-.040572423
.46492931,-.040569678
.46499386,-.04056821
.46511632,-.040565435
.46520603,-.040563401
.4652957,-.040561367
.46541771,-.040558603
.46554005,-.040555824
.46566162,-.040553071
.46578395,-.040550295
.46583542,-.040549129
.46585277,-.040548734
.46591803,-.040547248
.46598241,-.040545776
.46601775,-.040544972
.46604222,-.040544413
.46607244,-.040543724
.46610734,-.04054293
.46614307,-.040542111
.46617892,-.040541295
.46621448,-.040540487
.46626812,-.040539261
.46628666,-.040538836
.46638259,-.040536646
.46650812,-.040533774
.46663189,-.040530939
.46675751,-.040528059
.46694776,-.040523693
.46696353,-.040523335
.46700621,-.040522356
.467026,-.040521901
.46704262,-.040521521
.46707904,-.040520683
.46715644,-.040518895
.46716693,-.040518656
.46717736,-.040518414
.46718782,-.040518172
.46721947,-.040517442
.46725109,-.040516715
.46726596,-.040516373
.46728629,-.040515903
.46730611,-.040515441
.46732229,-.040515073
.46733585,-.04051476
.4673571,-.040514268
.46737835,-.040513776
.46741188,-.040513001
.46744367,-.040512264
.46747527,-.040511534
.46750534,-.040510837
.46755818,-.040509611
.46765324,-.040507406
.46766847,-.040507052
.46768305,-.040506713
.46769756,-.040506378
.46778354,-.040504385
.46783623,-.040503163
.46792498,-.040501103
.46800902,-.040499154
.46803099,-.040498644
.46805343,-.040498123
.46806911,-.040497761
.46824098,-.040493775
.46825555,-.040493436
.46827754,-.040492926
.46829951,-.040492415
.46832153,-.040491905
.468413,-.040489785
.46843505,-.040489271
.46850774,-.040487584
.46858025,-.040485896
.46859604,-.040485527
.46867341,-.040483724
.46869436,-.04048324
.46871537,-.040482748
.46873868,-.040482204
.46876168,-.040481668
.46878317,-.040481165
.46879897,-.040480796
.46885389,-.040479515
.46888325,-.040478826
.46900636,-.040475946
.4690271,-.040475465
.4690429,-.040475093
.46905869,-.040474724
.4691357,-.040472921
.46921232,-.040471125
.46928987,-.040469307
.46936524,-.040467542
.46943974,-.040465795
.46949449,-.040464509
.46952462,-.040463805
.46958423,-.040462404
.46964979,-.040460862
.46971476,-.040459335
.469843,-.040456314
.46985865,-.040455945
.46987522,-.040455554
.46991679,-.040454574
.46995816,-.040453598
.46999958,-.040452622
.47004083,-.040451653
.47011462,-.04044991
.47015616,-.04044893
.47017267,-.040448539
.47018918,-.040448148
.4702051,-.040447775
.47022063,-.040447403
.47023642,-.04044703
.47034082,-.040444557
.47044402,-.040442113
.47054589,-.040439695
.47064888,-.040437251
.47066471,-.040436879
.47069454,-.040436167
.47071087,-.040435784
.47072738,-.040435392
.47089535,-.040431391
.47101623,-.040428512
.47113672,-.040425636
.47115198,-.040425275
.47116494,-.040424965
.47126994,-.040422462
.47139573,-.040419463
.47146523,-.040417805
.47154498,-.040415905
.47162423,-.040414017
.47170344,-.040412124
.47171995,-.040411729
.47182208,-.040409293
.47191191,-.040407147
.47192833,-.040406756
.4720183,-.040404599
.47210729,-.040402468
.47217831,-.040400762
.47228876,-.040398117
.47239706,-.040395517
.47241861,-.040395003
.47247806,-.040393569
.47249874,-.040393069
.47250557,-.040392905
.47258589,-.040390972
.4726336,-.040389821
.47275192,-.040386971
.47277543,-.040386405
.47283506,-.040384967
.47295997,-.040381942
.47301579,-.040380593
.47309154,-.040378757
.47316706,-.040376931
.47324634,-.040375005
.47327802,-.040374234
.47328854,-.040373981
.47339839,-.040371303
.47341692,-.040370852
.47349253,-.040369011
.47356832,-.040367164
.47366345,-.040364847
.47370669,-.040363792
.47385126,-.040360253
.47398728,-.040356923
.47412595,-.040353529
.47416094,-.040352672
.47417918,-.040352229
.47419813,-.040351763
.47429508,-.04034939
.4743785,-.040347349
.47448683,-.040344696
.47450501,-.040344253
.47455823,-.040342949
.47464794,-.040340755
.47473747,-.040338561
.4747903,-.040337268
.47487408,-.040335216
.47495952,-.040333126
.47497806,-.040332671
.47508353,-.040330086
.47525579,-.040325873
.47532317,-.040324222
.47539899,-.040322367
.4754172,-.04032192
.47552654,-.040319245
.47555587,-.040318526
.47556943,-.040318195
.47558293,-.040317863
.47559634,-.040317535
.47566423,-.04031587
.47567767,-.040315542
.47569117,-.040315211
.47570688,-.040314827
.47575903,-.040313542
.47587338,-.040310729
.47588852,-.040310357
.47594175,-.040309045
.47596759,-.040308412
.47599375,-.040307764
.47601974,-.040307127
.47604629,-.040306471
.47610486,-.040305026
.47611675,-.040304735
.47614652,-.040304001
.47620505,-.04030256
.4762634,-.040301118
.4762792,-.040300727
.47635606,-.040298827
.47637355,-.040298395
.47649768,-.040295321
.4765144,-.040294912
.47653109,-.040294494
.47658449,-.040293176
.47667432,-.040290952
.4767437,-.040289234
.47676831,-.040288627
.47678497,-.040288217
.47690442,-.040285259
.47702751,-.040282216
.47708696,-.040280741
.47710365,-.040280327
.47716209,-.040278878
.47728935,-.040275712
.47738755,-.040273272
.47739369,-.040273119
.4773998,-.040272966
.47740585,-.040272817
.47741199,-.040272664
.47741821,-.040272512
.47749236,-.040270668
.47755083,-.040269211
.47759333,-.040268153
.47764891,-.040266771
.47767562,-.040266104
.47770187,-.040265448
.47776136,-.040263962
.47780108,-.040262967
.47790581,-.040260348
.4779202,-.040259991
.47794238,-.040259436
.47797427,-.040258642
.47803065,-.040257227
.47810414,-.040255383
.47821572,-.040252585
.47822815,-.040252272
.47824413,-.040251866
.47826001,-.040251467
.4782761,-.040251065
.47834527,-.040249329
.47840762,-.040247761
.47842345,-.040247362
.47851861,-.040244974
.47853467,-.040244572
.47861451,-.04024256
.47863615,-.04024202
.47865248,-.040241607
.47866726,-.040241238
.47878072,-.040238369
.47883204,-.040237073
.47888342,-.040235776
.47889838,-.040235396
.47893363,-.040234506
.47894669,-.040234175
.47896239,-.040233776
.47910425,-.040230121
.47924116,-.04022659
.47926015,-.040226106
.4792791,-.040225614
.47929806,-.040225126
.47931707,-.040224634
.4793238,-.040224463
.47933954,-.040224053
.47944969,-.040221218
.47955722,-.040218446
.47962511,-.040216696
.4796932,-.040214937
.47976047,-.040213205
.47982776,-.040211465
.47984454,-.040211033
.47987643,-.04021021
.47993237,-.040208761
.47996029,-.040208042
.48001611,-.040206593
.48004174,-.040205929
.48007324,-.040205114
.48008916,-.0402047
.4801518,-.040203072
.4801774,-.040202409
.48019359,-.040201992
.48027429,-.040199887
.480367,-.040197477
.48038372,-.040197045
.48040044,-.040196609
.48041302,-.040196277
.4804852,-.040194392
.48055786,-.040192492
.48063561,-.040190458
.48070663,-.040188599
.48075414,-.040187355
.48082507,-.040185504
.48087254,-.040184259
.48094311,-.040182412
.48097378,-.040181614
.48103997,-.040179882
.48108035,-.04017882
.4811213,-.040177748
.48115289,-.040176921
.48116201,-.040176682
.48121962,-.040175166
.48124149,-.040174589
.48128855,-.040173352
.48132822,-.040172309
.48139513,-.040170554
.48140997,-.040170163
.48142999,-.040169634
.48144889,-.040169135
.48147079,-.040168557
.48149246,-.040167984
.48150524,-.040167648
.48150808,-.040167574
.48152512,-.040167119
.48154122,-.040166695
.48157305,-.040165849
.48160532,-.040164992
.48163915,-.040164094
.48165411,-.0401637
.48177886,-.040160388
.48180583,-.040159672
.48183292,-.04015895
.4818843,-.04015759
.48189917,-.040157191
.48199436,-.040154666
.48200908,-.040154275
.48210582,-.040151708
.48212254,-.040151265
.48213926,-.040150817
.48215628,-.040150367
.48217323,-.040149912
.48219001,-.040149469
.48220667,-.040149026
.4822346,-.040148281
.48226413,-.040147495
.48228392,-.040146966
.48231,-.040146269
.48233724,-.040145542
.48239473,-.040144011
.48242241,-.04014327
.48245227,-.040142473
.48250812,-.040140979
.48258993,-.040138785
.48260504,-.040138382
.4826934,-.040136009
.48270929,-.040135588
.48272732,-.0401351
.48274028,-.040134754
.48278344,-.040133599
.48280501,-.040133014
.48297039,-.040128551
.48297936,-.040128309
.48303986,-.040126681
.48311067,-.040124767
.48327497,-.040120326
.48334491,-.040118434
.48335481,-.040118165
.48336461,-.040117897
.4834289,-.040116161
.48343876,-.040115893
.48348641,-.040114604
.4835164,-.040113792
.48358384,-.040111966
.48359373,-.040111702
.48366192,-.040109858
.48367158,-.040109593
.48373836,-.040107787
.48383945,-.040105049
.4838554,-.040104616
.48401985,-.040100161
.48403579,-.040099729
.48409915,-.040098008
.48416269,-.040096283
.48422581,-.040094566
.48438886,-.04009014
.48447216,-.040087879
.48449585,-.040087234
.48452762,-.04008637
.48455653,-.040085588
.48458478,-.040084817
.48461521,-.04008399
.48464549,-.040083166
.48467535,-.04008235
.48483804,-.040077932
.48490167,-.0400762
.48501489,-.040073104
.48509189,-.040071003
.48520643,-.040067874
.48532006,-.040064763
.48533574,-.040064335
.48549274,-.040060028
.48549885,-.040059861
.48550463,-.040059701
.48561823,-.040056586
.48573205,-.040053461
.48584378,-.040050395
.48590198,-.040048797
.48594272,-.040047675
.48598367,-.040046547
.48602465,-.040045418
.48606429,-.04004433
.48610401,-.040043231
.48621833,-.040040076
.48623487,-.040039621
.48630765,-.040037613
.48631942,-.040037282
.48632851,-.040037032
.48636091,-.040036131
.48639303,-.040035237
.48640591,-.040034879
.48642156,-.040034443
.48651245,-.040031914
.48651746,-.040031772
.48654124,-.040031105
.48655838,-.040030628
.48658225,-.040029962
.48660597,-.040029295
.48661292,-.040029101
.48678648,-.040024225
.48681068,-.040023547
.48683238,-.040022936
.48685476,-.040022306
.48687634,-.040021703
.48689812,-.040021088
.48692012,-.04002047
.48693568,-.040020034
.48695165,-.040019587
.48697582,-.040018901
.48701194,-.040017888
.48705211,-.040016755
.4870663,-.040016357
.48708218,-.040015902
.48714054,-.040014256
.4871558,-.040013824
.48717102,-.040013392
.48723426,-.040011603
.48728591,-.040010139
.48733807,-.040008664
.48740327,-.040006816
.48750827,-.04000384
.48756754,-.040002156
.48762697,-.040000468
.48764223,-.040000033
.48765805,-.039999586
.48772171,-.039997775
.48778516,-.039995972
.4878017,-.039995503
.48782611,-.039994806
.48784152,-.039994366
.48785669,-.039993934
.48791897,-.039992154
.48793507,-.039991695
.48802927,-.039988987
.48804525,-.039988525
.48806125,-.039988071
.48807728,-.039987609
.48809385,-.039987132
.48811772,-.039986443
.48819539,-.039984208
.48830128,-.039981153
.48838326,-.039978784
.48841438,-.039977886
.48841938,-.039977744
.48848426,-.039975867
.48853642,-.039974358
.4885492,-.039973985
.48860067,-.039972492
.48862624,-.03997175
.48863542,-.039971482
.48865086,-.039971035
.48866686,-.039970573
.48869058,-.039969888
.48875102,-.039968129
.48876014,-.039967861
.48876998,-.039967578
.48883975,-.039965544
.48893508,-.039962772
.48904699,-.039959513
.48914272,-.039956722
.48915249,-.039956436
.48916221,-.039956152
.48918131,-.039955597
.48919663,-.03995515
.48920938,-.039954774
.48922229,-.039954402
.48923486,-.039954029
.48932552,-.03995138
.4894062,-.039949022
.48942506,-.039948467
.48943481,-.03994818
.48954755,-.039944876
.48962978,-.039942462
.48964873,-.039941907
.48973373,-.039939404
.48975259,-.039938848
.48981303,-.039937072
.48983678,-.039936371
.48989767,-.039934576
.48997456,-.039932311
.48999378,-.039931744
.49008268,-.039929122
.49010178,-.039928559
.49012098,-.039927989
.4901402,-.039927423
.49015427,-.039927006
.49016958,-.039926555
.49018487,-.039926101
.49029744,-.039922778
.4903948,-.039919894
.49041006,-.039919443
.49052301,-.039916102
.49055961,-.039915018
.49058554,-.03991425
.49060097,-.039913792
.49061498,-.039913375
.49062917,-.039912958
.49064335,-.039912537
.49065542,-.039912179
.49067119,-.03991171
.49070758,-.039910633
.49074429,-.039909545
.49076837,-.03990883
.49088097,-.039905492
.49094051,-.039903726
.49100408,-.039901838
.49106315,-.039900083
.49112236,-.039898325
.49113807,-.039897859
.49123105,-.039895099
.49128321,-.039893549
.49134624,-.039891675
.49140945,-.039889798
.49142587,-.03988931
.4914422,-.039888822
.49145883,-.03988833
.49147549,-.039887834
.49149188,-.039887346
.49150714,-.039886888
.4915224,-.039886437
.4916358,-.039883047
.49165955,-.03988234
.49169976,-.03988114
.49173954,-.039879952
.49176306,-.039879248
.49178687,-.039878536
.49181065,-.039877828
.49183446,-.039877113
.49184877,-.039876688
.49193746,-.039874032
.49196136,-.039873317
.49198499,-.039872609
.4920038,-.039872047
.49202728,-.039871339
.49213082,-.039868243
.49214715,-.039867751
.49218795,-.039866526
.49222812,-.039865319
.49224424,-.039864838
.49226049,-.039864346
.4923369,-.039862052
.49241522,-.039859693
.4924784,-.039857797
.49250534,-.039856981
.49262193,-.039853465
.49262843,-.039853275
.49274799,-.039849669
.49276337,-.039849203
.49278903,-.039848428
.49280521,-.039847944
.49288768,-.039845455
.49298212,-.039842594
.49304068,-.039840825
.49309963,-.039839037
.493159,-.039837237
.49320453,-.039835859
.4932487,-.039834522
.4933182,-.039832421
.49337664,-.039830651
.49345839,-.039828178
.49352768,-.039826076
.49357539,-.039824635
.49362391,-.039823163
.49368307,-.039821375
.49377942,-.039818455
.49387488,-.039815567
.49391916,-.039814226
.49400154,-.03981173
.49403718,-.03981065
.49405286,-.039810177
.49406564,-.03980979
.49407813,-.039809406
.49409741,-.039808821
.49412876,-.039807867
.49415469,-.039807081
.49416819,-.039806668
.49417809,-.03980637
.49421519,-.039805241
.49422494,-.039804943
.49423468,-.039804649
.49432573,-.03980187
.4943943,-.03979978
.49440682,-.039799396
.49443609,-.039798509
.49446088,-.039797746
.49457124,-.039794382
.49460018,-.039793495
.49462464,-.039792746
.4946537,-.03979186
.49467817,-.039791111
.49470243,-.03979037
.49472344,-.039789729
.49474928,-.039788939
.49477848,-.039788049
.49479094,-.039787669
.49482009,-.039786778
.49484429,-.039786041
.49486431,-.03978543
.49491295,-.03978394
.49494445,-.039782971
.49497423,-.039782058
.4950228,-.039780568
.49504811,-.039779793
.49510932,-.039777908
.49518478,-.039775588
.49523771,-.03977396
.4953272,-.039771207
.49538052,-.03976956
.49543366,-.039767925
.49545041,-.039767411
.49553913,-.039764676
.49556461,-.03976389
.49562794,-.039761942
.4956449,-.039761413
.49570772,-.039759472
.4957248,-.039758947
.4958072,-.039756399
.49587217,-.039754383
.49595678,-.039751772
.49600011,-.039750431
.49601695,-.039749913
.4961001,-.039747339
.49619344,-.039744455
.49621063,-.039743919
.49627921,-.039741799
.49628532,-.039741609
.49629134,-.039741427
.49629733,-.03974124
.49636427,-.039739162
.49639109,-.039738331
.49641818,-.039737485
.49649835,-.039734997
.49658218,-.039732393
.49666402,-.039729852
.4967252,-.039727956
.49681103,-.039725289
.49689198,-.039722774
.49697646,-.039720152
.49699688,-.039719518
.49703285,-.039718393
.49713156,-.03971532
.49714729,-.039714832
.4971875,-.03971358
.49724215,-.03971187
.4972547,-.039711479
.49727011,-.039710999
.49734643,-.039708614
.49742404,-.039706193
.49744818,-.03970544
.49746984,-.039704759
.49749213,-.039704066
.49753395,-.039702754
.49758953,-.039701015
.49760735,-.039700456
.49764669,-.039699215
.49772906,-.039696626
.497747,-.039696064
.49776483,-.039695505
.49778268,-.039694939
.49781728,-.039693851
.49791476,-.039690774
.49800992,-.039687771
.49801284,-.039687682
.49804837,-.039686557
.49806631,-.039685991
.49806902,-.039685901
.49808159,-.039685506
.49815813,-.039683077
.49819228,-.039681997
.49821496,-.039681282
.49823695,-.039680582
.4982563,-.039679967
.49829018,-.039678887
.49831268,-.039678171
.49843752,-.039674196
.49853259,-.039671164
.49858451,-.03966951
.49861571,-.039668515
.49863666,-.039667845
.49868605,-.039666269
.49869794,-.039665885
.49875,-.039664213
.49881229,-.039662216
.49886459,-.039660539
.49891776,-.03965883
.49898741,-.039656594
.49905849,-.039654315
.49913135,-.039651975
.49914411,-.039651562
.49915966,-.039651066
.49917546,-.039650556
.49919635,-.039649878
.49923486,-.039648641
.49925089,-.039648127
.49932873,-.039645616
.49939877,-.039643358
.49949357,-.039640304
.49949959,-.03964011
.49950582,-.039639909
.49954692,-.039638579
.49962741,-.039635971
.49966806,-.03963466
.49968606,-.039634075
.49972701,-.039632756
.49976799,-.03963143
.49980941,-.039630089
.49990553,-.039626982
.49998641,-.039624359
.50001317,-.039623491
.50003982,-.039622631
.50008845,-.039621055
.50013655,-.039619494
.50023037,-.039616454
.50023943,-.039616156
.50025845,-.039615538
.50030148,-.039614145
.50036383,-.039612114
.50037956,-.039611604
.50043905,-.039609671
.50046206,-.039608922
.50047773,-.039608411
.50049639,-.039607801
.50056738,-.039605483
.50066257,-.039602377
.50066364,-.039602343
.50066596,-.039602272
.50068438,-.039601665
.5007025,-.039601073
.50072086,-.039600473
.50074029,-.039599836
.50075692,-.039599288
.50086784,-.039595645
.50089061,-.039594896
.50099462,-.03959148
.50108355,-.039588552
.50117922,-.039585404
.50124681,-.039583188
.50126207,-.039582681
.50127923,-.039582118
.50139087,-.039578434
.50150126,-.039574791
.50157803,-.039572254
.50162631,-.039570656
.50167429,-.039569065
.5017221,-.039567482
.50174505,-.039566722
.50180894,-.03956461
.50189269,-.03956183
.50191218,-.039561182
.50197405,-.039559122
.50199401,-.039558455
.50201386,-.0395578
.50201488,-.039557762
.502065,-.03955609
.50215226,-.03955318
.50223196,-.03955052
.50240213,-.039544836
.50252378,-.039540764
.50252491,-.039540727
.50259298,-.039538447
.50262004,-.039537542
.50271761,-.039534274
.50281662,-.039530955
.50283813,-.039530236
.50286293,-.039529406
.50288415,-.039528694
.50298882,-.039525189
.50306141,-.039522756
.50313157,-.039520405
.50316733,-.039519206
.50318205,-.039518714
.50328249,-.03951535
.50331968,-.039514102
.5033893,-.03951177
.50345898,-.039509438
.50347865,-.039508779
.50349891,-.039508101
.50366151,-.039502647
.5038256,-.039497148
.50399101,-.039491601
.50405169,-.039489564
.50412118,-.039487228
.50415581,-.039486066
.50418276,-.03948516
.50419569,-.039484724
.50428241,-.039481796
.50438625,-.039478295
.50440419,-.039477691
.50442255,-.039477069
.50444061,-.039476458
.50445265,-.039476052
.50447196,-.039475396
.50455248,-.039472669
.50464606,-.039469492
.50474197,-.039466236
.50475734,-.039465714
.50477922,-.039464965
.50480622,-.039464042
.50483382,-.039463099
.5048635,-.039462086
.50489092,-.039461154
.50491935,-.039460182
.50493467,-.039459661
.50495821,-.039458852
.50499302,-.039457664
.50505334,-.0394556
.50508958,-.039454363
.50512546,-.039453138
.50516111,-.039451912
.50519675,-.039450694
.50525713,-.03944863
.50532436,-.039446328
.50543809,-.039442431
.505548,-.039438665
.50560582,-.039436687
.50572908,-.039432459
.50575507,-.039431568
.50587928,-.039427303
.50590616,-.039426375
.50598854,-.03942354
.50603616,-.039421905
.50610501,-.039419536
.506154,-.039417848
.50623608,-.039415028
.50631851,-.039412189
.50635284,-.039411008
.50643623,-.03940814
.50651646,-.039405383
.50657862,-.039403245
.50666177,-.039400369
.50674486,-.0393975
.50691861,-.039391503
.506989,-.03938907
.5070017,-.039388631
.50702208,-.039387926
.50704134,-.03938726
.50715321,-.039383382
.50721437,-.039381262
.50724882,-.03938007
.50728202,-.039378915
.50737751,-.039375596
.50739336,-.039375041
.50741309,-.039374355
.50752461,-.039370477
.50759411,-.039368059
.50765997,-.039365768
.50772995,-.039363336
.50782996,-.039359853
.50784606,-.039359294
.50792253,-.039356634
.50793874,-.039356072
.50803721,-.039352644
.50810701,-.039350219
.5081231,-.039349657
.50813943,-.039349087
.50820839,-.039346691
.50837284,-.039340962
.5084098,-.039339676
.50857288,-.039333999
.50869447,-.03932976
.50874591,-.039327964
.50888014,-.039323278
.50891489,-.039322063
.50906491,-.039316826
.5090813,-.039316252
.5091033,-.039315488
.50913769,-.039314285
.50927025,-.039309654
.50935596,-.039306663
.50938958,-.039305486
.5094766,-.039302442
.50950164,-.039301563
.50959682,-.039298233
.50968623,-.039295103
.50976717,-.039292268
.50978804,-.039291535
.50981343,-.039290641
.50983751,-.039289799
.50985402,-.039289217
.50987136,-.039288606
.50991577,-.039287046
.50995469,-.039285675
.50996727,-.039285231
.51008755,-.039280992
.51020646,-.039276794
.51023149,-.039275914
.51026583,-.0392747
.5103671,-.039271113
.51039433,-.039270148
.51043934,-.039268553
.51054162,-.039264925
.51056492,-.039264094
.5105862,-.039263342
.51067418,-.039260209
.51073241,-.039258137
.51083517,-.039254475
.51093674,-.039250854
.5110054,-.039248407
.5111317,-.039243907
.51118141,-.039242133
.51123083,-.039240371
.51124996,-.039239686
.51133561,-.039236631
.51138657,-.039234798
.51146418,-.039232008
.51155412,-.039228778
.51157504,-.039228018
.51159638,-.039227251
.51161718,-.039226498
.51164752,-.039225403
.51166898,-.039224632
.51169002,-.039223872
.51175624,-.039221484
.51192468,-.039215405
.51198858,-.039213099
.51212031,-.039208345
.51214844,-.039207328
.51217371,-.039206415
.51227099,-.039202899
.51241094,-.03919784
.51254833,-.039192848
.51256984,-.039192066
.51257098,-.039192025
.51260656,-.039190728
.5126453,-.03918932
.51266468,-.039188612
.512748,-.039185572
.51289839,-.039180093
.51295859,-.039177898
.51300174,-.039176326
.51301605,-.039175801
.5131188,-.03917205
.51321614,-.039168485
.51322734,-.039168078
.51327062,-.039166491
.51331359,-.039164919
.51337194,-.039162781
.5134297,-.039160661
.51346499,-.039159361
.5135076,-.039157793
.51359522,-.039154567
.51370496,-.039150521
.51372546,-.039149769
.51378733,-.039147485
.51381218,-.039146569
.51387042,-.039144423
.51392925,-.039142251
.51401621,-.03913904
.51412511,-.039135009
.5142107,-.039131835
.5142628,-.039129898
.51431364,-.039128009
.51432687,-.039127514
.51441443,-.03912425
.51452434,-.03912016
.51453692,-.039119691
.51458752,-.039117809
.51460135,-.039117295
.51462626,-.039116364
.51470721,-.039113346
.51476908,-.039111037
.51483053,-.039108738
.51484853,-.039108064
.51486105,-.039107595
.51487797,-.039106965
.51491672,-.039105512
.51501763,-.039101731
.51514924,-.039096795
.51517421,-.039095856
.51523644,-.039093528
.51529831,-.039091203
.51540667,-.039087147
.51546806,-.039084841
.51552856,-.039082572
.51556647,-.039081153
.51561856,-.039079193
.51564163,-.039078325
.51575762,-.039073959
.51586682,-.039069854
.51593429,-.039067313
.51596099,-.039066304
.5159744,-.039065801
.51609415,-.039061278
.51621377,-.039056763
.51624441,-.039055608
.51635522,-.039051421
.5164426,-.039048128
.51648563,-.0390465
.51652879,-.039044872
.51661956,-.039041441
.51669616,-.039038543
.51670742,-.039038118
.5167188,-.039037686
.51673031,-.03903725
.51674157,-.039036822
.51678687,-.039035104
.51685435,-.039032545
.51688075,-.039031539
.51690632,-.039030571
.5169673,-.039028253
.51707619,-.039024111
.51713991,-.039021693
.51717496,-.03902036
.51722801,-.03901834
.51727146,-.039016683
.51731247,-.039015122
.51735467,-.039013516
.51739627,-.039011929
.51742613,-.039010789
.5174396,-.039010275
.51755154,-.039005991
.51761895,-.039003409
.51770151,-.03900025
.51778454,-.038997073
.51783019,-.038995329
.51791954,-.038991909
.51793587,-.038991284
.51796383,-.038990207
.51799202,-.038989127
.51802033,-.038988039
.51804924,-.038986932
.51812744,-.038983926
.51823992,-.038979605
.51827836,-.03897813
.51832873,-.038976185
.51840901,-.038973097
.51849771,-.038969677
.51856148,-.038967215
.51863194,-.038964495
.51870173,-.038961794
.51877195,-.038959082
.51884216,-.038956366
.51891065,-.038953722
.5189749,-.038951237
.51903927,-.038948748
.51904863,-.038948391
.51906067,-.038947925
.51908237,-.038947087
.51914674,-.038944595
.51916844,-.03894376
.51920986,-.038942158
.51921898,-.038941801
.51924068,-.038940966
.51930487,-.038938485
.51937532,-.038935762
.51938975,-.038935203
.51945406,-.038932718
.51946336,-.038932361
.51947266,-.038931999
.51949441,-.038931157
.51950347,-.038930804
.51961303,-.038926575
.51967907,-.038924024
.51974571,-.038921446
.51981491,-.038918767
.51997876,-.038912423
.52004957,-.038909685
.52012008,-.038906951
.52014583,-.038905956
.52021623,-.038903225
.5202868,-.038900495
.520459,-.038893819
.52052844,-.038891125
.52058071,-.038889103
.52064478,-.038886614
.52066797,-.03888572
.52073884,-.038882971
.52075672,-.038882274
.52084434,-.038878866
.52087432,-.038877696
.52088779,-.038877174
.52097332,-.038873844
.52099621,-.038872954
.52100879,-.038872465
.5210833,-.038869556
.52115119,-.038866907
.52122116,-.038864173
.52124262,-.038863335
.52133209,-.038859833
.52145338,-.03885508
.52147251,-.038854331
.52149129,-.038853593
.52160376,-.038849194
.52171773,-.038844727
.52179778,-.03884159
.52181661,-.038840856
.52183944,-.038839962
.52185845,-.038839214
.52187729,-.038838476
.52192432,-.038836628
.52197206,-.038834751
.52200729,-.038833369
.52206969,-.038830914
.52212316,-.038828805
.52214444,-.038827971
.52219319,-.038826048
.52228129,-.038822569
.52245122,-.03881586
.52250183,-.038813863
.52260768,-.038809679
.52265805,-.038807686
.52268153,-.038806763
.52274305,-.038804326
.52280319,-.038801946
.52283317,-.038800761
.52289474,-.038798328
.52290565,-.038797896
.52296662,-.038795479
.52307969,-.03879099
.52319258,-.038786508
.52322197,-.038785342
.52333492,-.038780861
.5234068,-.038778007
.52347869,-.03877515
.52355546,-.038772099
.52359456,-.038770542
.52368134,-.038767088
.52370691,-.038766067
.52381897,-.038761605
.52385366,-.038760226
.52391469,-.03875779
.52408123,-.038751144
.52414072,-.038748771
.52417928,-.038747232
.52424848,-.038744468
.52427024,-.0387436
.52428448,-.03874303
.52435511,-.03874021
.52442515,-.038737413
.52449548,-.038734604
.52456462,-.038731843
.52463371,-.038729083
.52470303,-.038726311
.52478832,-.038722906
.5248571,-.038720157
.52502513,-.038713444
.52519494,-.038706653
.52521968,-.038705666
.52529258,-.038702741
.52536672,-.038699772
.52543736,-.038696937
.52545983,-.038696039
.52552783,-.038693313
.52559793,-.038690507
.52562809,-.038689297
.52565551,-.038688198
.52568847,-.038686875
.5257349,-.038685013
.52576166,-.038683932
.52582979,-.038681183
.52594972,-.038676348
.52606773,-.03867159
.52616602,-.038667623
.52620161,-.038666192
.52637005,-.038659394
.52638459,-.038658805
.52640629,-.038657926
.52649176,-.038654469
.52651262,-.038653627
.52663165,-.03864881
.52668637,-.038646597
.52676076,-.038643591
.52680945,-.038641617
.52685833,-.038639639
.52690727,-.03863766
.5269562,-.038635675
.52700472,-.038633712
.5270198,-.038633104
.52705383,-.038631722
.5270955,-.038630038
.52712417,-.038628872
.52722478,-.038624786
.52732193,-.038620848
.52736878,-.038618945
.52740335,-.03861754
.52742833,-.038616523
.52751291,-.038613081
.52752525,-.038612578
.52759284,-.038609825
.52761793,-.038608801
.5276311,-.03860826
.52769423,-.038605686
.52777469,-.038602397
.52781248,-.038600858
.52783167,-.038600072
.52786428,-.038598739
.52788532,-.038597878
.52807409,-.038590141
.52808666,-.03858963
.52824414,-.038583178
.52829778,-.038580976
.52836853,-.038578074
.52846742,-.038574018
.52856594,-.038569961
.5286271,-.038567454
.52866107,-.038566053
.52869523,-.038564648
.52886367,-.038557727
.5289368,-.038554717
.52898222,-.03855285
.52905148,-.038549993
.5290857,-.038548581
.52913952,-.038546365
.52916008,-.038545515
.52921462,-.038543269
.52926922,-.038541019
.52928764,-.038540255
.52936351,-.038537126
.52943635,-.03853412
.52948689,-.03853203
.52950758,-.038531173
.52952844,-.038530309
.52958184,-.0385281
.52965885,-.0385249
.52969313,-.038523473
.52977073,-.038520247
.52984411,-.038517192
.5299471,-.038512904
.53012091,-.038505673
.53015524,-.038504243
.53022248,-.038501438
.53024745,-.038500395
.53030109,-.038498156
.53033614,-.038496688
.53037417,-.038495101
.53045851,-.038491569
.53056687,-.038487036
.53067851,-.038482361
.530788,-.038477775
.53083557,-.038475782
.53091013,-.03847266
.53098452,-.038469542
.53103679,-.038467355
.53108531,-.038465317
.53119922,-.038460542
.5312143,-.038459908
.53137016,-.038453359
.53148687,-.03844846
.53150046,-.038447887
.53152275,-.038446948
.53153962,-.038446236
.53155673,-.038445521
.53157371,-.038444806
.53161883,-.038442902
.53163552,-.038442198
.53165263,-.038441479
.53172719,-.038438339
.53174949,-.038437396
.5319196,-.038430214
.53193581,-.038429532
.53195202,-.03842885
.53196824,-.038428165
.53198445,-.03842748
.53200066,-.038426794
.53217053,-.038419612
.53219867,-.03841842
.53222543,-.038417287
.53226489,-.038415618
.53233868,-.038412482
.53236133,-.038411524
.5323866,-.038410448
.53249216,-.038405962
.53254372,-.038403772
.53255814,-.038403161
.5326125,-.038400847
.53262645,-.038400255
.53269994,-.038397126
.53272271,-.038396154
.53275281,-.038394872
.53279305,-.038393158
.53286916,-.038389906
.53293997,-.038386885
.53301758,-.038383573
.53303277,-.038382925
.53310972,-.038379632
.53322744,-.038374595
.53331745,-.038370747
.53336453,-.038368728
.53341216,-.03836669
.53345913,-.038364682
.53350621,-.038362663
.53355336,-.038360648
.53361541,-.038357992
.53372234,-.038353406
.53373522,-.038352855
.53381747,-.038349327
.53393435,-.038344312
.53404903,-.038339395
.53416729,-.038334318
.53428549,-.038329244
.53440261,-.038324222
.53442848,-.038323112
.53445476,-.038321983
.53448099,-.038320862
.53455532,-.038317673
.53458142,-.038316548
.53458834,-.038316254
.53461331,-.038315173
.53462404,-.038314708
.53464276,-.038313903
.53468835,-.038311936
.53475654,-.038308989
.53478438,-.038307786
.53481615,-.038306411
.53492975,-.038301494
.53495592,-.038300361
.53497726,-.03829943
.53499883,-.038298491
.53502023,-.038297568
.53504205,-.038296621
.53506464,-.038295638
.53517044,-.038291033
.53524727,-.038287684
.53529459,-.038285624
.53534192,-.03828356
.53538889,-.038281515
.53545111,-.038278807
.53548944,-.038277138
.53551167,-.038276166
.53553277,-.038275249
.53558075,-.038273148
.53562754,-.038271107
.53566235,-.038269591
.53583074,-.038262229
.53586417,-.038260765
.53589767,-.038259301
.53593171,-.038257811
.53596598,-.03825631
.53602028,-.038253929
.53605342,-.038252477
.53607959,-.038251329
.53614068,-.038248643
.53617787,-.038247008
.53625512,-.038243607
.53635573,-.038239181
.53639179,-.03823759
.53648657,-.038233418
.53653723,-.038231187
.53657413,-.038229559
.53659171,-.038228784
.53661716,-.038227662
.53663254,-.038226984
.53665793,-.038225867
.53667545,-.038225092
.53670132,-.038223948
.53677177,-.038220834
.53680509,-.038219359
.53686839,-.038216557
.53689402,-.038215421
.53697598,-.038211785
.53703743,-.038209062
.53718972,-.038202297
.53725952,-.038199194
.53732866,-.03819612
.53739667,-.038193095
.53747839,-.038189463
.53749996,-.038188502
.53756857,-.038185455
.53763932,-.038182307
.53765303,-.0381817
.53776705,-.038176619
.53788018,-.038171574
.53795409,-.038168278
.53798616,-.038166847
.53802109,-.03816529
.53805298,-.038163867
.53808552,-.038162414
.53811181,-.038161241
.53813756,-.038160089
.53816402,-.038158905
.5381853,-.038157955
.53821111,-.038156804
.53831583,-.038152121
.53834242,-.038150929
.53843319,-.038146872
.53846353,-.038145516
.53848982,-.038144339
.53857303,-.03814061
.538625,-.038138278
.53865111,-.038137112
.53875428,-.038132481
.53884429,-.038128443
.53894943,-.038123723
.53895622,-.038123418
.53906298,-.038118616
.53909522,-.03811717
.53914028,-.038115144
.53915292,-.038114574
.53918308,-.038113214
.53925377,-.038110025
.53926677,-.038109437
.53927988,-.038108848
.53929293,-.038108259
.53931165,-.038107418
.53933018,-.038106583
.53937536,-.038104545
.53942031,-.038102515
.5394907,-.038099341
.53950834,-.038098544
.53958464,-.038095091
.53966296,-.038091552
.5397085,-.038089495
.53976631,-.038086869
.53978425,-.038086057
.53980267,-.038085222
.53982043,-.038084414
.53984326,-.038083378
.53986043,-.0380826
.53990573,-.038080547
.53993428,-.038079251
.53995246,-.038078424
.53997046,-.038077604
.54002506,-.038075119
.54011059,-.038071226
.54013377,-.038070168
.54021406,-.038066503
.54028219,-.038063392
.5403406,-.038060725
.54044521,-.038055945
.54054272,-.038051482
.54056537,-.038050447
.54059553,-.038049068
.54074931,-.038042013
.54078376,-.038040433
.5408048,-.038039465
.54081577,-.038038958
.54084808,-.038037468
.54087061,-.038036432
.5409469,-.038032901
.54098397,-.038031183
.54102302,-.038029384
.54107469,-.038026992
.54111314,-.038025212
.54121691,-.03802041
.54125559,-.038018625
.54127449,-.038017746
.5413658,-.038013522
.54143584,-.038010277
.54144984,-.038009629
.54146856,-.038008764
.54148775,-.03800787
.54152721,-.038006045
.54154682,-.038005129
.5416075,-.038002316
.54164851,-.038000412
.54168904,-.037998531
.54172975,-.037996646
.54177064,-.037994746
.54178244,-.037994199
.54182237,-.037992347
.54183418,-.037991799
.54184592,-.037991256
.54191005,-.037988272
.54204297,-.037982088
.54210359,-.03797926
.54212105,-.037978448
.54214716,-.03797723
.54218388,-.03797552
.54220444,-.037974555
.54221505,-.03797406
.54223615,-.037973072
.54225403,-.037972238
.54229254,-.037970431
.54238218,-.037966229
.54247332,-.037961952
.54249132,-.03796111
.54250461,-.037960485
.54257274,-.037957292
.54258645,-.037956648
.54261518,-.037955299
.54264492,-.037953895
.54272002,-.037950363
.54280424,-.037946399
.54285955,-.037943803
.54294318,-.037939869
.54302794,-.037935872
.54307586,-.037933614
.54310626,-.037932176
.54324025,-.037925862
.54332525,-.037921838
.54338652,-.03791894
.54345399,-.037915751
.54351771,-.037912741
.54358244,-.037909675
.54363328,-.037907258
.54368562,-.03790478
.54370975,-.037903637
.54373348,-.037902504
.5437547,-.037901495
.54377848,-.037900366
.54382652,-.037898086
.54385024,-.037896954
.54388928,-.037895098
.54391348,-.037893947
.54392743,-.03789328
.54399192,-.037890211
.54405993,-.03788697
.54409933,-.037885088
.54411376,-.037884403
.54414886,-.03788273
.54419321,-.037880614
.54425752,-.037877548
.54431939,-.037874598
.54437989,-.037871711
.54439169,-.037871148
.54440343,-.03787059
.54442155,-.037869725
.5444892,-.037866488
.54455423,-.037863381
.54458338,-.037861988
.54461795,-.03786033
.54463995,-.037859276
.5446583,-.037858393
.54472244,-.037855312
.54474771,-.037854098
.54476905,-.037853066
.54479021,-.037852049
.54484224,-.037849542
.5449447,-.037844602
.5449661,-.037843574
.54501879,-.037841033
.54503691,-.037840158
.54505169,-.037839446
.54521662,-.037831478
.54529768,-.037827559
.54532939,-.037826028
.54541117,-.037822079
.54545623,-.037819903
.54548287,-.037818614
.54554969,-.037815373
.54557103,-.037814341
.54562122,-.037811905
.54569048,-.037808545
.54582328,-.037802093
.54586601,-.037800018
.54590362,-.037798189
.54592568,-.037797108
.54602879,-.037792079
.54604679,-.0377912
.54608488,-.037789341
.5461176,-.037787735
.54615134,-.037786085
.54619086,-.037784144
.54630786,-.037778422
.54632318,-.03777767
.54643804,-.037772045
.54655629,-.037766255
.54656291,-.037765935
.54667944,-.037760228
.54679418,-.037754614
.54685271,-.037751742
.54686922,-.03775093
.54687715,-.037750538
.54695648,-.037746638
.54698235,-.03774536
.54700035,-.037744466
.54712123,-.037738509
.54714251,-.037737455
.54724711,-.037732277
.54730356,-.037729479
.54741508,-.037723947
.54746568,-.037721433
.54755366,-.037717059
.54760236,-.037714634
.54762334,-.037713587
.54769039,-.037710257
.5477398,-.037707791
.54787242,-.037701182
.54792148,-.037698735
.54796988,-.037696321
.54801828,-.03769391
.54805475,-.037692089
.5480687,-.037691388
.54812342,-.037688661
.54817969,-.037685849
.54819632,-.037685018
.54829609,-.03768003
.54830408,-.037679631
.54832679,-.037678499
.54833949,-.037677862
.54835349,-.037677158
.54837197,-.037676238
.54838461,-.037675597
.54843527,-.037673056
.54849327,-.037670143
.54850852,-.037669376
.54852384,-.037668604
.54853904,-.037667841
.54859656,-.03766495
.54865408,-.037662063
.54867637,-.037660938
.54873461,-.037658017
.5487929,-.037655082
.5488081,-.037654322
.54886734,-.037651338
.54890907,-.037649233
.54899341,-.037644986
.54901451,-.037643924
.54903138,-.037643075
.54914731,-.037637215
.54922211,-.037633438
.5492301,-.037633032
.54929298,-.037629846
.54940563,-.037624128
.54950821,-.03761892
.54964215,-.037612125
.54969579,-.037609398
.54973173,-.037607577
.54975367,-.037606463
.54983705,-.037602201
.54985929,-.037601069
.54992527,-.037597705
.54996473,-.037595686
.55000377,-.037593696
.55010641,-.037588451
.55012327,-.037587587
.55016255,-.037585579
.55018359,-.037584502
.55025107,-.037581053
.55037892,-.037574511
.55039608,-.037573632
.55047917,-.037569378
.55048728,-.03756896
.55052483,-.037567027
.55066168,-.037559994
.55070466,-.037557784
.55072087,-.03755695
.55073351,-.037556302
.55074626,-.037555642
.55086678,-.037549429
.55098164,-.037543513
.55110019,-.037537403
.55113578,-.037535571
.55125189,-.037529584
.55136794,-.037523605
.551404,-.037521746
.55144054,-.037519861
.55145884,-.037518919
.55148822,-.037517402
.55160224,-.037511513
.55171663,-.037505604
.5518319,-.037499651
.55188221,-.037497055
.55192333,-.037494928
.5519442,-.037493847
.5519523,-.03749343
.55199313,-.037491322
.55210817,-.03748538
.55214918,-.037483264
.55216914,-.037482224
.55218917,-.037481189
.55220908,-.037480161
.5522297,-.037479091
.55234289,-.037473228
.55236036,-.037472319
.5523802,-.037471294
.55240095,-.037470218
.55244321,-.037468027
.55248523,-.037465841
.55252326,-.037463866
.55256349,-.03746178
.55260527,-.037459608
.55264068,-.037457768
.5526821,-.037455611
.55272466,-.037453398
.55274099,-.037452549
.55284405,-.037447181
.55288559,-.037445016
.55292755,-.037442833
.55297041,-.037440602
.55301279,-.037438396
.55305201,-.037436355
.55312139,-.037432738
.55313945,-.037431795
.55325472,-.037425783
.55335814,-.037420381
.55339819,-.037418291
.553478,-.037414115
.55358148,-.037408702
.55371165,-.037401885
.55377698,-.037398461
.55386609,-.03739379
.55396748,-.03738847
.55402046,-.037385695
.55410939,-.037381031
.55412322,-.037380304
.55415177,-.037378803
.55420339,-.037376087
.55425787,-.037373219
.55436099,-.037367783
.55446416,-.037362345
.55452073,-.037359364
.55453521,-.037358604
.55456948,-.037356794
.55457765,-.037356362
.55458575,-.037355933
.5546214,-.037354048
.55464315,-.037352901
.5546515,-.037352458
.55465966,-.037352026
.55468011,-.037350949
.55473733,-.037347928
.55484027,-.037342485
.55487603,-.037340596
.5548842,-.037340164
.55494279,-.037337068
.55498433,-.037334863
.55509621,-.037328944
.5551998,-.037323456
.5552423,-.037321199
.55532175,-.037316982
.55533832,-.037316103
.55547017,-.037309095
.55551267,-.03730683
.55560571,-.037301879
.55573857,-.037294809
.55583048,-.037289917
.55589426,-.037286516
.55598956,-.037281431
.5560866,-.037276257
.55619931,-.037270248
.55626243,-.037266877
.55632722,-.037263419
.55638373,-.037260395
.55644917,-.0372569
.55646747,-.037255917
.55656958,-.037250455
.55667275,-.037244942
.55671227,-.03724283
.55680615,-.037237797
.55684346,-.037235796
.55686802,-.037234478
.55687845,-.037233915
.55692852,-.037231222
.55698001,-.037228454
.55700755,-.037226971
.55711061,-.037221421
.55712682,-.037220549
.55723512,-.037214682
.55724561,-.037214115
.55730903,-.037210688
.55736601,-.0372076
.55739546,-.037206009
.55751139,-.037199721
.55760539,-.037194621
.55769718,-.03718964
.55770975,-.037188958
.55772227,-.037188277
.5577572,-.03718638
.55777657,-.03718533
.55784202,-.037181769
.55794448,-.037176199
.55808741,-.03716841
.55817831,-.037163451
.55819464,-.037162565
.558209,-.037161782
.55831712,-.037155878
.5584085,-.037150882
.55842936,-.037149742
.55849624,-.037146088
.55853611,-.037143908
.55861169,-.037139758
.55868137,-.037135933
.55874884,-.037132218
.55877471,-.037130795
.55878425,-.037130274
.55883557,-.037127446
.55891794,-.037122902
.558972,-.037119921
.5590238,-.037117068
.55904961,-.037115641
.5590753,-.037114214
.55910081,-.037112806
.5591262,-.037111398
.55919713,-.037107471
.5593673,-.037098046
.55942369,-.037094917
.55943406,-.037094343
.55955374,-.037087716
.55957884,-.037086323
.55968124,-.037080634
.55977428,-.037075471
.55986631,-.03707036
.55990189,-.037068386
.55992508,-.037067093
.56005728,-.037059717
.56009179,-.037057787
.56010216,-.037057202
.56011796,-.037056319
.56014228,-.037054956
.56019062,-.03705224
.56025803,-.037048444
.5603106,-.037045483
.56034499,-.037043542
.56042486,-.037039038
.56048894,-.037035417
.56051755,-.037033804
.56062818,-.037027545
.56068385,-.037024397
.56073189,-.037021685
.56090027,-.037012137
.56100291,-.037006319
.56117666,-.036996469
.5613451,-.036986921
.56151497,-.036977291
.56163085,-.036970705
.56174916,-.036963984
.56178826,-.03696176
.56190276,-.036955234
.56191427,-.036954578
.56203002,-.036947973
.56204146,-.036947321
.56205291,-.036946665
.56206447,-.03694601
.56207585,-.036945358
.56208616,-.036944766
.56214458,-.036941424
.56219304,-.036938652
.56225365,-.03693518
.56236243,-.036928948
.56245995,-.036923356
.56247598,-.036922436
.56253427,-.036919087
.56259274,-.036915727
.56265134,-.036912359
.56271076,-.036908943
.56277025,-.036905527
.56277692,-.036905143
.56284058,-.036901481
.56290346,-.03689786
.56297266,-.036893882
.56306469,-.036888581
.56307137,-.036888193
.56319165,-.036881253
.56326246,-.036877148
.56333065,-.036873195
.56345057,-.03686624
.56348002,-.036864534
.56355762,-.036860034
.56361353,-.036856793
.56367493,-.036853228
.56376708,-.036847875
.56392097,-.03683893
.56408155,-.036829606
.56418973,-.036823317
.56434739,-.036814153
.56450385,-.036805063
.56465757,-.036796134
.56471956,-.036792524
.56478071,-.036788967
.56483388,-.036785867
.56486833,-.036783863
.56492972,-.036780283
.56501067,-.036775563
.56509167,-.036770832
.56517392,-.036766034
.56525546,-.036761269
.56533629,-.036756556
.56541526,-.036751937
.56547552,-.036748406
.56554347,-.036744419
.56560618,-.036740735
.56566054,-.036737531
.56572831,-.036733538
.56576252,-.036731526
.56577104,-.03673102
.56577975,-.036730509
.56578833,-.036730003
.56580704,-.036728896
.56587791,-.036724698
.56594026,-.036720999
.56600189,-.036717348
.56606436,-.036713645
.5661267,-.036709949
.56624657,-.036702845
.56630868,-.036699168
.56645346,-.03669057
.5665313,-.036685944
.56656015,-.03668423
.56660259,-.036681712
.56672412,-.036674488
.56680429,-.036669731
.56681466,-.036669116
.56683075,-.036668155
.56694752,-.036661189
.56696373,-.03666022
.56700647,-.036657672
.56702191,-.036656752
.56703758,-.036655813
.5670532,-.036654878
.56706864,-.036653958
.56708413,-.036653031
.56714046,-.036649656
.56721038,-.036645468
.56723911,-.03664374
.56729829,-.036640186
.56739092,-.03663462
.5674088,-.036633536
.56742668,-.03663246
.56743526,-.036631942
.56744379,-.036631428
.56746775,-.036629979
.56747985,-.036629248
.56750047,-.036628
.56755108,-.036624942
.56762099,-.036620714
.5676409,-.036619507
.5676704,-.036617719
.56770045,-.036615901
.56778497,-.036610775
.56789637,-.036604021
.5679903,-.036598314
.56800973,-.036597133
.56805706,-.036594257
.56817198,-.036587268
.56822389,-.036584113
.5682404,-.036583107
.56829208,-.036579959
.56830764,-.036579009
.56832314,-.036578063
.56838721,-.036574148
.56844574,-.036570571
.56853098,-.03656536
.56862921,-.036559351
.56867772,-.036556371
.56869256,-.036555465
.56876183,-.036551192
.56877959,-.036550097
.56880814,-.036548339
.56882697,-.036547184
.5688833,-.036543705
.56891078,-.03654201
.56893575,-.036540467
.56896096,-.036538906
.56901771,-.036535401
.56903839,-.036534116
.56906348,-.03653257
.5691362,-.036528073
.56917065,-.036525931
.56920946,-.036523517
.56929183,-.03651838
.56933862,-.036515456
.56938195,-.036512759
.56942558,-.036510032
.56946939,-.036507301
.56951278,-.036504585
.56957239,-.036500864
.56965292,-.036495831
.569686,-.036493763
.56976676,-.036488719
.56978345,-.036487672
.5698269,-.036484957
.56986862,-.036482345
.56990844,-.036479853
.57000238,-.036473952
.57008159,-.036468986
.57016063,-.036464024
.57024056,-.03645901
.5703246,-.036453731
.57038844,-.036449719
.57049114,-.036443267
.57056093,-.036438879
.57067657,-.036431611
.57074159,-.03642752
.57076597,-.036425989
.57086188,-.036419958
.57087952,-.036418848
.57096195,-.036413662
.57104421,-.036408495
.57112402,-.03640347
.57113487,-.036402792
.57119101,-.036399253
.57123786,-.036396299
.57131547,-.036391407
.57134032,-.036389839
.57136542,-.036388256
.57144433,-.036383275
.57152426,-.036378227
.57156497,-.036375657
.5716061,-.03637306
.57161677,-.03637239
.57165533,-.03636995
.57166803,-.036369145
.57168692,-.036367945
.57170594,-.036366738
.57175285,-.036363754
.5718509,-.036357503
.57193166,-.036352351
.57200509,-.036347669
.57211286,-.036340795
.57219815,-.036335353
.57230097,-.036328781
.57234949,-.036325682
.57242966,-.03632056
.57251072,-.036315382
.5726161,-.036308642
.57269371,-.036303673
.57271743,-.036302153
.57272834,-.036301453
.57277501,-.036298469
.57281733,-.036295749
.5729174,-.036289331
.57301933,-.036282789
.57311893,-.036276396
.57321966,-.036269926
.57324392,-.036268365
.57329988,-.036264755
.57337427,-.036259964
.57344538,-.036255386
.57345617,-.036254689
.57352608,-.036250185
.57357442,-.036247071
.57362276,-.03624396
.57368076,-.036240224
.57372922,-.036237098
.57377779,-.036233973
.57382566,-.036230888
.57384264,-.036229789
.57385969,-.036228694
.57386959,-.03622805
.57397836,-.036221016
.57399315,-.036220059
.57411337,-.03621228
.57413131,-.036211118
.57414597,-.036210172
.57416672,-.036208823
.5741871,-.036207501
.57426167,-.036202651
.57431746,-.036199022
.57433969,-.036197573
.57441676,-.036192544
.57447129,-.036188982
.57449239,-.0361876
.57450789,-.036186595
.57458264,-.036181696
.57463878,-.036178011
.57472718,-.036172215
.57478392,-.036168493
.57484025,-.036164802
.57489604,-.03616114
.57495207,-.036157466
.57502884,-.036152426
.57510561,-.036147378
.57517672,-.036142703
.57519269,-.036141656
.57525587,-.036137506
.57532859,-.036132723
.57533985,-.036131985
.57539499,-.036128353
.57541192,-.036127239
.5754289,-.036126118
.57552654,-.036119688
.57559335,-.036115281
.57564139,-.036112111
.5756864,-.036109142
.57573062,-.036106221
.57579368,-.03610206
.57581478,-.03610066
.57583278,-.036099471
.5758543,-.036098048
.57587558,-.036096644
.575894,-.036095425
.57591534,-.036094014
.57593662,-.036092609
.57595479,-.03609141
.57607412,-.036083508
.57617337,-.036076929
.5763216,-.036067095
.5763942,-.036062278
.57646066,-.036057867
.57658356,-.036049705
.57659882,-.036048688
.57661366,-.036047701
.57663476,-.0360463
.57672644,-.036040191
.57681787,-.036034103
.57683289,-.036033101
.57693046,-.036026601
.57696491,-.03602431
.57705027,-.036018617
.57719767,-.036008768
.577214,-.036007673
.57729864,-.036002006
.57731491,-.036000922
.57738537,-.035996199
.57744312,-.035992328
.57757246,-.035983667
.57765234,-.035978314
.57773656,-.03597267
.57779539,-.035968728
.57787246,-.035963569
.57798737,-.035955869
.5780884,-.035949096
.57817137,-.035943542
.57823372,-.035939362
.57831287,-.035934061
.57839596,-.035928495
.57846826,-.035923649
.57854491,-.035918511
.57857901,-.035916224
.57872629,-.035906348
.5787794,-.035902787
.57879615,-.035901662
.57894707,-.035891525
.57900995,-.035887297
.57907343,-.035883028
.5791375,-.035878718
.57921994,-.035873175
.57928634,-.035868701
.57934767,-.035864569
.57941091,-.035860304
.57942903,-.035859082
.57947403,-.03585605
.57954347,-.035851363
.57961196,-.03584674
.57963258,-.035845347
.57967669,-.035842367
.57971239,-.035839953
.57981074,-.035833303
.57988328,-.035828393
.57991856,-.035826009
.57995391,-.035823621
.58003139,-.035818376
.58011365,-.035812799
.58014363,-.035810769
.58016676,-.035809204
.58018076,-.035808254
.58025271,-.035803378
.58029705,-.035800375
.58036965,-.035795454
.58043766,-.035790835
.58049291,-.035787079
.58057177,-.035781715
.58059281,-.035780288
.58063829,-.035777178
.58070767,-.035772447
.58071834,-.035771716
.58074731,-.035769738
.58081377,-.03576519
.58090949,-.035758644
.58093011,-.035757232
.581025,-.035750736
.58103585,-.035749987
.58106035,-.03574831
.58108932,-.035746325
.58112967,-.035743561
.58122051,-.035737325
.58125496,-.035734959
.58127862,-.035733335
.58131301,-.035730973
.58142239,-.035723463
.58153313,-.035715844
.58156878,-.035713397
.58162594,-.035709463
.5816589,-.035707191
.58169448,-.035704739
.58184624,-.035694268
.58187449,-.035692316
.58189601,-.035690825
.58196825,-.035685837
.58198476,-.035684705
.58208156,-.035677999
.58209836,-.035676844
.58215308,-.035673052
.58219308,-.035670277
.5822435,-.035666782
.58231264,-.035661988
.58233744,-.035660271
.58235085,-.035659339
.58241957,-.035654556
.58242989,-.035653844
.58244812,-.035652574
.58246648,-.035651296
.58248514,-.03565
.58250326,-.035648741
.58253777,-.035646338
.58259261,-.035642523
.58266497,-.035637487
.58273751,-.035632439
.58279365,-.035628531
.58280623,-.035627659
.58282286,-.035626497
.5828402,-.035625283
.58289212,-.035621658
.58300352,-.035613861
.58311409,-.035606131
.58312535,-.035605345
.58314657,-.035603855
.58316797,-.035602357
.58327824,-.035594627
.58338243,-.035587322
.58341789,-.035584837
.58352733,-.035577163
.58363765,-.035569437
.5836466,-.035568807
.58365768,-.035568032
.58369815,-.035565183
.58370763,-.035564519
.58375818,-.035560973
.5837732,-.035559915
.58386767,-.035553273
.58398712,-.035544883
.5840354,-.035541482
.58407003,-.03553905
.58414805,-.035533555
.58427739,-.035524447
.5843749,-.035517581
.58440042,-.035515774
.58441883,-.035514474
.58443201,-.035513539
.58455193,-.035505038
.58455676,-.035504699
.58460253,-.035501454
.58465803,-.035497516
.58471304,-.03549362
.58476758,-.035489757
.5848245,-.035485718
.58486325,-.035482973
.58491844,-.03547905
.5849815,-.035474572
.58504099,-.035470348
.58505309,-.035469495
.58512765,-.035464186
.58513904,-.035463374
.58523154,-.035456788
.58524776,-.035455629
.58530217,-.035451744
.58531159,-.035451073
.58532637,-.035450015
.58534133,-.035448942
.58535612,-.035447884
.58537084,-.035446826
.58540046,-.03544471
.58552665,-.035435658
.58562183,-.035428829
.58571583,-.035422083
.58577144,-.035418086
.58578271,-.035417281
.58579636,-.035416298
.58584636,-.035412695
.58587462,-.035410661
.58593428,-.035406359
.58605409,-.035397716
.58612657,-.035392482
.58627689,-.035381619
.58628863,-.035380766
.58635926,-.035375655
.58637643,-.035374407
.5864197,-.035371274
.58650595,-.035365026
.58657879,-.03535974
.58664912,-.035354637
.586748,-.035347469
.58684319,-.035340562
.5869388,-.035333619
.58695203,-.035332657
.58696556,-.035331674
.58697867,-.03533072
.5869922,-.035329737
.58706152,-.0353247
.58708405,-.035323057
.58709335,-.035322379
.58710271,-.035321701
.58723402,-.035312131
.58729619,-.035307601
.58730555,-.035306916
.58737767,-.035301659
.58740735,-.035299495
.58744168,-.035296984
.58753914,-.035289865
.58756781,-.035287768
.58763891,-.035282563
.58770251,-.035277899
.58774114,-.035275072
.58781648,-.035269532
.58787751,-.035265055
.5879004,-.035263374
.5879581,-.035259128
.58801168,-.035255183
.58802348,-.035254307
.58803529,-.035253439
.58805609,-.035251908
.58809054,-.03524936
.58810389,-.035248369
.58817059,-.035243433
.58824831,-.035237674
.588278,-.035235472
.58838576,-.03522747
.58839703,-.035226636
.58846825,-.035221335
.58850318,-.035218734
.58852285,-.03521727
.58856821,-.035213873
.58864385,-.035208222
.58870214,-.035203863
.58875912,-.035199601
.58883846,-.035193659
.5888958,-.035189357
.58892083,-.035187483
.58893776,-.035186216
.58902287,-.035179827
.58913159,-.035171662
.58919317,-.03516702
.58921081,-.035165694
.58926755,-.035161402
.58934385,-.035155643
.58935863,-.035154521
.58943403,-.035148822
.58953148,-.035141453
.5896126,-.035135318
.58968991,-.035129454
.58972412,-.035126857
.5898363,-.035118353
.58991301,-.03511253
.5899902,-.035106666
.59006846,-.035100725
.59014857,-.035094634
.59019428,-.035091162
.59026319,-.035085917
.59034622,-.035079613
.59042102,-.035073921
.59046662,-.035070457
.59049624,-.035068203
.59059203,-.035060901
.59063178,-.035057876
.59074438,-.035049286
.59078115,-.035046477
.59085578,-.035040777
.59092426,-.035035539
.59101152,-.035028856
.59103239,-.035027258
.59109968,-.035022099
.59116727,-.035016913
.59118533,-.035015531
.5912028,-.035014194
.59126461,-.035009455
.59128249,-.03500808
.59129518,-.035007108
.59136122,-.035002045
.59141552,-.034997877
.59143388,-.034996469
.59149736,-.034991596
.59151798,-.034990013
.59153467,-.034988731
.59160268,-.034983501
.59168011,-.034977552
.59168923,-.034976847
.59169853,-.034976132
.59170747,-.034975436
.59173399,-.03497339
.59183776,-.034965366
.59191316,-.034959536
.59193414,-.034957919
.59197426,-.034954812
.59209341,-.034945585
.5921883,-.034938235
.59219927,-.034937382
.59221679,-.034936026
.59230125,-.034929466
.59231102,-.034928706
.59234852,-.034925785
.59241825,-.034920353
.59248465,-.034915175
.59258014,-.03490771
.59266639,-.034900963
.59268725,-.034899332
.59273517,-.03489558
.59278458,-.03489171
.59285593,-.034886122
.59288269,-.034884021
.5929088,-.034881976
.59291798,-.034881257
.59292704,-.034880545
.59302342,-.034872964
.59309882,-.034867041
.59317398,-.034861136
.59321541,-.03485788
.59323657,-.034856211
.59326088,-.034854304
.5933038,-.034850921
.59334671,-.034847543
.59345639,-.034838889
.59349889,-.03483554
.59354192,-.034832142
.59358501,-.034828745
.59359598,-.034827877
.59362537,-.034825567
.59364283,-.034824185
.59366167,-.034822699
.59368128,-.034821153
.59379286,-.03481232
.59384733,-.034808006
.593907,-.034803279
.59396261,-.034798868
.59407735,-.034789782
.5941875,-.034781054
.59429854,-.034772251
.59431934,-.034770604
.59442985,-.034761846
.59449852,-.034756403
.59457022,-.034750719
.59463573,-.034745522
.59470278,-.034740202
.59476858,-.034734972
.59483546,-.034729671
.59490174,-.034724407
.59495115,-.034720492
.59496993,-.034719002
.59503525,-.034713816
.59505558,-.034712195
.59507215,-.03471088
.59512639,-.034706563
.59521163,-.034699772
.59526563,-.034695476
.59528166,-.034694202
.5953359,-.034689881
.59536886,-.034687255
.59540254,-.034684569
.59548801,-.034677759
.59552711,-.034674644
.5956375,-.034665838
.5956955,-.034661215
.59576696,-.034655515
.5957936,-.034653388
.59581983,-.034651287
.59583664,-.03464995
.59584814,-.034649033
.59589767,-.034645066
.5959239,-.034642957
.5960359,-.034633957
.59613293,-.034626141
.59622586,-.034618661
.59631592,-.034611404
.5963763,-.034606542
.59646714,-.03459923
.59652144,-.03459486
.59661388,-.034587413
.59678447,-.034573652
.59695268,-.034560088
.59712231,-.034546405
.59713447,-.034545425
.59716958,-.034542587
.59718853,-.034541056
.59724277,-.034536671
.59727532,-.034534033
.59734857,-.034528106
.59740335,-.034523673
.59751654,-.034514513
.59754956,-.034511846
.59758383,-.034509066
.59760547,-.034507308
.59761846,-.034506254
.59763753,-.034504704
.59771228,-.034498617
.59778678,-.034492549
.59787846,-.034485083
.59792233,-.034481507
.59800971,-.034474354
.5981077,-.034466334
.59812659,-.034464791
.5981456,-.034463234
.59821701,-.034457378
.59831446,-.03444938
.59837127,-.03444472
.59843469,-.034439497
.59847981,-.034435783
.59849036,-.034434903
.5985164,-.034432761
.59851909,-.034432542
.59852171,-.034432326
.59857047,-.034428302
.59858954,-.034426726
.59860224,-.03442568
.59863627,-.034422856
.59866488,-.034420487
.59867793,-.034419402
.59870696,-.034416996
.59873241,-.034414884
.59875727,-.03441282
.59878695,-.034410357
.59881216,-.034408268
.59883124,-.034406684
.59884971,-.034405146
.59887928,-.034402683
.59888798,-.034401957
.59889632,-.03440126
.59897095,-.034395043
.59906912,-.034386855
.59907812,-.034386106
.59908742,-.034385335
.59909576,-.034384642
.59914464,-.034380559
.59919298,-.034376521
.59920925,-.034375165
.59925753,-.03437113
.59930646,-.034367047
.59940451,-.034358859
.59946024,-.034354202
.59950894,-.034350134
.59964347,-.034338862
.5996989,-.03433422
.59972095,-.034332376
.59972364,-.034332152
.59972644,-.034331914
.599729,-.034331698
.59981036,-.034324881
.59983629,-.034322716
.59987968,-.034319077
.59996384,-.034312006
.60000247,-.034308761
.6001339,-.034297701
.60021782,-.034290645
.60030228,-.034283537
.60038769,-.034276351
.60047221,-.034269243
.60058284,-.034259934
.60066748,-.034252807
.60077971,-.034243356
.6008029,-.034241404
.60082763,-.034239318
.60085273,-.034237206
.60095078,-.034228932
.60100007,-.034224764
.60101634,-.034223389
.60104662,-.034220826
.60113138,-.03421367
.60114449,-.034212556
.60126394,-.034202445
.60127997,-.034201086
.60129631,-.034199703
.60131115,-.034198441
.60147899,-.034184191
.6015619,-.034177147
.60162181,-.034172054
.60164285,-.034170266
.60170817,-.034164712
.60173655,-.034162298
.60175556,-.034160677
.60180074,-.034156829
.60181117,-.034155939
.60182786,-.034154512
.60185075,-.034152567
.60186803,-.034151088
.60189408,-.034148864
.60196871,-.034142479
.60202479,-.034137674
.60205388,-.034135178
.60212898,-.034128733
.60220307,-.034122366
.60227811,-.034115914
.60235286,-.034109496
.60242808,-.034103028
.60244453,-.034101613
.60245806,-.034100447
.60250753,-.034096185
.60256898,-.03409088
.60262913,-.034085691
.60268962,-.034080464
.60271049,-.034078665
.60277098,-.034073438
.60279208,-.034071621
.60282993,-.034068346
.60285306,-.034066346
.60286587,-.034065232
.60288876,-.034063246
.60291195,-.034061234
.60297042,-.034056164
.60299569,-.034053963
.60309905,-.034044962
.60316366,-.034039337
.60321999,-.03403442
.60328609,-.034028646
.60335219,-.034022857
.60343081,-.034015968
.60355926,-.034004718
.60361576,-.033999763
.60372967,-.033989772
.60384762,-.03397939
.603872,-.033977237
.60388869,-.033975765
.60391891,-.033973094
.60403782,-.033962566
.6041218,-.033955131
.60418642,-.033949412
.60425824,-.033943046
.60433197,-.033936508
.60435748,-.03393425
.60444057,-.033926878
.60451788,-.033920016
.6046477,-.033908471
.60466886,-.033906594
.60467827,-.033905752
.60473722,-.033900514
.6047945,-.033895418
.60485297,-.033890225
.60493982,-.033882502
.60502625,-.033874817
.60511225,-.033867169
.60520142,-.033859234
.60528713,-.03385162
.60538024,-.033843324
.60543877,-.033838104
.60552549,-.033830374
.60554862,-.033828318
.60560489,-.033823289
.60562515,-.033821475
.60565096,-.033819169
.60572493,-.033812542
.60581201,-.033804752
.60582703,-.033803403
.6058414,-.033802111
.60597789,-.033789858
.6061129,-.033777732
.60625148,-.033765282
.60629028,-.033761799
.60639161,-.033752691
.6064654,-.033746053
.60648715,-.033744097
.60657299,-.033736382
.60665148,-.033729319
.60672307,-.033722885
.60677129,-.033718545
.60679954,-.033716004
.60690415,-.033706583
.60695881,-.033701655
.60698003,-.033699743
.60710311,-.033688646
.60714537,-.033684835
.6072033,-.033679608
.60733545,-.033667691
.60746521,-.033655986
.60759473,-.033644304
.60772407,-.033632636
.60785365,-.033620946
.60793877,-.033613253
.60805053,-.03360315
.60816306,-.033592965
.60828203,-.033582207
.60839319,-.033572156
.60850793,-.033561774
.60856307,-.033556793
.60862571,-.033551104
.60863954,-.033549853
.60878956,-.033536229
.60887665,-.033528313
.60899407,-.033517633
.60906059,-.033511583
.60919696,-.033499163
.60930914,-.033488944
.60938704,-.033481844
.60952359,-.033469409
.60953587,-.033468295
.60958481,-.033463828
.60964584,-.033458259
.60968065,-.033455085
.60972691,-.033450861
.60979211,-.0334449
.60983366,-.033441097
.60988224,-.033436656
.61005175,-.033421151
.61007768,-.033418778
.61010408,-.033416357
.61011034,-.033415783
.61013627,-.033413399
.61015928,-.033411279
.61020947,-.03340666
.61028391,-.033399791
.61030501,-.033397842
.61036104,-.033392675
.61044526,-.033384893
.61056978,-.033373393
.61059445,-.03337111
.61062217,-.033368539
.61076021,-.033355732
.61080182,-.033351876
.61084408,-.033347957
.61085784,-.033346679
.61089706,-.033343043
.61091554,-.033341322
.61099845,-.033333629
.6110121,-.033332363
.61106545,-.033327401
.61111867,-.03332245
.61114872,-.033319648
.61117893,-.033316832
.61120909,-.033314016
.61121541,-.03331342
.61125976,-.033309281
.61132693,-.033302996
.61140412,-.033295777
.61143005,-.033293355
.61143613,-.033292785
.61144233,-.033292204
.61153138,-.033283848
.6116212,-.033275425
.61162734,-.033274852
.61166179,-.033271614
.6116904,-.033268929
.61177933,-.033260584
.6118809,-.033251032
.61188835,-.033250332
.61193722,-.033245735
.61198282,-.033241447
.61205834,-.033234343
.61214197,-.033226479
.61223382,-.033217832
.61224419,-.033216853
.61232346,-.033209376
.61240882,-.033201322
.61248428,-.033194207
.61257333,-.033185795
.61260313,-.033182982
.61263335,-.033180118
.61266607,-.033177018
.61272019,-.033171896
.61281574,-.03316284
.61283165,-.033161331
.61285251,-.033159349
.61295581,-.033149537
.61305493,-.033140127
.61315465,-.033130646
.6132462,-.033121936
.61334121,-.033112906
.61344218,-.033103306
.6135307,-.033094887
.61359465,-.033088803
.61364901,-.033083621
.6137898,-.033070203
.61382455,-.033066884
.61386335,-.033063177
.61391395,-.033058342
.61400831,-.033049323
.61402571,-.033047654
.61406446,-.033043943
.61418748,-.033032164
.61430311,-.033021096
.61440271,-.033011556
.61442733,-.03300919
.61449426,-.033002753
.61459959,-.032992601
.61463141,-.032989528
.61467671,-.032985158
.61476672,-.032976467
.61491096,-.032962523
.61504871,-.032949213
.61519092,-.03293547
.61521214,-.032933425
.61535102,-.032919988
.6153574,-.032919366
.61539727,-.032915499
.615426,-.03291272
.61543661,-.032911692
.61551714,-.032903887
.61552167,-.032903448
.61563927,-.032892037
.61576635,-.03287971
.61588401,-.032868288
.61592585,-.032864228
.61601156,-.032855902
.61609811,-.032847483
.61610937,-.032846387
.61617815,-.032839678
.6162172,-.032835878
.61630058,-.032827731
.61633474,-.032824397
.6164363,-.032814469
.61644447,-.032813672
.61646926,-.032811243
.61654866,-.032803472
.61659789,-.032798652
.61662084,-.032796405
.61666983,-.032791603
.61673188,-.032785513
.61677432,-.032781348
.61683726,-.03277516
.61684817,-.032774083
.61690909,-.032768086
.61699963,-.032759156
.61708671,-.032750573
.61711681,-.032747608
.61718816,-.032740567
.6172511,-.032734346
.61732173,-.032727368
.61739331,-.032720305
.6174624,-.03271348
.61753559,-.032706257
.61756182,-.03270366
.61763287,-.032696627
.61772013,-.032687981
.61780649,-.03267942
.61788267,-.032671861
.61792636,-.032667521
.61798513,-.032661684
.61807954,-.032652307
.61811846,-.032648426
.61822283,-.032637991
.61823785,-.032636486
.61825281,-.032634992
.61826771,-.032633509
.61828142,-.032632131
.61833358,-.032626919
.61843252,-.032617029
.61845553,-.032614727
.61852336,-.032607943
.61854029,-.032606252
.61861491,-.032598782
.61867648,-.032592606
.6187259,-.032587647
.61874175,-.032586049
.6187579,-.032584425
.61877376,-.032582834
.61878753,-.032581445
.61888802,-.032571327
.61893225,-.032566871
.61899364,-.032560684
.6190384,-.03255618
.61914009,-.032545928
.61921686,-.032538194
.61932003,-.032527778
.61942172,-.032517504
.61949652,-.032509938
.61957711,-.032501791
.61966819,-.032492578
.61969227,-.032490142
.61971629,-.032487709
.61974084,-.032485224
.61975586,-.032483704
.61977077,-.032482196
.61982512,-.032476682
.61988902,-.0324702
.61995125,-.032463878
.6199857,-.032460388
.62002009,-.032456893
.62011033,-.032447718
.6201753,-.032441109
.6202606,-.032432429
.62035936,-.032422379
.62037289,-.032421004
.62038875,-.032419387
.62040478,-.032417756
.62048656,-.03240943
.62055182,-.03240278
.62056923,-.032401003
.62066656,-.032391082
.62071121,-.032386534
.62075603,-.032381956
.62085956,-.032371368
.62096137,-.032360952
.62106317,-.032350533
.62113774,-.032342911
.62115473,-.032341167
.62117177,-.03233942
.62126881,-.032329489
.62134564,-.032321613
.6214397,-.032311987
.62146288,-.03230961
.62152487,-.03230324
.62165385,-.032289974
.62171632,-.032283556
.62179053,-.032275915
.6218375,-.03227108
.62193239,-.032261297
.62203729,-.03225049
.62215251,-.032238599
.62222534,-.032231081
.62225306,-.03222822
.62226063,-.032227442
.62235647,-.032217536
.62242728,-.03221022
.6224364,-.032209273
.62244785,-.032208085
.6225425,-.032198273
.62262428,-.03218979
.62263578,-.032188594
.62264711,-.032187417
.62271595,-.032180276
.62278724,-.03217287
.62288857,-.032162346
.62293267,-.032157749
.62301987,-.032148682
.62312013,-.032138243
.62319189,-.032130774
.62320906,-.03212899
.62324023,-.032125738
.62331057,-.032118402
.62337077,-.032112114
.62347108,-.032101639
.62350172,-.032098446
.62352645,-.032095861
.62356764,-.032091547
.62369663,-.032078035
.62370819,-.032076821
.62371945,-.032075636
.6237672,-.032070618
.62378228,-.032069027
.62385345,-.032061547
.62395138,-.032051217
.62398207,-.032047987
.62398851,-.032047302
.62404901,-.03204092
.62407953,-.032037701
.62417191,-.032027952
.62420881,-.032024052
.62424582,-.032020144
.62430936,-.032013427
.6243158,-.032012753
.62434506,-.032009657
.62444496,-.031999107
.62448162,-.031995237
.62451369,-.031991843
.62457424,-.031985439
.62460524,-.031982161
.62463558,-.03197895
.62464607,-.031977836
.62471056,-.031970978
.6247409,-.031967748
.62484491,-.031956654
.62486023,-.031955019
.62493914,-.031946599
.62501752,-.031938236
.62509894,-.031929541
.62520045,-.031918697
.62525469,-.031912897
.62529248,-.031908851
.62532985,-.031904854
.62538552,-.031898901
.62539589,-.031897787
.6254096,-.031896319
.62541735,-.031895489
.62549222,-.031887442
.62551355,-.031885147
.62553823,-.031882484
.62557107,-.031878937
.62560326,-.031875465
.62563515,-.031872023
.62566608,-.031868678
.62569755,-.031865284
.62571084,-.031863846
.62577116,-.031857319
.62590295,-.031843062
.62596714,-.031836107
.62598449,-.031834226
.62600541,-.031831946
.62602276,-.031830054
.62611216,-.031820286
.62616658,-.031814344
.62620193,-.03181047
.62623745,-.031806581
.62627321,-.031802662
.62630922,-.031798717
.62639618,-.03178918
.62650359,-.031777389
.62651229,-.031776436
.62659407,-.031767447
.62664813,-.031761501
.62669992,-.031755794
.62673002,-.031752475
.62678975,-.03174587
.6268248,-.03174198
.62691808,-.031731647
.62700796,-.031721685
.62710053,-.031711433
.62719136,-.031701367
.62728149,-.03169138
.62735093,-.031683676
.62740266,-.031677939
.62742668,-.031675283
.62745023,-.03167266
.62747073,-.031670392
.62749732,-.031667434
.62753236,-.031663548
.62755859,-.031660628
.62757593,-.031658694
.62759334,-.031656761
.62761039,-.031654861
.62762779,-.031652924
.62764496,-.031651016
.62769669,-.03164525
.62773025,-.031641509
.62779599,-.031634163
.62785029,-.031628098
.62788248,-.031624496
.62791246,-.031621136
.62796342,-.031615425
.62797642,-.031613972
.62804353,-.031606454
.62814796,-.031594727
.62817723,-.031591445
.62820601,-.031588212
.62823349,-.031585123
.6282602,-.031582121
.62831181,-.031576321
.62836552,-.031570263
.62837207,-.031569522
.62840599,-.0315657
.62843966,-.031561896
.62847352,-.031558074
.62848896,-.031556331
.62852257,-.031552535
.62855643,-.031548705
.62858915,-.031545006
.62861902,-.031541623
.62864977,-.031538144
.62877691,-.031523734
.62879992,-.031521115
.62893707,-.031505525
.62904912,-.031492773
.62906611,-.031490836
.62913215,-.031483319
.62916261,-.031479836
.62922853,-.031472292
.62925988,-.031468704
.62934142,-.031459358
.62938571,-.031454276
.62943417,-.031448718
.62948191,-.031443246
.62952608,-.031438179
.62959552,-.031430222
.629641,-.031424999
.62970716,-.031417415
.62979704,-.031407062
.6298846,-.031396974
.62995589,-.031388752
.63004774,-.031378139
.63006872,-.03137571
.63018864,-.031361803
.63027102,-.031352259
.63035631,-.031342357
.63042223,-.031334717
.6304518,-.03133129
.63048482,-.031327453
.63051987,-.031323381
.63055086,-.031319778
.63061571,-.031312205
.63075489,-.03129594
.63089198,-.031279922
.63103253,-.0312635
.6311717,-.03124721
.63119924,-.031243989
.63133663,-.031227924
.63136721,-.031224338
.63139766,-.031220775
.63147283,-.03121197
.63150412,-.031208297
.6315347,-.031204715
.63156587,-.031201065
.63164687,-.031191569
.63171732,-.031183306
.63180006,-.031173607
.63187605,-.0311647
.63193971,-.031157209
.63195801,-.031155065
.63199806,-.031150356
.63201755,-.031148063
.6320731,-.03114151
.63217127,-.031129939
.63222086,-.031124078
.63223392,-.031122539
.63230413,-.031114236
.63237518,-.031105824
.63244653,-.031097392
.63251859,-.031088864
.63259065,-.031080343
.6326043,-.031078728
.63270134,-.031067235
.63276613,-.031059552
.63281792,-.031053387
.63286525,-.031047763
.63287467,-.031046635
.63296741,-.03103555
.63301849,-.031029418
.63306594,-.031023717
.63311464,-.031017868
.63312817,-.031016238
.63316154,-.031012217
.63324189,-.031002514
.6332829,-.030997561
.63331783,-.030993335
.63344026,-.030978508
.63345611,-.030976582
.63353795,-.030966649
.63360333,-.030958701
.63372368,-.030944012
.63380688,-.030933857
.63384062,-.030929737
.6339342,-.030918285
.63395053,-.030916287
.63402212,-.030907519
.63408911,-.030899305
.63411212,-.030896481
.63413888,-.030893199
.63426036,-.030878223
.634381,-.030863345
.63438904,-.030862357
.63450915,-.030847549
.63462943,-.030832715
.63464022,-.030831374
.63468993,-.030825222
.63479394,-.030812318
.63481057,-.03081025
.63484144,-.030806407
.63489473,-.030799773
.63494468,-.030793549
.63495344,-.030792454
.6350016,-.030786457
.63504958,-.030780472
.63506919,-.030778022
.63509226,-.030775143
.63517493,-.030764813
.63519561,-.030762222
.63531905,-.030746801
.63540113,-.030736545
.63543135,-.030732762
.63548601,-.030725921
.63551903,-.030721774
.63560182,-.03071136
.63567567,-.030702075
.63572699,-.030695625
.63575023,-.030692693
.63577163,-.030689998
.63581949,-.030683963
.63584197,-.030681135
.63586617,-.030678086
.63589066,-.03067499
.63598049,-.030663652
.63600081,-.030661095
.63609135,-.03064966
.63611281,-.030646952
.63619572,-.030636486
.63627928,-.030625928
.63630533,-.030622642
.6363706,-.0306144
.6363911,-.030611813
.63641143,-.030609244
.63649464,-.030598737
.63660783,-.030584438
.63664347,-.030579919
.6366564,-.030578282
.63665867,-.030577991
.63675976,-.030565126
.63677579,-.030563083
.6367982,-.030560235
.63680583,-.030559257
.63682783,-.030556452
.63685477,-.030553006
.63688266,-.030549442
.63697451,-.030537687
.6370604,-.030526685
.63717139,-.030512456
.63724595,-.030502882
.63732052,-.030493323
.63739467,-.030483801
.63746971,-.030474171
.63749373,-.030471092
.63754779,-.030464146
.6376313,-.030453417
.63766551,-.030449023
.63768905,-.030445991
.63780183,-.030431401
.63786435,-.030423284
.63790333,-.030418219
.63794118,-.030413307
.63797253,-.030409236
.63801062,-.030404277
.63804847,-.030399363
.63808721,-.030394325
.63811064,-.03039127
.63813454,-.030388158
.63815802,-.030385105
.63818181,-.030382007
.6382041,-.030379105
.63830537,-.030365895
.63835543,-.030359372
.63839024,-.030354824
.63840979,-.030352263
.63847727,-.030343452
.63855463,-.030333338
.6385774,-.030330351
.6386832,-.030316491
.63874686,-.03030815
.63877374,-.030304624
.63878006,-.030303799
.63882869,-.030297415
.63888186,-.030290427
.63896626,-.030279344
.63902473,-.030271672
.63909394,-.03026258
.63911849,-.030259345
.63914317,-.030256107
.63916761,-.030252896
.63919181,-.030249713
.6392169,-.030246412
.63923907,-.030243499
.63932145,-.030232668
.63939655,-.030222761
.63941735,-.030220013
.6394254,-.030218944
.63949323,-.030209966
.63957143,-.030199613
.63963348,-.030191405
.63963801,-.030190805
.63966048,-.030187828
.63975734,-.030174959
.63977969,-.030171994
.63988245,-.030158335
.63997746,-.030145694
.64007151,-.030133175
.64016646,-.030120544
.64024162,-.030110516
.64033532,-.030098015
.64043033,-.03008532
.6405021,-.030075694
.64055085,-.03006915
.64057797,-.030065514
.64064479,-.030056521
.64069724,-.030049454
.64075905,-.030041117
.64081526,-.030033534
.64086282,-.030027112
.64098114,-.03001111
.64109558,-.029995624
.64115489,-.029987581
.64124763,-.029975006
.6412524,-.029974362
.64139545,-.029954955
.64147806,-.029943744
.64149809,-.029941019
.64165241,-.029920047
.64181322,-.02989818
.64196467,-.029877597
.64211702,-.029856887
.64221352,-.029843748
.64223641,-.029840628
.64232469,-.029828608
.64242613,-.029814761
.64254081,-.029799111
.64265424,-.029783621
.642735,-.029772591
.64281553,-.029761586
.64283162,-.029759392
.64283925,-.029758349
.64289278,-.029751034
.64297634,-.029739596
.64306104,-.029728007
.64320564,-.029708194
.64328057,-.029697908
.64343852,-.02967624
.64352041,-.029664991
.64366561,-.029645048
.64373249,-.029635856
.64388567,-.029614786
.64393336,-.02960822
.64398134,-.029601613
.64400262,-.029598683
.64408362,-.029587518
.64416271,-.029576611
.64424193,-.029565694
.6443556,-.029550023
.64437574,-.029547242
.64439702,-.029544301
.64448345,-.029532352
.64452356,-.029526804
.64457929,-.029519094
.64472288,-.029499218
.6447565,-.029494561
.64483428,-.029483773
.64489979,-.029474664
.64492118,-.029471686
.64502335,-.029457472
.64508426,-.029448994
.64519233,-.029433958
.64529562,-.029419582
.64539999,-.029405054
.6454407,-.029399393
.64544547,-.02939873
.64553612,-.029386092
.64555812,-.029383026
.64565438,-.029369591
.64569843,-.02936344
.64574581,-.029356826
.64577073,-.029353345
.64588076,-.029337961
.64597636,-.029324599
.64603561,-.029316304
.64610046,-.029307237
.64614415,-.02930112
.64622116,-.029290337
.64623201,-.029288819
.64623988,-.029287705
.64624667,-.029286755
.64635026,-.029272208
.64636445,-.029270213
.64644527,-.029258836
.64654565,-.029244695
.64664894,-.029230118
.64675736,-.029214824
.64681375,-.029206853
.64683598,-.029203705
.64684767,-.029202059
.64691681,-.029192273
.6469385,-.029189205
.64695168,-.029187338
.64696509,-.029185439
.64697945,-.029183399
.64699262,-.029181525
.6470145,-.029178422
.64714241,-.029160237
.64715898,-.029157892
.64725959,-.029143559
.64728665,-.029139699
.64733553,-.029132713
.64735204,-.029130355
.64736861,-.029127987
.64738524,-.029125609
.64740181,-.029123234
.64751852,-.029106544
.64753497,-.029104184
.64764655,-.029088235
.64775902,-.029072147
.64782995,-.029061954
.64788902,-.029053465
.64794499,-.029045416
.64804256,-.029031372
.64805591,-.029029451
.64808154,-.02902576
.64812315,-.029019751
.64824331,-.029002417
.64835173,-.02898675
.64843965,-.028974045
.64846641,-.028970169
.64861429,-.028948775
.64862347,-.028947448
.64869338,-.028937329
.6487186,-.028933669
.64873195,-.028931739
.64881462,-.028919734
.64890069,-.028907245
.64890981,-.028905917
.64892352,-.02890392
.64902806,-.028888682
.64911216,-.028876426
.64919567,-.028864233
.64929605,-.028849585
.64934069,-.028843053
.6494422,-.0288282
.64946669,-.028824612
.64949101,-.028821055
.64954442,-.028813228
.6495865,-.028807059
.64963067,-.028800584
.64964306,-.028798763
.64965665,-.028796772
.64966428,-.028795647
.64967668,-.028793827
.6496824,-.028792992
.64969486,-.028791154
.64980084,-.02877559
.64990193,-.028760729
.65001863,-.028743574
.65003252,-.028741531
.65011233,-.028729802
.6501295,-.028727265
.65021974,-.028713968
.65024108,-.02871082
.65032107,-.028699029
.65042698,-.028683405
.65052372,-.028669124
.65054768,-.028665589
.65057075,-.028662173
.65059376,-.028658789
.65069467,-.028643867
.65080285,-.028627891
.65082407,-.028624747
.65089184,-.028614704
.650904,-.028612901
.65093368,-.028608501
.65094602,-.028606674
.65106118,-.028589619
.65107495,-.028587572
.65114564,-.028577084
.65128446,-.028556459
.65131438,-.028552011
.65132344,-.028550662
.6514625,-.028529974
.6516009,-.028509371
.65162736,-.028505431
.65171117,-.028492941
.65181547,-.028477382
.65188771,-.028466599
.65197933,-.028452905
.65198165,-.028452562
.65205276,-.028441934
.65211856,-.028432088
.65213233,-.028430026
.65214992,-.028427394
.65218914,-.028421529
.65222538,-.028416101
.65226275,-.028410511
.6523025,-.028404558
.65233886,-.028399112
.65244246,-.028383596
.65247047,-.028379409
.6524986,-.028375188
.65252489,-.028371232
.65262294,-.028356487
.65276343,-.028335329
.65280777,-.028328655
.65287191,-.028318997
.65295196,-.028306926
.653018,-.028296972
.65309495,-.028285367
.65312141,-.028281372
.65315175,-.028276796
.65317911,-.028272659
.65320641,-.028268537
.65330708,-.028253302
.65338343,-.028241744
.65341014,-.028237693
.65342724,-.028235096
.65349263,-.028225165
.65350837,-.028222764
.65353525,-.028218683
.65356237,-.028214557
.65361661,-.028206309
.65361881,-.02820597
.65362751,-.028204652
.65365475,-.028200509
.65368855,-.028195376
.65374106,-.028187385
.6537658,-.02818362
.65377975,-.02818149
.6538282,-.028174099
.65392476,-.028159345
.65393966,-.028157081
.65405452,-.028139522
.65412873,-.028128188
.65414429,-.028125813
.65416008,-.028123397
.65417379,-.028121296
.65419191,-.028118525
.65433365,-.028096825
.65434736,-.028094728
.65437424,-.028090611
.65447748,-.028074794
.65448421,-.028073762
.6545108,-.028069677
.65456784,-.028060913
.65462375,-.028052323
.65468323,-.028043177
.65471643,-.028038071
.65473288,-.028035546
.65478837,-.028027019
.65484321,-.028018584
.65489846,-.028010095
.65500003,-.027994459
.655137,-.027973371
.65514594,-.027971987
.65517634,-.027967295
.65520591,-.027962733
.6553458,-.027941106
.6554625,-.027923049
.65547019,-.02792185
.65556824,-.027906649
.65558213,-.027904492
.65567887,-.027889477
.65570843,-.02788488
.65573823,-.02788024
.65576822,-.027875571
.65581691,-.02786799
.65587997,-.027858149
.65595734,-.027846068
.65599847,-.027839635
.65608114,-.0278267
.65612948,-.027819127
.65619791,-.027808418
.65626121,-.027798513
.65632641,-.027788309
.65639579,-.027777439
.65645933,-.027767498
.65652001,-.027757997
.65665406,-.02773698
.65666771,-.027734833
.6567418,-.027723214
.65677696,-.027717691
.65682918,-.02770949
.6569683,-.027687641
.6570527,-.027674381
.65706325,-.027672717
.65711898,-.027663952
.65712094,-.027663648
.65722519,-.027647244
.65725815,-.027642058
.65731245,-.027633514
.65738839,-.027621564
.65742189,-.027616281
.6574946,-.027604824
.65751737,-.027601235
.65758973,-.027589839
.6576305,-.027583413
.65771651,-.027569851
.6577183,-.027569568
.65780967,-.027555129
.65788907,-.027542572
.65803128,-.027520049
.65812129,-.027505783
.65819174,-.027494596
.65826285,-.027483314
.65826476,-.027483007
.6582821,-.02748025
.65829867,-.02747762
.65838915,-.027463213
.65849191,-.027446868
.6585952,-.02743043
.65869933,-.027413856
.65880126,-.027397642
.65890443,-.027381228
.65891457,-.02737961
.6590063,-.027364999
.65915316,-.027341599
.65917099,-.027338754
.65928167,-.027321031
.65939236,-.027303299
.65950465,-.02728531
.6595065,-.02728501
.65958214,-.027272874
.65965879,-.027260564
.65979624,-.027238462
.6599158,-.027219195
.65993792,-.027215647
.65993983,-.027215336
.66001242,-.027203625
.66003036,-.027200727
.66004783,-.02719791
.6600889,-.027191276
.66010624,-.027188484
.6602183,-.027170381
.66033006,-.027152343
.66040415,-.027140383
.66042125,-.027137624
.66043842,-.027134845
.66045654,-.02713193
.66063851,-.027102526
.66069186,-.027093906
.6607824,-.02707926
.66084522,-.027069066
.66098315,-.027046666
.66101331,-.027041782
.66101938,-.027040789
.66115212,-.027019221
.66115445,-.027018847
.66119558,-.027012149
.66120875,-.027010007
.66126156,-.027001388
.66129398,-.026996102
.66133612,-.02698922
.66143602,-.026972918
.66147763,-.026966119
.66151947,-.02695928
.66160828,-.026944762
.66165006,-.026937926
.6616677,-.026935034
.66175121,-.026921356
.66186118,-.026903322
.66190547,-.026896058
.66197801,-.026884126
.66200441,-.026879776
.66203076,-.026875444
.66219825,-.026847895
.66221553,-.02684504
.66223246,-.026842255
.66224992,-.026839372
.66226697,-.026836555
.66228402,-.026833761
.66232491,-.026827
.66247457,-.026802216
.66251379,-.026795721
.66260022,-.026781376
.66261947,-.026778191
.66276103,-.026754672
.66290134,-.026731357
.66293055,-.026726497
.66301882,-.026711827
.66310048,-.026698248
.66317034,-.026686633
.66325164,-.026673073
.66331244,-.026662942
.66337305,-.026652841
.66343778,-.026642025
.66355675,-.026622165
.66361731,-.026612055
.66369367,-.026599301
.66377819,-.026585154
.66389495,-.026565621
.66396588,-.026553741
.66404831,-.026539933
.66411358,-.026528997
.66419637,-.026515137
.66428226,-.026500745
.66430736,-.026496548
.66431981,-.026494453
.66433334,-.026492186
.66439813,-.026481289
.66446126,-.02647068
.66450739,-.026462913
.66455501,-.026454896
.66460156,-.026447048
.66464841,-.026439166
.66469574,-.026431205
.66475856,-.026420616
.66487086,-.026401663
.66495335,-.02638774
.66507238,-.026367649
.66509032,-.026364617
.66516268,-.026352396
.66518998,-.026347788
.66521722,-.026343187
.6652444,-.026338596
.66532075,-.02632569
.66534781,-.026321119
.66537499,-.02631652
.66544241,-.0263051
.66546082,-.026301978
.66551393,-.026292965
.66562015,-.026274929
.66573709,-.026255045
.66585183,-.026235504
.66587192,-.026232084
.66601223,-.026208114
.66606921,-.026198374
.66618502,-.026178556
.66622216,-.026172202
.66633987,-.026152026
.66645104,-.026132978
.6665383,-.026118014
.66657054,-.026112486
.66660738,-.02610616
.66664791,-.026099203
.66671264,-.026088074
.66677564,-.026077226
.66684926,-.026064549
.66691715,-.026052874
.66708207,-.026024478
.66718262,-.02600717
.6673063,-.025985863
.66742027,-.025966188
.66755551,-.025942832
.66768903,-.025919789
.66770649,-.025916776
.66782612,-.025896113
.66785914,-.025890401
.66791272,-.025881149
.66802263,-.025862128
.66809148,-.025850194
.66815424,-.02583931
.6682418,-.02582412
.66832596,-.025809534
.66839993,-.025796691
.66856325,-.025768308
.66860372,-.025761273
.66871917,-.025741184
.66876638,-.025732975
.66879773,-.025727514
.66893786,-.025703147
.66896242,-.025698869
.66898811,-.0256944
.66909528,-.025675749
.66919804,-.025657866
.66930127,-.025639888
.66932535,-.025635704
.66942829,-.025617775
.66948098,-.025608592
.66950977,-.025603574
.66953748,-.02559874
.66959274,-.025589099
.66968596,-.025572829
.66976196,-.025559567
.66985297,-.025543679
.66993392,-.025529541
.67002398,-.025513818
.67002624,-.025513427
.67012411,-.025496285
.6701479,-.025492117
.67020178,-.025482656
.67029262,-.025466703
.67036343,-.025454272
.67045236,-.025438637
.67047632,-.025434418
.67053753,-.025423631
.67065817,-.025402352
.67067409,-.02539954
.67070621,-.02539387
.67073077,-.025389528
.67074639,-.025386764
.67085099,-.025368279
.67086643,-.025365554
.67088193,-.025362808
.67101032,-.025340082
.67102605,-.025337283
.67111313,-.025321795
.67116719,-.025312185
.67118019,-.025309876
.67129689,-.025289113
.67140287,-.025270253
.67151779,-.025249811
.67161882,-.025231827
.67171836,-.025214108
.67177075,-.025204772
.67179769,-.025199976
.67190504,-.02518083
.6719268,-.025176942
.67198205,-.025167076
.67203444,-.025157716
.67205036,-.025154872
.6720525,-.025154483
.67206788,-.02515173
.67213398,-.025139889
.67214584,-.025137752
.67219871,-.02512827
.67222607,-.025123356
.67224079,-.025120722
.67233884,-.025103115
.67235368,-.025100434
.67244011,-.025084889
.67260814,-.025054673
.67276168,-.025027053
.67291975,-.024998609
.67307436,-.02497079
.67322695,-.024943348
.67324179,-.024940675
.67325664,-.024938006
.67331153,-.024928119
.67336613,-.024918256
.67343318,-.024906173
.67349899,-.024894292
.67351073,-.02489217
.67357737,-.024880147
.67364258,-.024868364
.67366111,-.024865018
.67376906,-.024845503
.67386615,-.024827942
.67388111,-.024825225
.67390555,-.024820803
.67399204,-.024805145
.67407721,-.024789706
.67416382,-.024774019
.67424995,-.024758419
.67426431,-.024755813
.67431605,-.024746435
.67433047,-.024743823
.6743328,-.024743406
.67437875,-.024735058
.67439044,-.024732927
.67449272,-.024714304
.67459869,-.024694955
.67461699,-.024691621
.67478609,-.024660679
.67485684,-.024647729
.6748718,-.024644988
.67489022,-.024641611
.67490458,-.024638971
.67493135,-.024634058
.67497849,-.024625393
.67502582,-.024616666
.67505491,-.024611307
.67513269,-.024596987
.67514694,-.024594355
.67528409,-.024569072
.67541403,-.024545122
.6754266,-.024542797
.67545915,-.024536785
.6754936,-.024530414
.67555737,-.024518607
.67560709,-.024509383
.67567819,-.0244962
.675749,-.02448306
.67575115,-.024482658
.67582768,-.024468459
.6759007,-.02445492
.67599207,-.024437955
.67612672,-.024412917
.67617506,-.024403911
.67622364,-.024394836
.67629737,-.024381064
.67637122,-.024367265
.67644495,-.024353493
.67648637,-.024345737
.67650044,-.024343105
.67651445,-.02434049
.67658985,-.024326356
.67664957,-.024315145
.67675072,-.024296122
.67682415,-.024282303
.67691809,-.024264624
.67703027,-.024243489
.67704439,-.024240833
.67705864,-.024238152
.6771248,-.024225671
.67723268,-.024205336
.67730874,-.024190973
.67742616,-.024168801
.67747277,-.024159981
.67748821,-.024157057
.67750937,-.024153048
.67752343,-.024150392
.67763633,-.024128964
.6776579,-.024124872
.67777503,-.024102645
.67784303,-.024089713
.67793781,-.02407171
.67799461,-.024060886
.67810661,-.024039526
.67817932,-.024025662
.67819089,-.024023445
.67826515,-.024009284
.67829287,-.024003986
.67839241,-.023984957
.67844772,-.023974366
.67849499,-.023965307
.67854607,-.023955515
.67856389,-.023952106
.67863071,-.023939284
.67868769,-.023928344
.67874312,-.023917682
.67874449,-.023917422
.6788277,-.023901416
.67894077,-.023879625
.67896193,-.023875529
.67898375,-.023871304
.67899334,-.023869446
.67907357,-.023853919
.67915255,-.02383857
.67921698,-.023826037
.67927587,-.023814578
.67938685,-.023792993
.67940521,-.023789423
.6794579,-.023779158
.67955804,-.023759566
.67957401,-.023756448
.67963743,-.023744022
.67965788,-.023740023
.67967612,-.023736451
.67973661,-.023724604
.67979532,-.023713108
.67990005,-.023692589
.67994571,-.023683634
.68002218,-.023668626
.68008137,-.023657013
.68015379,-.023642767
.68025494,-.023622846
.68035609,-.02360294
.68046004,-.023582472
.68056518,-.023561768
.68058956,-.023556974
.6805976,-.023555389
.68060881,-.023553176
.68069023,-.023537127
.68071681,-.023531884
.68081617,-.023512226
.68093002,-.023489686
.68098879,-.023478044
.68099678,-.023476463
.68113017,-.023450019
.68128484,-.023419356
.68130988,-.023414396
.6813305,-.0234103
.68144208,-.023388164
.68155915,-.023364929
.68165654,-.023345599
.68174607,-.023327809
.68182737,-.023311652
.68189764,-.023297645
.68197089,-.023283063
.68209881,-.023257574
.68219656,-.02323808
.68219882,-.023237621
.68228805,-.023219779
.68231136,-.023215113
.68233502,-.023210393
.6824258,-.023192231
.68251467,-.023174463
.6826055,-.023156311
.68277347,-.023122698
.68290448,-.023096463
.68303871,-.023069588
.68317151,-.023042995
.68330312,-.023016635
.68337756,-.023001684
.68348104,-.022980912
.68351507,-.022974066
.6835382,-.022969412
.68356127,-.022964774
.68358582,-.022959827
.68366098,-.022944693
.68373877,-.022929024
.68383098,-.022910455
.68385661,-.022905285
.68393207,-.022890078
.68406117,-.022864046
.6840806,-.022860117
.68420887,-.022834184
.68422389,-.022831148
.68425763,-.022824312
.68435144,-.022805348
.68436325,-.022802949
.6843769,-.022800185
.68439054,-.022797419
.68440521,-.022794459
.68442345,-.022790767
.68450671,-.022773884
.68457282,-.022760471
.68458998,-.022756994
.68461543,-.022751831
.68462652,-.022749577
.68463761,-.022747321
.68471014,-.022732578
.68472409,-.022729747
.68474078,-.02272635
.68479592,-.022715131
.6848073,-.022712803
.68482155,-.022709904
.68483543,-.022707073
.68495595,-.022682512
.68499315,-.022674933
.68514669,-.022643641
.68516374,-.022640161
.68524253,-.022624087
.68530798,-.022610689
.68532956,-.022606267
.68535149,-.02260177
.68546712,-.022578079
.68547606,-.022576245
.6854865,-.022574104
.68549812,-.022571731
.68553424,-.02256432
.68557262,-.022556441
.68561047,-.022548676
.68568331,-.022533722
.68575603,-.022518808
.68579108,-.022511605
.68588591,-.022492133
.68590015,-.022489198
.6859563,-.022477653
.68597788,-.02247322
.68604165,-.022460094
.68614274,-.022439297
.68615359,-.02243706
.68616474,-.022434764
.68617624,-.022432402
.68628049,-.022410937
.6863724,-.02239201
.68638885,-.022388609
.68650931,-.022363774
.68653136,-.022359228
.68655342,-.02235469
.68668759,-.022327024
.68670952,-.022322506
.68683505,-.022296637
.68687272,-.022288857
.68689847,-.022283543
.68690884,-.022281397
.68691957,-.022279195
.68693626,-.022275748
.68708885,-.02224426
.68712401,-.02223699
.68717855,-.022225715
.68719321,-.02222269
.68724233,-.02221253
.6873377,-.022192802
.68741441,-.02217692
.68742561,-.022174595
.68747967,-.022163395
.6875326,-.022152411
.68758905,-.02214071
.68764067,-.022130007
.68769211,-.02211934
.68774766,-.022107815
.68776453,-.022104321
.68778116,-.022100873
.68784475,-.022087682
.68792623,-.022070771
.68797183,-.022061322
.6881299,-.022028483
.6881761,-.022018887
.68822211,-.022009332
.68826813,-.02199976
.68831414,-.021990204
.68835992,-.021980682
.68843818,-.021964423
.68854338,-.021942541
.68856078,-.02193892
.68864554,-.021921286
.68874282,-.021901051
.688757,-.021898098
.68877149,-.021895081
.68878543,-.021892181
.68880397,-.021888329
.68883169,-.021882543
.68885899,-.021876862
.68888843,-.021870732
.68891579,-.021865027
.68894559,-.021858819
.68895763,-.021856312
.68896693,-.021854369
.68898869,-.021849832
.68911177,-.021824144
.68921447,-.021802714
.6893155,-.021781608
.6893602,-.021772275
.68945229,-.021753026
.68953264,-.021736216
.68954605,-.021733416
.68956429,-.021729598
.68958122,-.021726059
.68959117,-.021723965
.68960816,-.021720411
.68967962,-.021705436
.6897518,-.021690313
.68983173,-.021673569
.68984127,-.021671558
.68985063,-.021669604
.68986952,-.021665627
.68991405,-.021656277
.68995857,-.021646919
.69000322,-.021637524
.69004732,-.021628238
.69012052,-.021612832
.6901359,-.021609588
.69018358,-.021599514
.69023162,-.021589357
.69033712,-.021567065
.69038832,-.021556238
.6904065,-.021552403
.69047701,-.021537438
.69060385,-.021510515
.69072783,-.021484213
.69085026,-.021458222
.69087678,-.021452593
.69088626,-.021450568
.69096059,-.021434786
.69106168,-.021413315
.69117379,-.021389484
.69117612,-.021388995
.69119185,-.021385659
.69120985,-.021381818
.6912778,-.021367306
.69138384,-.021344651
.69140649,-.021339802
.69143009,-.021334758
.69155872,-.021307243
.69158232,-.021302197
.69160652,-.021297017
.69162935,-.021292135
.69164276,-.021289265
.69171685,-.021273373
.69178665,-.021258391
.69180202,-.021255078
.69182289,-.021250576
.69184333,-.021246169
.69185877,-.02124284
.69190574,-.021232693
.69195408,-.021222267
.69198591,-.021215377
.69203734,-.02120428
.69208795,-.021193346
.69220465,-.021168146
.6922881,-.02115012
.69235939,-.02113473
.69249707,-.021104975
.6926071,-.021081164
.6927169,-.021057388
.69282544,-.0210339
.6929363,-.021009894
.69304568,-.020986218
.69306117,-.020982871
.69314086,-.020965591
.69327378,-.020936746
.69334865,-.020920478
.69336426,-.02091708
.69341111,-.020906905
.69345611,-.020897128
.69348156,-.020891588
.69354928,-.020876871
.69355798,-.020874977
.69356644,-.020873141
.69357449,-.020871392
.69365841,-.02085311
.69377786,-.020827107
.69387966,-.020804921
.69389689,-.020801157
.6939227,-.020795541
.69399828,-.020779036
.69402546,-.020773111
.69407058,-.020763243
.69407922,-.020761354
.69408756,-.020759529
.69412827,-.020750597
.69414717,-.020746477
.69422835,-.020728683
.69429493,-.020714095
.69430739,-.020711364
.69439292,-.020692581
.69441825,-.02068701
.69444335,-.020681487
.69445872,-.020678094
.6945383,-.02066057
.69468725,-.020627752
.69470423,-.020624014
.69472355,-.020619743
.69481552,-.020599421
.69488204,-.020584684
.69497359,-.020564372
.69505537,-.020546194
.69508874,-.020538773
.69509697,-.020536948
.69521713,-.020510172
.69526553,-.020499364
.69527435,-.020497397
.69538754,-.02047215
.69546682,-.020454431
.69554538,-.020436872
.69562495,-.02041907
.69570386,-.020401444
.69572437,-.020396857
.69580597,-.020378564
.69585341,-.020367913
.69586694,-.020364879
.69590199,-.020357015
.69600147,-.020334683
.69609654,-.020313323
.69611275,-.020309679
.69619501,-.020291179
.69626921,-.02027446
.69639933,-.020245157
.69655758,-.020209469
.69657624,-.020205263
.69664264,-.020190299
.69672108,-.020172587
.69675863,-.020164087
.69679171,-.020156611
.69680381,-.020153869
.6968165,-.020151008
.6969977,-.020109983
.69701904,-.020105148
.69708484,-.020090219
.69714606,-.020076351
.69724631,-.020053569
.69738281,-.020022517
.69750226,-.01999535
.69760263,-.019972455
.69770122,-.019949974
.69781715,-.019923519
.69783431,-.019919597
.69793922,-.019895574
.69806212,-.019867402
.69813389,-.019850954
.69821495,-.019832361
.69824326,-.019825861
.69827175,-.019819319
.69828409,-.019816484
.6983183,-.01980863
.69835442,-.01980033
.6983754,-.01979549
.69852531,-.019760918
.69863367,-.019735934
.69878542,-.019700926
.69881403,-.019694319
.69884789,-.019686507
.69893438,-.019666549
.69901264,-.019648494
.69904578,-.019640844
.69908059,-.019632811
.69909823,-.019628735
.69911975,-.019623751
.69915181,-.019616336
.69920897,-.019603085
.69932675,-.019575816
.69942564,-.019552898
.69945502,-.019546082
.69949597,-.01953659
.69951528,-.019532111
.69954473,-.019525276
.69957298,-.019518716
.69959366,-.019513924
.69961023,-.019510072
.69979227,-.019467732
.6998831,-.019446587
.69996816,-.019426748
.69997954,-.019424103
.70008552,-.019399345
.70026869,-.019356508
.700324,-.01934357
.70040995,-.019323479
.70042866,-.019319091
.70048851,-.019305103
.70050782,-.019300574
.70052743,-.019295977
.70054543,-.019291768
.70056385,-.019287445
.70063281,-.019271301
.70065069,-.019267103
.70076561,-.019240174
.700921,-.019203743
.70098758,-.019188117
.70107812,-.019166891
.70113355,-.019153846
.70119053,-.019140458
.70127803,-.01911982
.70135462,-.019101776
.70136338,-.019099696
.70142406,-.019085351
.70148665,-.019070545
.7015481,-.019056007
.70161003,-.019041372
.70167476,-.019026058
.70177323,-.019002734
.70187193,-.018979367
.70189732,-.018973354
.7019127,-.0189697
.70192689,-.018966336
.7019546,-.018959763
.70201308,-.018945891
.70207524,-.01893113
.70213646,-.018916592
.70219314,-.018903138
.70228666,-.018880919
.70234782,-.018866366
.70243961,-.018844543
.70248592,-.018833525
.70260757,-.018804578
.70270658,-.018781003
.70281196,-.018755911
.70291466,-.018731453
.70294893,-.018723285
.70300364,-.018710226
.70307821,-.018692445
.70313513,-.018678863
.7031945,-.018664662
.70323533,-.018654885
.70325398,-.018650414
.70328045,-.01864407
.70336258,-.018624378
.70338178,-.018619781
.70350409,-.018590428
.70352864,-.018584533
.70355248,-.018578807
.70365852,-.018553331
.7037468,-.018532125
.7037816,-.018523743
.70380086,-.018519128
.70393002,-.018488022
.70399296,-.018472871
.70411509,-.018443441
.70414662,-.018435832
.70422834,-.018416127
.70434767,-.018387351
.70446217,-.018359715
.70448732,-.018353632
.70455945,-.01833621
.70461929,-.018321738
.70463163,-.01831875
.70469928,-.018302349
.70476806,-.018285677
.70488447,-.018257383
.70491898,-.018249003
.7050339,-.018221067
.70504814,-.018217595
.70516229,-.01818973
.70528281,-.018160328
.70540303,-.01813098
.70557946,-.018087916
.70566022,-.018068155
.70567739,-.018063946
.70585334,-.018020844
.70586556,-.018017855
.70589095,-.018011626
.70591635,-.018005393
.70594168,-.017999172
.70596653,-.017993079
.70614243,-.017949902
.706209,-.017933568
.70632827,-.017904291
.70644563,-.01787547
.70650822,-.017860102
.70652628,-.017855665
.70663035,-.017830068
.70673388,-.017804585
.70683783,-.017779009
.70691258,-.017760606
.70700777,-.01773715
.70703304,-.01773091
.7071014,-.017714031
.70717251,-.017696485
.70720643,-.017688107
.70727563,-.017671017
.70734531,-.017653817
.70741475,-.017636679
.7074393,-.017630612
.70745784,-.017626045
.707533,-.017607467
.70760554,-.017589537
.70767611,-.01757209
.70774728,-.01755451
.70781749,-.01753716
.70787007,-.017524172
.70788145,-.017521342
.70795971,-.017501991
.70799255,-.017493865
.70807636,-.01747312
.70815313,-.017454093
.70823961,-.017432677
.70836526,-.017401503
.70848906,-.017370796
.70857537,-.017349381
.70870233,-.017317882
.70883399,-.017285215
.70896155,-.017253546
.70901716,-.017239699
.70903057,-.017236374
.70910764,-.017217176
.70913261,-.017210949
.70925754,-.017179798
.7093153,-.017165352
.70938814,-.017147148
.70945281,-.017130977
.70949817,-.017119616
.70954382,-.017108172
.70959055,-.017096456
.70963693,-.017084835
.70968223,-.017073479
.70978683,-.017047232
.7098344,-.017035294
.70986694,-.017027112
.70990855,-.017016657
.70996827,-.017001659
.70998764,-.016996797
.71005154,-.016980737
.71010977,-.016966108
.71014297,-.016957756
.71022058,-.016938217
.71024752,-.016931433
.71036416,-.016902024
.71042264,-.016887276
.71047729,-.016873451
.71055496,-.016853783
.71062982,-.016834786
.71071458,-.016813274
.71078593,-.01679517
.71081245,-.016788429
.71083909,-.016781665
.71086776,-.016774392
.710917,-.016761899
.71098697,-.016744118
.71108884,-.016718242
.71118826,-.016692966
.71121281,-.016686713
.71128976,-.01666712
.7113663,-.016647622
.71139652,-.016639913
.7114256,-.016632494
.71145296,-.016625514
.71149993,-.016613526
.7115894,-.016590696
.7116223,-.016582286
.71167815,-.016567986
.71174997,-.016549578
.71181977,-.016531659
.71191055,-.016508307
.71202725,-.01647828
.7121262,-.016452769
.71213907,-.01644945
.71221447,-.016429992
.71223682,-.016424198
.71229601,-.016408866
.71236449,-.016391145
.71247631,-.016362175
.71257502,-.016336607
.71267354,-.016311076
.71277064,-.016285922
.71286869,-.016260508
.71294159,-.016241582
.71300822,-.016224271
.71308005,-.016205637
.71311539,-.016196463
.71314085,-.016189843
.71320152,-.016174069
.71326649,-.016157161
.71333283,-.016139889
.71335334,-.016134556
.71342254,-.016116545
.7135179,-.016091688
.71357375,-.016077137
.71363389,-.016061453
.71373481,-.016035125
.71380329,-.016017254
.71386969,-.015999928
.7138772,-.015997976
.7139824,-.015970517
.71400714,-.015964048
.71409488,-.015941106
.71419072,-.015916031
.7142784,-.015893089
.71431112,-.015884498
.71436697,-.01586988
.71440154,-.015860802
.71441531,-.015857199
.714481,-.015839962
.71448833,-.015838042
.71451533,-.015830956
.7145443,-.015823351
.71457082,-.015816387
.71459746,-.0158094
.71462607,-.01580189
.71464509,-.015796896
.71473289,-.015773796
.71478736,-.015759468
.71487379,-.015736716
.71496367,-.015713045
.71502161,-.015697783
.71507674,-.015683198
.7150889,-.015679987
.71514589,-.015664892
.71521443,-.015646726
.71528494,-.015628058
.71535319,-.015609959
.71542817,-.015590092
.71550345,-.015570138
.71550488,-.015569752
.71550941,-.015568547
.71554345,-.01555953
.71559811,-.015545033
.71570796,-.015515869
.71582019,-.015486081
.71586877,-.015473179
.71597403,-.015445235
.71605992,-.015422394
.71613085,-.015403513
.7162047,-.01538386
.71627831,-.01536424
.71639502,-.01533313
.7164489,-.01531877
.7165606,-.015288982
.71657217,-.015285885
.71668279,-.015256389
.7167986,-.015225496
.71688426,-.015202654
.7169401,-.015187739
.7169891,-.015174602
.71705669,-.015156427
.7170909,-.015147244
.7171104,-.015142009
.71720147,-.015117484
.71729201,-.015093133
.7173816,-.01506902
.71747071,-.015045021
.71755898,-.015021255
.71757138,-.015017916
.7176438,-.01499841
.71781218,-.014953035
.71783036,-.014948135
.71785671,-.014941023
.71792334,-.014923043
.71798366,-.014906739
.71809113,-.014877658
.71825671,-.014832852
.71836269,-.014804163
.71854126,-.014755806
.71861374,-.014736171
.71863288,-.014730979
.71865213,-.014725757
.71867138,-.014720544
.71869034,-.014715392
.71870977,-.014710127
.71874619,-.014700254
.7188186,-.014680596
.71889055,-.01466106
.71895134,-.014644553
.71896273,-.014641448
.71904653,-.014618665
.7192114,-.014573814
.71937829,-.014528407
.719441,-.014511356
.71959418,-.014469602
.71970737,-.014438741
.71978575,-.014417398
.71989685,-.014387081
.71994561,-.014373766
.72005689,-.014343353
.72008008,-.014337014
.72015554,-.014316368
.72024292,-.014292407
.72035336,-.014262126
.72040927,-.014246777
.72051036,-.014218937
.72062522,-.014187286
.72072983,-.01415848
.7208358,-.014129284
.72088271,-.014116365
.7209962,-.014085065
.72104186,-.01407247
.72109103,-.014058912
.72114474,-.014044095
.72119462,-.014030334
.72124022,-.014017758
.72125435,-.014013872
.72130352,-.014000297
.72144204,-.013962034
.72145891,-.013957371
.72153145,-.013937294
.72164822,-.013904998
.72169518,-.013891994
.72175598,-.013875163
.72178328,-.013867604
.72187692,-.013841656
.72193778,-.013824781
.7219581,-.013819142
.72202104,-.013801682
.72203648,-.013797392
.7220524,-.013792987
.72206777,-.013788709
.72219729,-.013752726
.72227138,-.013732117
.7223404,-.013712897
.72236603,-.01370577
.72243375,-.013686907
.72245246,-.013681684
.7224732,-.013675918
.7225076,-.01366631
.72253561,-.01365847
.72255945,-.013651812
.72258538,-.01364456
.72259873,-.013640822
.7226786,-.01361849
.7227453,-.013599824
.72281349,-.013580739
.72283465,-.013574813
.7228564,-.013568723
.72287673,-.013563032
.72291291,-.013552899
.72303885,-.013517618
.72305548,-.013512958
.72312099,-.013494576
.72314155,-.013488823
.72316569,-.013482032
.72326344,-.013454548
.72329938,-.013444444
.72331429,-.013440248
.72339034,-.013418796
.72341412,-.013412096
.72342747,-.013408315
.72348821,-.01339114
.72359514,-.01336087
.72370046,-.013331051
.72377533,-.013309848
.7238543,-.013287499
.72392964,-.013266159
.72400606,-.013244505
.72402418,-.013239373
.72414774,-.013204346
.72417772,-.013195857
.72419512,-.013190923
.72429419,-.013162836
.72440332,-.013131902
.72447056,-.013112842
.72456199,-.013086913
.72458512,-.013080359
.72460908,-.01307357
.7247076,-.013045629
.72473204,-.013038682
.72478938,-.013022402
.72485518,-.013003709
.7249577,-.012974543
.72506487,-.012944065
.72508401,-.012938626
.72518873,-.012908852
.72521877,-.012900306
.7252571,-.012889406
.72529536,-.012878513
.72533303,-.012867784
.725335,-.012867228
.72536671,-.012858201
.72540206,-.012848136
.72543323,-.012839259
.72546238,-.012830952
.72549146,-.012822686
.7255187,-.012814925
.725546,-.012807137
.72561479,-.012787533
.72568095,-.012768663
.72580165,-.012734223
.72583795,-.012723874
.7259329,-.012696753
.72598797,-.012681009
.72604877,-.012663622
.72611535,-.012644601
.72617596,-.01262727
.72624153,-.012608537
.72630399,-.012590674
.7263425,-.012579667
.72638088,-.012568683
.72638273,-.01256816
.72641259,-.012559621
.72644067,-.012551585
.72647011,-.012543171
.72647768,-.012541003
.72647959,-.012540455
.7264815,-.012539893
.72654527,-.012521575
.7265799,-.012511605
.72660053,-.012505677
.72675645,-.012460745
.72675848,-.012460178
.72681743,-.012443155
.72690612,-.012417546
.72692007,-.012413504
.72694087,-.012407478
.72699738,-.012391129
.72710282,-.012360588
.72712356,-.012354576
.72728664,-.012307295
.72734743,-.012289673
.72744852,-.012260375
.72747248,-.012253426
.7275086,-.012242934
.72751069,-.012242337
.72764528,-.012203212
.72771102,-.012184042
.72772288,-.012180591
.72773486,-.012177104
.7277469,-.012173603
.72775888,-.012170104
.72777092,-.01216661
.72783095,-.012149114
.72792447,-.012121864
.7279346,-.0121189
.72795755,-.012112211
.72806293,-.012081445
.72812754,-.012062568
.72821945,-.012035686
.72829151,-.012014629
.7283507,-.011997269
.72840548,-.011981199
.72846049,-.011965069
.72847044,-.011962153
.72850394,-.011952306
.72860855,-.011921627
.72866869,-.011903989
.72872168,-.011888428
.72875506,-.011878622
.72890431,-.011834777
.72904307,-.01179402
.72907317,-.011785191
.7290746,-.011784775
.72908479,-.011781771
.72911847,-.011771834
.72912765,-.011769131
.72913748,-.011766227
.7291469,-.011763453
.72928464,-.0117228
.72942519,-.01168133
.72956234,-.011640876
.7295717,-.011638114
.72963727,-.011618745
.72970915,-.011597501
.72971994,-.011594294
.7297765,-.011577577
.72981012,-.011567628
.7298432,-.011557836
.72994709,-.011527069
.72995627,-.011524347
.73006141,-.0114932
.73024261,-.011439459
.73031509,-.011417955
.73034972,-.011407683
.73042858,-.011384244
.73050541,-.011361405
.7305882,-.011336802
.73059893,-.011333621
.73067135,-.01131208
.73077965,-.011279859
.73079228,-.011276091
.73080647,-.011271873
.73081636,-.011268917
.73097348,-.011222052
.73105007,-.011199196
.73113412,-.011174113
.73124045,-.011142349
.73134297,-.0111117
.73138309,-.011099707
.73141438,-.01109035
.73142684,-.011086632
.7315253,-.011057154
.73156542,-.011045135
.73163038,-.011025678
.73167586,-.011012047
.73183483,-.010964407
.73187691,-.010951787
.7319423,-.010932152
.73195344,-.010928811
.73199183,-.01091726
.732005,-.010913298
.73211294,-.010880827
.73214811,-.010870238
.73231858,-.010818901
.7323845,-.010799051
.73245686,-.010777187
.73256743,-.010743786
.73262841,-.010725376
.73264277,-.010721028
.73267806,-.010710368
.73278004,-.010679531
.73282224,-.010666746
.73283643,-.010662435
.73289275,-.01064534
.73295003,-.010627962
.73296016,-.010624886
.73302758,-.01060439
.73304158,-.01060012
.73304409,-.010599366
.73315209,-.010566524
.7332077,-.010549581
.73328006,-.010527541
.73330027,-.010521374
.73332202,-.010514745
.73338944,-.010494173
.73339379,-.010492838
.73342854,-.010482227
.73343331,-.010480775
.73348498,-.010464985
.73348933,-.010463654
.7334938,-.010462298
.73349828,-.010460934
.73355579,-.01044336
.73357576,-.010437259
.73359525,-.010431306
.73364782,-.010415216
.7337299,-.010390059
.73375136,-.010383486
.73381782,-.010363107
.73387051,-.010346945
.7339853,-.010311708
.73402822,-.010298517
.73413283,-.010266395
.734146,-.010262337
.73420525,-.010244143
.7342692,-.010224483
.73434633,-.010200784
.73441732,-.010178957
.73452836,-.01014476
.7345795,-.010128999
.73466694,-.010102041
.73471111,-.010088435
.73475808,-.010073957
.73480433,-.010059698
.73481244,-.010057189
.73485523,-.010043989
.73491627,-.010025158
.73496717,-.010009464
.73502129,-.0099927662
.73507798,-.0099752424
.73508048,-.0099744573
.73510718,-.0099662058
.73513329,-.0099581378
.73516011,-.0099498313
.73521078,-.0099341702
.73526239,-.0099182045
.73528898,-.0099099837
.73533988,-.0098942304
.73552191,-.0098378975
.73568517,-.0097873267
.7358526,-.009735479
.73591197,-.0097170845
.73592323,-.0097135939
.73598349,-.0096948864
.73604435,-.0096759889
.73610407,-.0096574267
.73613048,-.0096492469
.73619145,-.009630315
.73622495,-.0096198926
.73627841,-.009603288
.7363618,-.0095773917
.7365309,-.009524825
.73669589,-.0094735296
.73676109,-.0094531858
.73682052,-.009434646
.73687941,-.0094162924
.73694038,-.0093972841
.73700207,-.0093780542
.73706621,-.0093580587
.73706871,-.0093572661
.73716438,-.0093274275
.73721451,-.0093117682
.7373156,-.0092801778
.73737246,-.0092623765
.73746943,-.0092319865
.73748928,-.0092257652
.73759389,-.0091929724
.73769498,-.0091612516
.73772138,-.0091529507
.73782086,-.0091216546
.73792869,-.0090876874
.73794216,-.009083461
.73799205,-.0090677375
.73805785,-.0090469588
.73810673,-.0090314997
.73812658,-.0090251956
.73824328,-.008988197
.73830754,-.0089678243
.7383827,-.0089439675
.73845899,-.0089197503
.73850089,-.0089064389
.73857254,-.0088836933
.73864233,-.0088615436
.73871183,-.0088394722
.73875493,-.0088257752
.73886985,-.0087892087
.73894811,-.0087642381
.73901391,-.0087432601
.73903716,-.0087358421
.73908114,-.0087217884
.73908371,-.0087209735
.73908609,-.008720207
.73910856,-.0087130088
.73917449,-.0086919079
.73920256,-.008682901
.73925745,-.0086652916
.73930562,-.0086497637
.73937869,-.0086262031
.73943675,-.0086074639
.73944694,-.0086041698
.73951066,-.0085836034
.73962551,-.0085465042
.7396934,-.0085245902
.73972034,-.008515886
.73973072,-.0085125295
.73973221,-.0085120555
.73974836,-.0085068252
.7397936,-.0084921848
.73986489,-.0084690787
.73988146,-.008463718
.7399323,-.0084472401
.73998779,-.0084292451
.74003994,-.0084123295
.74009067,-.008395886
.74014539,-.0083781481
.74029857,-.0083284024
.7403639,-.008307186
.74038506,-.0083003016
.74042296,-.0082879905
.74048966,-.0082663177
.74057108,-.0082398504
.74059224,-.0082329782
.74061108,-.0082268631
.74067289,-.0082067316
.74073493,-.0081865294
.74080181,-.0081647681
.74082935,-.0081557808
.74087113,-.0081421668
.74093586,-.0081210695
.74095434,-.008115028
.74101931,-.008093847
.74106824,-.0080778887
.74120027,-.0080347918
.74126261,-.0080144284
.74132442,-.0079942336
.74140042,-.0079693664
.74147034,-.007946481
.74151647,-.0079313656
.74159187,-.0079066744
.74167335,-.0078800051
.74173802,-.0078588221
.74180788,-.0078358995
.74185121,-.0078216698
.74196613,-.0077839186
.74201596,-.0077675274
.74208695,-.0077441935
.74213314,-.007729026
.74220854,-.0077042109
.74228746,-.0076782755
.74230617,-.0076721148
.74232519,-.0076658665
.74236256,-.0076535512
.74240237,-.0076404423
.74247754,-.0076157013
.74253345,-.0075972881
.74258947,-.0075788172
.74263579,-.0075635426
.74268329,-.00754786
.74275738,-.0075233998
.74283361,-.0074981935
.74290329,-.0074751694
.742975,-.0074514551
.74302018,-.00743652
.74303722,-.0074308696
.7431432,-.007395776
.74319381,-.0073790075
.74321002,-.0073736492
.74325389,-.0073590605
.74339241,-.007313041
.74341106,-.0073068491
.74348849,-.0072811046
.74359334,-.0072462293
.7436986,-.0072112307
.74380773,-.0071749249
.74391973,-.0071376786
.7440244,-.0071028667
.74404287,-.0070967195
.74405885,-.0070914011
.74407238,-.0070869131
.74407941,-.0070845783
.74408686,-.0070820944
.74410492,-.0070760678
.74415082,-.0070607807
.74416131,-.0070572677
.7442075,-.0070418501
.74425244,-.0070268698
.74429744,-.0070118485
.74433482,-.0069993474
.74438393,-.0069829584
.7444033,-.0069764694
.7444129,-.0069732498
.74441504,-.0069725439
.74442571,-.0069689774
.74448246,-.0069499761
.74449193,-.0069468017
.74450177,-.0069435146
.74451131,-.0069403062
.74452919,-.0069343154
.74457777,-.0069180639
.744627,-.0069015697
.74468452,-.0068822992
.74470401,-.0068757525
.74472326,-.0068693012
.7447769,-.0068512871
.74483126,-.0068330579
.74485105,-.0068264082
.74489051,-.0068131047
.74489695,-.0068109105
.74496865,-.0067867124
.74498785,-.0067802202
.74509245,-.0067448802
.74511522,-.0067371805
.74513614,-.0067300964
.7452026,-.006707584
.74520952,-.0067052497
.74521595,-.0067030783
.74522233,-.0067009139
.7452293,-.0066985502
.74530286,-.0066736122
.74536872,-.0066512278
.74541622,-.0066351108
.74546134,-.0066197482
.74548244,-.0066125435
.74557066,-.0065823994
.74566406,-.0065504182
.74572754,-.0065286634
.74574912,-.0065212674
.74580216,-.006503066
.74585497,-.0064849714
.74586791,-.0064805131
.74587977,-.0064764521
.74589187,-.0064722896
.74598587,-.0064399848
.74609125,-.0064037126
.74617988,-.0063731936
.74623317,-.0063548381
.74630904,-.0063286512
.74633276,-.0063204542
.74637437,-.0063061039
.7464149,-.0062920968
.74646848,-.0062735793
.74654001,-.0062488262
.74657971,-.0062350999
.74660408,-.0062266565
.74662685,-.0062187505
.74665064,-.0062105251
.74667358,-.0062025641
.74669188,-.0061962139
.7467373,-.0061804093
.74679065,-.0061618565
.74690735,-.0061212601
.7469514,-.0061059049
.74697298,-.0060983771
.7470879,-.0060583018
.74718899,-.0060230531
.74729496,-.0059860884
.74741167,-.0059453868
.74751621,-.0059089144
.74753451,-.0059025455
.7475642,-.0058921557
.74758428,-.0058851363
.74759948,-.005879824
.74761385,-.0058748042
.74762839,-.0058697104
.74764287,-.0058646323
.74765754,-.0058594872
.74771154,-.0058405795
.74773186,-.00583344
.7477538,-.0058257673
.74781466,-.0058043902
.74783462,-.0057973312
.74789125,-.0057773688
.74791288,-.0057697222
.74797904,-.0057463492
.74800515,-.005737111
.74805135,-.0057207928
.74810195,-.005702883
.74815184,-.0056852428
.74815983,-.0056824153
.74821138,-.0056641558
.74827367,-.0056420481
.74834889,-.0056153727
.74838781,-.0056015593
.74843413,-.005585128
.74848163,-.0055682492
.74849993,-.0055617453
.74856061,-.0055401847
.74858397,-.0055318847
.74862665,-.0055167084
.7486943,-.0054926327
.74875963,-.0054693874
.74878341,-.0054609133
.74883968,-.0054408642
.74890012,-.0054193167
.74896646,-.0053956308
.74902576,-.0053744181
.74904925,-.0053660073
.74905938,-.0053623784
.74910414,-.0053463494
.74918127,-.0053187129
.7492404,-.0052975067
.74934143,-.0052612294
.74935168,-.0052575404
.74941927,-.0052332524
.74947,-.0052150115
.7495383,-.0051904703
.74960887,-.0051650866
.74965125,-.0051498371
.7496751,-.0051412452
.74969822,-.0051329341
.74975383,-.005112838
.74979955,-.0050963578
.74984097,-.0050814217
.74991733,-.0050538615
.74992943,-.0050495081
.74997962,-.0050313608
.75004667,-.0050071343
.75007528,-.0049967663
.75010067,-.004987584
.75011021,-.0049841227
.75018185,-.0049581924
.75025231,-.0049326546
.75032961,-.0049046543
.75041223,-.0048746583
.75047266,-.0048527191
.75048208,-.0048492942
.75054157,-.0048276726
.75065935,-.0047848839
.75067663,-.0047785817
.75074804,-.004752642
.75086486,-.0047101798
.75098264,-.0046673464
.75110167,-.004624072
.75111109,-.0046206606
.7512306,-.0045772037
.75130379,-.004550593
.75136012,-.0045300494
.75141615,-.0045096395
.75147152,-.0044894284
.75152808,-.0044688275
.75158435,-.0044483137
.75168544,-.0044114725
.75180578,-.0043675969
.75181514,-.0043641706
.75187689,-.004341668
.75189078,-.0043365699
.75206721,-.0042720851
.75209171,-.0042631165
.75216889,-.0042348709
.75223017,-.0042124158
.75224787,-.0042059184
.75231034,-.0041830395
.75231475,-.0041814134
.75233275,-.0041748104
.75239372,-.0041524037
.75249833,-.0041140001
.75256288,-.0040902607
.75259387,-.0040788646
.75271052,-.0040358775
.75280678,-.0040004263
.7528885,-.0039703236
.75299466,-.0039312071
.75309134,-.0038955784
.75318164,-.0038622515
.75326425,-.0038317062
.75333863,-.0038042113
.75335711,-.0037973656
.75342685,-.0037715263
.7534948,-.0037463671
.75360978,-.0037038045
.75371724,-.0036639848
.75378615,-.003638417
.75383258,-.0036211759
.75388205,-.003602817
.75399297,-.0035616234
.75400394,-.0035575433
.75407577,-.0035308534
.75417584,-.0034936576
.75428671,-.0034524065
.75440115,-.003409816
.75451785,-.0033663991
.75463229,-.0033238216
.75475723,-.0032773414
.75487578,-.0032332414
.75489247,-.0032270041
.75499219,-.0031898858
.75509191,-.0031527455
.7551626,-.0031264287
.7552368,-.0030987379
.75530452,-.0030735047
.75531507,-.003069578
.75538772,-.0030424581
.75549859,-.0030010559
.75557876,-.0029711311
.75567579,-.0029348747
.75575566,-.0029049874
.7558046,-.0028866937
.75585729,-.0028669699
.75591075,-.0028469479
.75600767,-.0028106938
.75602406,-.0028045464
.75603437,-.0028006705
.75610566,-.0027739005
.75615591,-.002755061
.75622761,-.0027281179
.75624555,-.0027213823
.75629437,-.0027030667
.75636721,-.002675659
.75643241,-.0026511629
.75652581,-.0026160441
.75658107,-.0025952696
.75663775,-.0025739339
.75670844,-.0025473384
.75676352,-.0025266269
.75681973,-.0025054533
.75692409,-.002466114
.75698274,-.0024440195
.75705105,-.0024182538
.75711453,-.0023943363
.75713354,-.0023871642
.75719661,-.0023633728
.75726068,-.0023392146
.75730586,-.0023221569
.75737137,-.0022974489
.75751048,-.0022448949
.75760645,-.0022086203
.75765747,-.0021893326
.75772572,-.0021634966
.75778413,-.0021414084
.75784427,-.002118638
.75791371,-.0020923766
.7579844,-.0020655878
.75800282,-.0020586052
.75806719,-.0020341827
.75813341,-.0020090849
.75814468,-.0020047983
.75819588,-.001985373
.75824845,-.0019654285
.75830442,-.0019441959
.75835949,-.0019232862
.75841093,-.0019037608
.75847661,-.0018788341
.7585398,-.0018548268
.75860339,-.0018306726
.75862467,-.0018226068
.75867337,-.0018041178
.75874388,-.0017773031
.75876021,-.0017710886
.75889385,-.001720233
.75895029,-.0016987493
.75900584,-.0016775784
.75905746,-.0016579358
.75911039,-.0016377763
.75915539,-.0016206113
.75922173,-.0015953232
.7592389,-.0015887761
.75929636,-.0015668308
.75935358,-.0015449703
.75941283,-.0015223169
.75943744,-.0015129281
.75946194,-.0015035421
.75952262,-.0014803332
.75953436,-.0014758385
.75954646,-.0014712051
.75955915,-.0014663467
.75957203,-.0014614144
.75958383,-.0014569026
.75959468,-.0014527421
.75965261,-.001430544
.75967705,-.0014211742
.75973743,-.0013980203
.75976074,-.0013890798
.75982147,-.0013657217
.75988346,-.0013418925
.7599439,-.0013186489
.75999314,-.0012996574
.76010811,-.0012553926
.76017517,-.0012295102
.76024872,-.0012010622
.76032263,-.0011724114
.76038736,-.0011473201
.76040095,-.001142055
.76054555,-.0010858711
.76057351,-.0010750135
.76065904,-.0010417849
.76070762,-.0010228817
.76074755,-.0010073207
.76080561,-.00098470831
.760858,-.0009642673
.76090783,-.00094480254
.76098692,-.0009139271
.76104009,-.00089317671
.76107359,-.00088008138
.76109457,-.00087189389
.76115716,-.00084744685
.76121795,-.0008236742
.76125902,-.00080764515
.76129884,-.00079207722
.76134187,-.00077525806
.76135808,-.00076892035
.76140183,-.00075184082
.76141262,-.00074762205
.76144165,-.00073626067
.76150036,-.00071326876
.76154882,-.0006942898
.76162672,-.00066377956
.76168472,-.0006410405
.76174653,-.00061682193
.76183003,-.00058404577
.76193666,-.00054219482
.76199937,-.00051755848
.7621032,-.00047681291
.76213145,-.00046572532
.762209,-.00043523865
.76228082,-.00040701538
.762384,-.00036643111
.76244032,-.0003442895
.76249677,-.00032207239
.76260728,-.0002785908
.76271188,-.00023739548
.76277769,-.00021146022
.7628451,-.00018487754
.76295108,-.00014299709
.76297158,-.00013488792
.76309741,-.000085034604
.76311427,-.000078361139
.76314092,-.000067813504
.76315993,-.000060270508
.76323277,-.000031362692
.76329827,-5.3642466e-06
.76335615,.000017607917
.76342696,.000045787699
.76350445,.000076619057
.7635808,.00010699093
.76365352,.00013591205
.76372415,.00016401855
.76374471,.00017220173
.76381797,.00020136317
.76383412,.00020780716
.76384419,.00021184704
.76385474,.00021607989
.76387286,.0002233102
.76388574,.00022845954
.76393789,.00024935353
.7640425,.00029121479
.76410824,.00031754255
.76418442,.00034804753
.76418585,.00034862672
.76420373,.00035579098
.76426512,.00038043564
.7643711,.00042302615
.76443326,.00044806907
.76448697,.00046971405
.76455051,.0004953185
.76457578,.00050552253
.76458901,.00051085884
.7646901,.00055170694
.76479644,.00059472851
.76482183,.00060500362
.76484817,.00061566202
.7648738,.00062603917
.76489925,.00063636759
.76496887,.00066456746
.76508379,.0007111567
.76518488,.000752174
.7652908,.00079520151
.76530927,.00080268626
.76532674,.00080979272
.7653448,.0008171199
.76536298,.00082450383
.76538062,.00083168992
.76539803,.00083876
.76545769,.00086302945
.76546562,.00086625974
.76554596,.00089908123
.76560152,.00092183932
.76565212,.00094258075
.76567543,.0009521257
.76572442,.00097218953
.76576054,.00098700717
.76577163,.00099157111
.7658264,.0010140494
.76584947,.0010235499
.7658726,.0010330537
.7658965,.0010428545
.76596737,.0010720077
.76608229,.0011192779
.76621991,.0011759255
.76624358,.0011856777
.76626348,.0011938954
.7662797,.0012005694
.76633257,.0012224033
.76638299,.0012432199
.76643819,.0012659974
.76649189,.0012881911
.76655066,.001312473
.7666043,.0013346779
.76662177,.0013419114
.76663941,.0013492169
.76668847,.0013696149
.76673234,.001387856
.7668035,.0014174754
.76686335,.0014423921
.76694089,.0014746566
.7669605,.0014828133
.76702154,.0015082269
.7670809,.001532979
.76714587,.0015600339
.76720506,.0015846943
.76726907,.0016113379
.76728296,.0016171357
.76730365,.0016257615
.76741856,.0016736685
.7674337,.0016799931
.76749575,.0017058795
.76750505,.0017097511
.76755583,.0017309884
.7676726,.0017798095
.76769567,.0017894559
.76771951,.001799454
.76773745,.0018069623
.76776129,.0018169803
.7677871,.0018277811
.76780641,.0018358782
.76782918,.0018454662
.76785308,.0018554867
.76787752,.0018657354
.76788551,.0018691052
.76796073,.0019007451
.76803589,.001932456
.76805609,.0019409882
.76806885,.0019463799
.76808357,.0019525934
.76813811,.0019756721
.76815176,.001981444
.76817179,.001989932
.76822805,.0020137462
.76824778,.002022132
.76831293,.0020497723
.76833212,.0020579332
.76835072,.0020658372
.76840973,.0020908914
.76842797,.0020986735
.76844633,.0021064568
.76855093,.0021509319
.76861078,.0021764154
.76869041,.0022103449
.76871198,.0022195328
.76873237,.0022282205
.76875073,.0022360503
.76883823,.0022733342
.76889294,.002296672
.76896483,.0023273283
.76905096,.0023641018
.76906496,.0023701054
.76914722,.0024052262
.76916111,.0024111625
.76917481,.0024170186
.7692548,.0024512347
.76929474,.0024683201
.76935536,.0024942423
.76942939,.0025259296
.7694962,.0025545654
.76951009,.0025605154
.76952404,.0025664889
.76958644,.0025932558
.7696541,.0026222842
.76969081,.0026380534
.76980972,.0026891588
.76987082,.0027153997
.76993167,.0027415582
.76995558,.0027518277
.76998377,.0027639726
.77002072,.0027798912
.7700429,.0027894718
.7701937,.0028547021
.77025241,.002880109
.77033412,.002915492
.77040011,.0029441044
.77041519,.0029506655
.77051032,.0029919394
.7705968,.0030294687
.77071279,.0030797764
.77079117,.0031138051
.77085149,.0031399897
.77089947,.0031608257
.7709375,.0031773709
.77096283,.0031884057
.77106231,.0032316819
.77112645,.0032596197
.77118975,.0032871342
.77124822,.0033126001
.77135974,.0033611741
.77146453,.0034068068
.77151632,.0034293646
.77151722,.0034297677
.77160186,.0034666366
.77166164,.003492719
.77177066,.0035403289
.77187693,.0035867505
.77198142,.0036323995
.77201849,.0036486005
.77202749,.0036525268
.77214915,.0037057297
.77217758,.0037181936
.77223551,.0037435603
.77229798,.0037709116
.77235687,.0037967288
.77242011,.0038244317
.77247822,.0038498749
.77249449,.0038570217
.77251011,.0038638483
.77252662,.0038711086
.77257806,.0038936653
.7725932,.0039003221
.77266204,.003930592
.77267718,.0039372337
.77274096,.0039652917
.77280498,.0039934614
.77286667,.004020622
.77293235,.0040495959
.77300233,.004080459
.77302265,.0040894477
.77306318,.0041073873
.77308255,.0041159638
.77317572,.0041572805
.77318984,.0041635721
.77326339,.0041963235
.77331066,.0042174277
.77337086,.0042442936
.77339447,.004254831
.77346355,.0042856829
.77353054,.0043155989
.77360296,.0043480303
.77370632,.0043943422
.77377361,.004424464
.77381974,.0044451645
.77384108,.0044547687
.77386546,.0044657453
.77388233,.004473337
.77389854,.0044806586
.77394438,.0045013446
.77396208,.0045093335
.77401352,.0045326059
.7740221,.0045364928
.77404004,.0045446428
.77405936,.0045534093
.77407783,.0045617791
.77415878,.0045985281
.77418303,.0046095313
.77428246,.0046547172
.77434862,.0046847863
.77436256,.0046911077
.77438217,.0047000316
.77440012,.0047081807
.77445537,.0047333338
.77446491,.0047376584
.77447873,.0047439565
.77448732,.0047478527
.7745223,.0047638062
.77453649,.0047702743
.77454591,.0047745579
.77458179,.0047909548
.77459055,.0047949604
.77464253,.0048187692
.77467364,.0048329872
.7747196,.0048540491
.77478158,.0048824875
.77480537,.0048933951
.77485138,.0049145785
.77486366,.0049201977
.77491474,.0049436982
.77498579,.0049764905
.7751025,.0050303936
.7752068,.0050787348
.77523041,.0050896867
.77528048,.0051129316
.77534825,.0051443991
.77544934,.0051913415
.77555388,.0052399128
.77566242,.005290343
.77576351,.0053372979
.7758739,.0053886105
.77589619,.005398985
.77601117,.005452503
.77611709,.0055018663
.77619547,.0055383598
.77620929,.0055447998
.77627707,.0055764215
.77634066,.0056061004
.77640247,.0056349211
.77644843,.00565637
.77655005,.0057038125
.77664542,.0057484084
.77670741,.0057774014
.77677417,.0058086235
.77684397,.0058412957
.77691454,.0058743311
.77698469,.0059071812
.77705532,.0059402492
.77712607,.0059734033
.77714258,.0059811077
.77726269,.0060373791
.77735609,.0060812128
.77737957,.0060922182
.77748406,.0061412603
.77750862,.006152811
.77761465,.0062026116
.7777186,.006251493
.77782154,.006299966
.77786857,.0063221082
.77791864,.0063456912
.77796441,.0063672578
.77801001,.0063887564
.77805936,.0064119897
.77807301,.0064184456
.77808696,.0064250077
.77819085,.0064739767
.77820879,.0064824349
.77831346,.0065318206
.77836031,.0065539009
.77840382,.0065744133
.77844715,.0065948498
.7784918,.0066159111
.77855116,.0066439277
.77857101,.0066533135
.77859163,.0066630538
.77867639,.0067031193
.77873617,.0067313714
.77882528,.0067735128
.77889478,.0068063582
.77894229,.0068288408
.77896309,.0068387017
.7790125,.0068620802
.77906036,.0068847658
.77913761,.0069213901
.7791962,.0069491812
.77927583,.0069869109
.77935338,.0070236605
.77943718,.0070634084
.77946031,.0070743794
.77951205,.007098956
.77957642,.007129522
.77962893,.0071544778
.77969295,.0071848971
.77976179,.0072175697
.77980983,.0072404016
.77987975,.0072736326
.7799691,.0073160976
.78005701,.0073579112
.78013873,.0073967399
.78022015,.0074354443
.7803036,.0074751507
.78032571,.0074856388
.78034383,.007494288
.78040993,.0075257649
.78047359,.0075560776
.78049922,.0075682984
.78052294,.0075796163
.78063339,.0076322756
.7806856,.0076571926
.78070849,.0076680882
.78072959,.0076781772
.78082752,.0077249585
.78088784,.0077537475
.78093714,.0077772904
.7809611,.0077887611
.78097481,.0077952994
.78103393,.0078236097
.78105015,.00783135
.78106946,.0078405924
.78107733,.0078443792
.78108877,.0078498293
.78110808,.0078591257
.78117561,.0078915693
.7812286,.0079170242
.78129172,.007947363
.78137422,.0079870299
.78140998,.008004236
.78144252,.0080199158
.78152198,.0080581401
.78154516,.0080693178
.7816301,.0081102299
.78164482,.0081173042
.78170943,.0081484523
.78174216,.0081642261
.78177738,.0081812134
.781811,.0081974259
.78187871,.0082301293
.78189433,.0082376758
.7819584,.0082686525
.78197271,.0082755527
.78198695,.0082824258
.78205389,.0083147818
.78210551,.0083397143
.78212935,.0083512869
.78218776,.0083795749
.78220314,.0083870245
.78227723,.0084229279
.78235024,.0084583042
.78240347,.0084841214
.78247303,.0085178912
.78255582,.0085580889
.78261524,.0085869841
.78263688,.0085975314
.78265834,.0086079752
.78273213,.0086439513
.78278524,.0086698262
.78280824,.0086810347
.78287596,.0087141339
.78288603,.0087190401
.78290933,.0087304302
.78298795,.0087689292
.78305084,.0087998118
.78310782,.0088278381
.78317559,.0088612
.78324181,.0088938074
.78330874,.0089267604
.78337359,.0089587169
.78344023,.0089916373
.78350776,.0090249544
.78359836,.0090697408
.78366554,.009103016
.78374398,.0091418959
.78382748,.0091833305
.78394508,.0092416489
.78400677,.0092722625
.78402823,.0092829252
.78413421,.0093355663
.78421062,.0093735447
.78429294,.0094144577
.78436905,.0094523178
.78446007,.0094975689
.7844829,.0095089599
.78450102,.0095179873
.7845794,.0095570823
.78458804,.009561386
.78460908,.0095719034
.7846607,.0095976917
.78471625,.0096254749
.78471714,.0096259294
.78476787,.0096513182
.78478825,.0096615562
.78485876,.0096968785
.78490633,.0097207204
.78496814,.0097517548
.78501868,.0097771622
.78506857,.0098022446
.78511494,.0098255267
.78518707,.0098618325
.78530383,.0099205663
.78532201,.0099297361
.78533471,.0099361241
.78538084,.0099593932
.78539693,.0099674594
.7855373,.010038315
.7855984,.010069162
.78566515,.01010289
.78572375,.010132523
.78573817,.010139816
.78575617,.010148944
.78582984,.010186325
.78593576,.010240102
.78600025,.010272826
.78604811,.010297148
.78610355,.010325375
.7861703,.010359346
.78624678,.010398269
.78632462,.010437869
.78639114,.01047185
.7864126,.01048282
.78645772,.01050587
.78652638,.010540993
.78658915,.01057312
.78665018,.010604329
.78665447,.010606549
.78671569,.010637864
.78680623,.010684277
.78682786,.010695403
.78689367,.010729232
.78690946,.010737369
.78699124,.01077954
.78707337,.010821901
.78715593,.010864507
.78723937,.010907561
.78732544,.010951998
.78743148,.01100669
.78746349,.011023212
.78747857,.011031016
.78754807,.011066899
.78758806,.011087582
.78760618,.01109697
.78767407,.011132106
.7877453,.011168974
.78779918,.011196868
.78786707,.011232053
.78794169,.011270702
.78801715,.011309795
.7880429,.011323138
.78814393,.011375548
.78819537,.011402248
.78825831,.011434947
.78830326,.011458317
.78832984,.011472135
.78835028,.011482763
.78836673,.011491352
.78845459,.011537187
.78848666,.011553888
.78850752,.011564774
.78856581,.011595187
.78864187,.011634987
.78871691,.011674208
.78885412,.011745999
.78892392,.011782475
.78897923,.011811408
.78905082,.011848867
.78906047,.011853915
.78912997,.01189036
.78924155,.011948854
.78926867,.011963083
.78934461,.012002891
.78948426,.012076196
.78959918,.012136543
.78970128,.012190189
.78981113,.012247936
.78987092,.01227939
.78992736,.012309054
.78999114,.012342556
.79006612,.012382023
.79014283,.012422432
.79020357,.012454393
.79030812,.012509492
.7903955,.012555534
.79045826,.012588618
.79046249,.01259085
.79051608,.012619123
.79058021,.012652953
.79065078,.012690203
.7907123,.012722661
.79073089,.012732444
.79074949,.012742281
.79085058,.012795663
.79086858,.012805175
.79089111,.01281707
.79091561,.012830044
.79093856,.012842186
.79095781,.012852356
.79097664,.012862328
.79100168,.012875575
.79102105,.012885827
.79108852,.012921573
.79111409,.012935111
.79118049,.012970347
.79122454,.012993669
.79128557,.013026061
.7913506,.01306056
.79137385,.013072914
.79143721,.013106586
.79150128,.013140664
.79153365,.01315787
.79156899,.013176695
.79160118,.013193849
.79163438,.013211551
.79169363,.013243156
.79175317,.013274866
.79181129,.013305856
.79186875,.013336544
.79190356,.013355129
.79196185,.013386269
.79203731,.013426585
.79209375,.013456728
.79215014,.013486842
.79220706,.013517223
.7922678,.013549694
.7923122,.013573409
.79239058,.013615369
.79243469,.013638989
.79250163,.013674792
.79252535,.013687508
.79258949,.013721855
.79273462,.013799729
.79278368,.013826094
.79285568,.013864773
.79295146,.013916221
.79295355,.013917363
.79297227,.013927416
.7929796,.013931343
.79298168,.013932487
.79300451,.013944788
.7930752,.013982862
.79314655,.01402124
.79321957,.014060575
.79329014,.014098614
.79335338,.014132665
.79335546,.014133779
.79336989,.014141568
.79344499,.01418203
.79352254,.014223784
.7935881,.014259174
.79361212,.01427213
.79375553,.014349568
.79381055,.014379312
.79388487,.014419506
.79390889,.014432486
.79397392,.014467686
.79403734,.014502036
.79405576,.014512011
.79405791,.014513161
.79413527,.014555146
.79414272,.014559193
.79415751,.014567223
.79415947,.0145683
.7942397,.014611936
.79430163,.014645658
.79439086,.014694257
.79440773,.014703405
.79449302,.014749952
.79457891,.014796782
.7946021,.014809435
.79461884,.0148186
.79463691,.014828516
.7947219,.014875152
.79480135,.014918776
.79486769,.014955202
.79497522,.015014276
.79506344,.015062782
.7951169,.015092196
.7951746,.015123992
.79526037,.015171249
.7953425,.015216578
.79541206,.015254969
.79542845,.015264012
.79545194,.015277009
.79551733,.01531317
.7955783,.015346912
.79560363,.015360962
.79560596,.015362234
.79560816,.015363437
.79561043,.015364713
.79561269,.015365949
.79561353,.01536642
.79570001,.015414367
.79577601,.015456514
.79578936,.015463917
.79587269,.01551016
.79594177,.015548475
.79595613,.015556443
.79595846,.015557718
.79597199,.015565248
.79602987,.015597451
.79604441,.015605532
.7961092,.015641557
.79612249,.015648959
.79619491,.015689256
.79626936,.01573067
.79634172,.015770944
.79641342,.015810845
.7964887,.015852731
.79653716,.015879702
.79660803,.015919272
.79665464,.015945304
.79668123,.015960149
.79675984,.01600416
.79683381,.016045565
.7968359,.016046744
.79684019,.01604913
.79690897,.016087675
.79702389,.016152104
.79705894,.016171742
.79706353,.016174339
.79714644,.016220868
.79721856,.016261296
.79729599,.016304765
.79740888,.016368117
.7974537,.016393283
.79748577,.016411282
.79751539,.016427951
.79754251,.016443182
.79757541,.016461657
.79759198,.016470976
.79766381,.01651136
.79771596,.016540697
.79777241,.016572436
.79782057,.016599579
.79787189,.016628409
.79792339,.016657406
.79793447,.016663672
.79796219,.016679259
.79799217,.016696163
.79801917,.016711367
.79812944,.016773488
.79816395,.016792925
.7981714,.016797123
.79818958,.016807351
.79823917,.016835319
.79825091,.016841972
.79826283,.016848713
.79831392,.016877526
.79839015,.016920609
.79843801,.016947668
.79846996,.016965721
.79848093,.016971923
.79850584,.016986007
.798527,.016997993
.79854488,.017008096
.79855579,.01701428
.7986148,.017047681
.79866558,.017076414
.79874384,.017120726
.79875124,.017124923
.79878592,.017144581
.7988072,.017156646
.79884154,.01717612
.7988885,.017202759
.79893047,.017226584
.79894966,.017237501
.79899722,.017264538
.79900533,.017269142
.79908943,.017317049
.79919541,.017377459
.79929996,.017437063
.79937786,.017481437
.79939651,.017492125
.7994976,.017549863
.79951239,.017558305
.7996273,.017624097
.79974401,.017690916
.79984856,.017750844
.7999391,.017802805
.80001873,.017848525
.80002517,.017852206
.80004025,.017860895
.80015618,.017927572
.80023605,.017973503
.80032229,.018023143
.80041426,.018076032
.80049831,.018124389
.80058211,.018172594
.80064887,.018211059
.80071592,.018249698
.80074131,.018264327
.80076224,.018276414
.80083394,.018317863
.80095071,.0183853
.8010003,.018414009
.80108762,.018464532
.80113018,.018489197
.8011986,.018528881
.80127859,.018575253
.80129433,.018584395
.80130303,.018589467
.80141973,.01865728
.80148625,.018695956
.8015371,.018725563
.80154854,.018732211
.80159831,.018761195
.80165046,.018791556
.80170208,.018821629
.80181664,.018888365
.80188698,.018929366
.80194622,.018964032
.80200082,.018995993
.80205333,.019026732
.80210042,.019054325
.8021521,.019084584
.80221134,.019119354
.80227947,.019159282
.80241984,.019241706
.80242419,.01924425
.80244654,.019257389
.80248225,.019278385
.80255485,.019321069
.80267155,.019389784
.80267352,.019390954
.80267543,.019392073
.80267745,.019393247
.80275375,.01943825
.80276096,.019442493
.80283308,.019485062
.80287433,.019509399
.80298036,.019571941
.80298239,.019573145
.8029843,.019574288
.80305415,.019615531
.80306029,.019619178
.80306119,.019619677
.80306196,.019620165
.8030628,.019620635
.80312908,.019659892
.80318862,.019695153
.80319482,.019698823
.80324626,.019729281
.80324703,.019729756
.80326527,.019740567
.80326605,.019741055
.80328441,.019751931
.80328637,.019753098
.80329591,.019758768
.80339181,.01981587
.80340207,.019821962
.803514,.019888746
.80361855,.019951193
.80365741,.019974394
.80376345,.020037727
.80380142,.020060465
.80381101,.020066166
.80388939,.020113107
.80389923,.020118978
.80397248,.020162864
.80405897,.020214679
.80407864,.020226488
.80414748,.020267792
.80420095,.020299911
.8042205,.020311669
.80423927,.020322917
.80425823,.020334307
.804268,.020340165
.80428094,.020347916
.80429363,.020355565
.80435967,.020395217
.80438149,.020408317
.80445659,.020453507
.80447674,.020465583
.80458128,.020528449
.80459213,.020534966
.80460268,.020541316
.80461317,.020547638
.8046245,.020554421
.80464268,.020565372
.80474377,.020626182
.80479264,.0206556
.80484277,.020685792
.80489546,.020717502
.80501223,.020787718
.80506098,.02081706
.80507171,.020823538
.80508375,.020830773
.80509555,.020837884
.80511516,.020849686
.80517036,.020882919
.80519187,.020895889
.80530858,.020966256
.80540371,.021023609
.80550969,.021087514
.80552149,.021094663
.8055234,.021095797
.80559832,.021140995
.80568051,.021190602
.8056826,.021191876
.80575413,.02123506
.80586898,.021304494
.80597007,.021365564
.80607462,.021428753
.8061353,.021465473
.80614501,.021471344
.80620933,.021510258
.80627728,.021551415
.80639219,.021620996
.80647057,.021668484
.80648893,.021679582
.80659354,.021742905
.80665594,.021780744
.80670947,.02181316
.80675834,.021842822
.80681103,.021874754
.80685973,.021904299
.80696434,.021967717
.80702406,.022003939
.80708456,.022040635
.80719048,.022104951
.80724901,.022140451
.80725873,.022146372
.80731744,.022182051
.80735439,.022204539
.80743861,.02225576
.80744052,.02225692
.80744249,.022258135
.80744451,.022259379
.80744654,.022260593
.80745673,.022266807
.8074587,.02226799
.80755973,.022329543
.80756921,.022335334
.80759501,.022351034
.80764371,.022380738
.80772656,.022431279
.80780566,.022479523
.80781233,.022483587
.80788428,.022527546
.80795598,.022571329
.80803263,.022618175
.80804217,.022623999
.80811471,.022668384
.80818558,.022711771
.80825722,.022755604
.80833417,.02280274
.80833691,.022804452
.80835444,.022815164
.80837321,.022826687
.80848271,.022893839
.80852878,.022922091
.80858183,.022954606
.80859905,.022965224
.80861849,.022977145
.80863667,.022988301
.8086552,.022999708
.80867326,.023010787
.80878919,.023082037
.80879617,.023086343
.80881244,.02309637
.80882925,.023106698
.80884713,.023117723
.80886346,.023127804
.80888104,.023138665
.80894691,.023179328
.80896509,.023190584
.80896717,.023191838
.80898756,.023204474
.80900633,.023216074
.80902481,.023227509
.80904281,.023238653
.80911291,.02328209
.80916315,.023313336
.80925745,.023372015
.80930591,.023402145
.80931377,.023407064
.80936366,.023438128
.80938387,.023450702
.80944669,.02348993
.80951154,.023530401
.8095746,.023569778
.80964351,.023612777
.80971146,.023655152
.80971396,.023656758
.80975682,.023683524
.80980539,.023713877
.80990994,.023779197
.80992895,.023791084
.81000704,.023839893
.81001359,.023843957
.8100642,.023875633
.8101173,.023908902
.81019121,.023955237
.81022191,.02397446
.81023377,.023981897
.81024843,.023991067
.81029546,.02402056
.81034774,.024053391
.81041676,.024096712
.81047791,.024135144
.81052989,.024167793
.81059748,.024210311
.8106603,.024249822
.81071484,.024284134
.81072521,.02429064
.8107602,.024312675
.81076646,.024316626
.81083095,.024357267
.81089962,.02440054
.81091005,.024407083
.81092036,.024413614
.81093061,.024420105
.8109501,.024432389
.81097037,.024445184
.81102502,.024479682
.81108212,.024515742
.81114471,.024555266
.81119436,.024586661
.81124544,.024618944
.81125009,.024621869
.8112607,.024628596
.81131887,.024665469
.81137776,.024702849
.81138813,.024709405
.81143445,.024738802
.8114934,.024776278
.81155133,.024813097
.81160909,.024849761
.8116641,.02488477
.81167102,.024889152
.81172878,.024925949
.81178242,.024960123
.81186849,.025014967
.81192702,.025052277
.81202644,.025115678
.81209028,.025156392
.8121407,.025188645
.81215751,.025199376
.81221795,.025238138
.81232661,.025308052
.81238264,.025344077
.81243777,.025379581
.81247115,.025401091
.81251597,.025430009
.81258106,.025472015
.81260061,.025484642
.81265318,.025518611
.81266892,.02552879
.81276512,.025591029
.81280929,.025619589
.81286043,.02565277
.81287599,.025662828
.81289142,.025672853
.81290835,.025683803
.81292504,.02569462
.81297344,.02572597
.81306678,.025786543
.81307501,.025791867
.81310588,.025811933
.81316453,.025850039
.81321555,.025883216
.81321818,.025884932
.81322652,.025890335
.81323516,.025895949
.81328863,.025930757
.81330037,.025938414
.81330937,.025944283
.81334841,.025969693
.81343442,.026025826
.81349701,.026066672
.81356567,.026111478
.81363332,.026155619
.81365329,.026168689
.81371611,.026209744
.81378055,.026251893
.81388748,.026321817
.81394374,.026358629
.81398988,.026388796
.81403583,.026418878
.81408238,.026449351
.81412899,.026479831
.81413782,.026485639
.81418419,.026516058
.81423956,.026552381
.81435448,.026627783
.81445903,.026696404
.81457573,.026772985
.81461078,.026795967
.81468713,.02684607
.81480306,.026922189
.8148098,.026926616
.81484365,.026948888
.81494474,.027015338
.81505072,.027085023
.81506807,.027096406
.81508529,.027107783
.8151024,.02711899
.8151198,.027130442
.81517977,.02716995
.81524068,.027210068
.81530482,.027252348
.81534779,.027280705
.81540346,.027317433
.81542081,.027328894
.81543565,.027338658
.81549114,.027375298
.81554824,.027413003
.81555086,.027414752
.81559002,.027440608
.81561422,.027456596
.81563294,.027468951
.81570601,.027517265
.81573021,.027533319
.81580186,.027580744
.81584132,.027606858
.81588036,.027632741
.81591886,.027658211
.81599879,.027711214
.81602532,.027728816
.81606424,.027754631
.81609625,.027775867
.81617284,.027826786
.81625181,.027879275
.81633586,.027935151
.81635237,.027946148
.81642497,.027994424
.81644988,.028011009
.81652677,.028062221
.81653738,.028069293
.81663847,.028136613
.81674445,.028207211
.81685936,.028283747
.81697607,.028361484
.81702465,.028393859
.81707352,.028426422
.81712151,.028458418
.81716973,.02849053
.81721735,.02852227
.81723005,.028530702
.81730223,.028578898
.81733513,.028600821
.81743968,.028670611
.81746125,.028685015
.81748736,.028702481
.8175205,.02872462
.81758434,.02876736
.81758648,.028768798
.81760162,.028778883
.81760359,.028780216
.81771851,.028857466
.81780618,.02891646
.8178249,.028929066
.81791866,.028992115
.81792122,.02899383
.81795299,.029015254
.8179723,.029028291
.81799084,.029040767
.81800884,.029052883
.81802696,.029065086
.8180846,.029103968
.81818712,.029173056
.81822956,.029201705
.81827617,.029233135
.81831867,.029261747
.81836468,.029292781
.81843054,.029337261
.81848073,.029371187
.81852657,.02940212
.81857258,.029433137
.81863451,.029474955
.81868398,.029508382
.81873119,.029540218
.8188321,.029608376
.81887549,.029637676
.81888473,.02964396
.81893057,.029675093
.81897509,.029705321
.81899977,.029722134
.81900358,.029724671
.81900871,.029728206
.81901318,.029731231
.81901723,.029733961
.81902158,.02973697
.81909001,.029783526
.819121,.029804606
.8191691,.029837336
.81921375,.029867714
.81926256,.029900936
.8193149,.02993658
.81935447,.029963488
.81940049,.029994888
.81942499,.030011537
.81942701,.030012917
.81943727,.030019963
.81949162,.030057196
.81955588,.030101219
.81957501,.030114317
.81957704,.030115677
.81959957,.030131143
.81970668,.030204624
.8198154,.030279202
.8198964,.030334774
.81996375,.030381033
.81997186,.030386573
.81998003,.030392192
.81998783,.030397527
.81999624,.030403288
.82000411,.03040872
.82005733,.030445263
.8201564,.030513341
.8202557,.030581633
.82035768,.030651772
.82037455,.030663352
.82037652,.030664681
.82044256,.030710185
.8204608,.030722693
.82048565,.030739833
.82049942,.030749321
.82050157,.030750815
.82056999,.030798037
.82057387,.030800721
.82062536,.030836318
.8206324,.030841142
.82065034,.030853564
.82072127,.030902693
.8208164,.030968601
.82088196,.031013967
.82094455,.031057376
.82103997,.031123653
.82114244,.031194843
.82123101,.031256475
.82130647,.031308919
.82131153,.031312477
.82131702,.031316277
.82132226,.031319942
.82132763,.03132363
.82133257,.031327121
.82141012,.031381007
.82144254,.031403627
.82147658,.031427365
.82150817,.03144934
.82157874,.031498551
.82165051,.03154853
.82171577,.031594083
.82178313,.031640988
.82184869,.031686686
.82186699,.031699453
.82196474,.031767633
.82199645,.031789713
.82203108,.031813867
.82205123,.031827971
.82210904,.031868301
.82216412,.031906743
.8222177,.031944189
.82227641,.031985134
.82232982,.032022465
.82241571,.032082468
.82250959,.032148119
.82259506,.032207936
.82268322,.032269586
.82277572,.032334249
.82287681,.03240506
.82287943,.032406908
.82298392,.032480322
.8230086,.032497641
.82307535,.032544583
.82312536,.032579776
.82318711,.032623228
.82318854,.032624308
.82320482,.03263576
.82325143,.032668624
.82325768,.032672998
.82330298,.032705031
.82340157,.032774735
.82350087,.03284502
.82359993,.032915067
.82370162,.032987025
.82373863,.033013187
.8237865,.033047061
.8238827,.033115078
.82393265,.033150449
.8239733,.033179265
.82400757,.033203565
.82404876,.033232704
.82409191,.033263367
.82415694,.033309523
.82415837,.033310562
.82415998,.033311624
.82422996,.03336142
.82430696,.033416227
.82437998,.033468165
.82445443,.033521164
.82447833,.0335382
.82454073,.033582646
.82461101,.033632696
.8246125,.033633765
.82468539,.033685874
.82468683,.033686899
.82479095,.033761334
.82488573,.033829238
.82496876,.033888735
.82497704,.033894658
.82508302,.033970669
.82519972,.034054365
.82530427,.034129363
.82541913,.03421177
.82548904,.034261886
.82559013,.034334384
.82560086,.034342106
.82562792,.034361541
.82569337,.034408502
.82575303,.034451365
.82584423,.034516927
.82592177,.034572598
.8259232,.034573648
.82598269,.034616403
.82605386,.034667522
.82614136,.034730457
.82621968,.034786828
.82629013,.034837563
.82638597,.034906536
.8264426,.034947414
.82651067,.034996461
.8265121,.034997471
.82652974,.035010237
.82653123,.035011269
.82655013,.035024941
.82662272,.035077374
.8267377,.035160396
.82673913,.035161465
.82681173,.035213988
.82688099,.035264082
.82688838,.035269395
.82694924,.035313435
.82701498,.035361137
.82702982,.035371829
.827043,.035381351
.82711959,.035436925
.82720327,.035497572
.82726419,.03554178
.8273477,.035602376
.827407,.035645407
.82747388,.035693999
.82753861,.035741094
.82760119,.035786539
.82762623,.035804778
.82764387,.035817582
.82766044,.03582966
.82767671,.035841525
.82769454,.035854489
.82771081,.035866391
.82771707,.035870925
.82779127,.035925001
.8278017,.03593263
.8278628,.035977356
.82790923,.036011323
.82799935,.03607728
.82800084,.03607839
.82805574,.036118627
.82816023,.036195442
.82821774,.036237705
.8282429,.036256239
.82826626,.036273479
.82827371,.036278959
.82829028,.036291204
.82829934,.03629794
.82830888,.036304954
.82831836,.036311962
.82832265,.036315169
.82833159,.036321778
.82834154,.036329132
.82844752,.036407698
.82845616,.036414135
.82848018,.036431946
.82849526,.036443189
.8285566,.036488835
.8285833,.036508735
.82860875,.036527768
.82861871,.036535155
.82862884,.036542702
.82863963,.036550786
.82869607,.03659296
.82871598,.036607873
.82872224,.036612559
.82879394,.03666617
.82880068,.036671251
.82885331,.036710575
.82886344,.036718171
.82887352,.036725726
.82892948,.036767647
.82895273,.036785081
.8289786,.036804408
.82900405,.036823448
.82906544,.0368695
.82912511,.036914155
.82913154,.036918964
.82913834,.036924127
.82914472,.036928825
.82920456,.036973659
.82926053,.037015628
.82932496,.037063964
.82939035,.037113059
.82944292,.037152443
.82949436,.03719116
.82951152,.03720405
.829566,.037245054
.8296181,.037284229
.8296777,.037329126
.82968736,.037336346
.82980222,.037423071
.82985592,.037463631
.82991201,.03750594
.8299703,.037549946
.83002526,.037591442
.83008045,.037633087
.83013481,.037674241
.83013618,.037675261
.83014876,.037684798
.83021396,.037734229
.83028495,.037787989
.83029169,.037793063
.83036155,.037846018
.83042598,.037894931
.83048868,.037942395
.83055145,.037990022
.83061677,.038039539
.83068162,.038088795
.83074498,.03813684
.83085406,.038219668
.83090806,.038260687
.83097571,.038312066
.83106411,.038379233
.83113068,.038429875
.83113939,.038436446
.83120811,.038488716
.83126706,.038533635
.83132428,.038577169
.83138853,.038626127
.83138978,.038627069
.83144039,.038665731
.831505,.038715158
.83154833,.038748186
.83159381,.038783021
.83166522,.038837653
.83173949,.038894501
.83179867,.038939912
.8318575,.038984973
.83190352,.039020281
.83194947,.039055459
.83199549,.039090782
.83199918,.039093625
.83200353,.039096981
.83204937,.039132193
.83205324,.039135173
.83205599,.039137214
.8320623,.039142128
.83207268,.039150104
.83208376,.039158665
.83209401,.039166521
.83210504,.03917497
.83211517,.039182808
.83216721,.039222945
.83222044,.039263953
.83224708,.039284449
.83224833,.039285384
.83225816,.039292999
.83226216,.03929612
.83231121,.039334036
.83235341,.039366733
.83239639,.039400004
.83243519,.03943003
.83250159,.03948136
.83252722,.03950125
.83258194,.039543595
.83263642,.039585859
.83269519,.0396314
.83275485,.039677635
.83280921,.03971976
.8328653,.039763179
.83290446,.039793551
.83294505,.039825052
.83296579,.039841153
.83297986,.039852019
.83299464,.03986356
.83300924,.039874937
.83302289,.039885484
.83302361,.03988602
.83302426,.039886542
.83302498,.039887059
.83302563,.039887603
.83302635,.039888144
.83308148,.03993104
.83308434,.039933212
.83310795,.039951522
.83319038,.04001569
.83320403,.040026292
.83328682,.040090781
.83331144,.040110003
.83338475,.040167246
.83338606,.040168256
.83341461,.040190533
.83344597,.040215019
.83347243,.040235676
.83350933,.040264521
.83357984,.040319543
.83358353,.040322497
.8336153,.0403473
.8336705,.040390503
.83367789,.040396288
.83376282,.040462852
.83379263,.040486168
.83384788,.040529557
.83386058,.040539503
.83388531,.040558927
.83388662,.040559951
.83396333,.040620323
.83399767,.040647302
.83406734,.040702306
.83407944,.040711798
.83410215,.040729709
.83419126,.040800035
.83420438,.040810481
.83428025,.040870398
.83429193,.040879637
.83430403,.040889196
.83431613,.040898718
.83435637,.040930621
.83436984,.040941212
.83443242,.040990815
.83449507,.041040398
.83450735,.041050173
.83458525,.041111894
.83464181,.041156743
.83469689,.041200403
.8347612,.041251447
.834782,.041267969
.83480632,.041287251
.83487457,.041341476
.83496505,.041413449
.83504069,.04147356
.83505207,.041482635
.8350867,.041510198
.83509487,.041516744
.83510387,.041523848
.83511227,.041530535
.8351211,.041537642
.83512306,.041539192
.83512491,.041540638
.83513427,.041548099
.83519006,.04159262
.83519197,.041594174
.83521843,.041615292
.83524501,.041636512
.83527398,.041659676
.83529627,.041677587
.83529824,.041679144
.83532554,.041700978
.83535409,.04172384
.8354091,.04176797
.83545244,.041802868
.8354544,.041804388
.83551377,.041852172
.83555841,.041888107
.83560562,.041926153
.83564889,.041961044
.83569646,.04199934
.83570027,.042002466
.83574736,.042040456
.83577621,.042063776
.83584619,.042120308
.83593762,.042194165
.83597994,.042228337
.83598977,.042236287
.83605003,.042285003
.83606261,.042295128
.8361094,.042332966
.83615494,.042369783
.83621234,.042416293
.83626431,.042458389
.83630639,.042492613
.83636463,.04253988
.83640593,.042573377
.83642954,.042592574
.83643049,.042593379
.836474,.042628694
.83657748,.042713162
.83657819,.042713691
.83657885,.042714227
.83662498,.042751946
.8366968,.042810634
.83680159,.04289623
.83686739,.042950045
.83686799,.042950548
.8368687,.042951062
.83686924,.042951591
.83691508,.042989165
.83696526,.04303037
.83703029,.043083701
.83708918,.043132093
.8371464,.043179087
.83716607,.04319527
.83723563,.04325258
.83730453,.043309357
.83737922,.04337094
.8374486,.043428119
.83751827,.043485541
.83758986,.043544553
.8376081,.043559588
.83766842,.043609351
.83767825,.04361745
.83772027,.043652199
.83772284,.043654297
.83778548,.043706082
.83785605,.043764401
.83790249,.043802775
.83800143,.043884624
.83806407,.043936525
.83812708,.043988679
.83817798,.044030778
.83823627,.04407908
.83832788,.044154961
.83843249,.04424163
.8385244,.044317763
.83862489,.044401024
.83864862,.044420611
.83874285,.04449876
.83881217,.044556189
.83883935,.044578701
.83890349,.044631962
.83896202,.044680428
.8390398,.044745047
.83908993,.044786647
.83915991,.044844788
.83922952,.044902597
.83929527,.044957213
.83935827,.045009572
.83940184,.045045797
.83944744,.045083813
.83952904,.045151684
.83957791,.045192305
.8396244,.045231041
.83966953,.045268618
.83971488,.04530634
.83976436,.045347571
.83977532,.045356646
.8397795,.045360111
.8398025,.045379288
.83982688,.045399625
.83985066,.045419443
.83987343,.045438483
.83989727,.045458306
.83993953,.045493592
.83999854,.045542818
.84004921,.04558507
.84009141,.045620337
.84014165,.045662157
.84018713,.045700196
.84024519,.04574858
.84028757,.045784034
.8403489,.045835309
.84042084,.045895442
.84046715,.045934275
.84051859,.045977507
.84056938,.046020109
.84062427,.046066143
.84070557,.046134464
.84072691,.046152398
.84077197,.046190206
.84083325,.046241805
.84084165,.046248887
.84084928,.046255279
.84091049,.046306752
.84095424,.04634361
.84101439,.046394285
.84106207,.046434443
.84111214,.046476591
.84111917,.046482544
.84117746,.046531662
.84118587,.046538722
.8411957,.046547018
.84125495,.046596959
.84132671,.046657514
.84138656,.046708036
.84143227,.0467466
.8414436,.046756145
.84150773,.046810403
.84156585,.04685951
.84161729,.046902992
.84166372,.046942297
.84173125,.046999462
.84180164,.047058985
.84186757,.047114834
.84193128,.047168884
.84199411,.04722213
.84200937,.04723509
.84208208,.047296815
.8421362,.047342736
.84213716,.047343567
.84221071,.047406033
.84226811,.047454815
.84228188,.04746652
.84229231,.047475375
.8423878,.047556657
.84240508,.04757135
.84242809,.04759093
.84245217,.047611419
.84252876,.047676846
.84260434,.047741275
.84267414,.047800913
.84274614,.047862321
.84281623,.047922149
.84284079,.047943145
.84286606,.04796477
.84289181,.047986712
.84291834,.048009362
.84298253,.048064295
.843009,.048086945
.84305841,.048129145
.8431161,.048178542
.84317851,.048231985
.84323806,.048282955
.84324819,.048291661
.84331787,.048351381
.84338731,.048410915
.84341437,.048434123
.84343845,.048454743
.84346169,.048474673
.84352893,.048532493
.84360272,.048595928
.84367079,.04865437
.84368479,.048666432
.84375626,.048727985
.84376651,.04873677
.84377819,.048746862
.84383941,.048799653
.84390891,.048859537
.84395736,.048901331
.84403241,.048966173
.84406364,.048993029
.844127,.049047895
.84413809,.049057566
.84420168,.049112588
.84427094,.049172714
.84427309,.049174521
.84434819,.049239695
.84442431,.049305893
.84450316,.049374454
.8445524,.049417216
.84461409,.049470916
.84467775,.049526233
.84474444,.049584281
.84480643,.049638163
.84482932,.049658075
.8448475,.049673904
.84491521,.049732912
.84492266,.049739346
.84497273,.049783066
.84506464,.049863301
.84516323,.049949367
.84525484,.050029319
.84534919,.050111748
.84544945,.050199285
.8455323,.050271604
.84558374,.050316602
.84564984,.050374266
.84566134,.050384369
.84571368,.050430067
.84576154,.050471857
.84577012,.050479401
.84588683,.050581422
.84593594,.050624371
.84598362,.05066609
.84603256,.050708886
.84609205,.050761018
.84609866,.050766863
.8462047,.05085976
.84621972,.050872933
.84623122,.050883044
.84627736,.050923545
.84639227,.051024467
.8464098,.051039908
.84642172,.051050335
.84647661,.051098574
.8464914,.051111549
.84655982,.051171754
.84662235,.051226608
.84668416,.051280968
.84671074,.051304433
.84680933,.051391046
.8468219,.051402178
.84683436,.051413137
.84690183,.051472522
.84691465,.051483825
.84697902,.051540453
.84704161,.051595576
.84712368,.05166778
.84714758,.051688824
.84716463,.051703852
.84721929,.051752154
.84732109,.051842026
.84742129,.051930532
.8474375,.051944803
.84753859,.052034095
.84757841,.05206931
.84763879,.05212269
.84766042,.052141808
.84770876,.052184578
.84774745,.052218832
.84778988,.052256413
.84782869,.052290775
.84789348,.052348185
.84799808,.052440841
.84800309,.052445285
.84804195,.052479733
.84808582,.052518655
.8481459,.05257187
.84819269,.052613363
.84823173,.052648097
.84827155,.052683368
.84831113,.052718505
.84835291,.05275562
.84839213,.052790415
.8484382,.052831348
.848481,.052869327
.84852362,.05290721
.84853923,.052921005
.84854418,.052925427
.84860045,.052975509
.84860522,.052979726
.84860986,.052983873
.84866893,.053036533
.84868747,.053052962
.84876174,.053119186
.84878564,.053140536
.84880215,.053155184
.84880662,.053159241
.84880865,.053161059
.84881335,.053165223
.84888858,.053232454
.84891474,.053255834
.84901971,.05334973
.84910083,.053422257
.84911823,.05343787
.84913617,.053453941
.8492254,.053533774
.84931558,.053614493
.84938478,.053676538
.84943372,.053720403
.8495397,.05381554
.84964079,.053906262
.8497557,.054009404
.84986031,.05410327
.84993678,.054171987
.84995055,.0541844
.85006726,.054289307
.85013998,.054354694
.85020655,.054414541
.85027808,.05447904
.85033298,.054528471
.85038155,.05457231
.85042995,.05461615
.8504799,.054661363
.85053313,.054709531
.85058177,.054753575
.85059679,.054767121
.8506611,.054825492
.85071355,.054873008
.85072893,.054887015
.85079521,.054947153
.85085303,.054999691
.85086983,.055014912
.85095167,.055089492
.85101157,.055144005
.85108,.055206228
.85113537,.055256691
.85114336,.055263996
.85120767,.055322707
.8512457,.055357438
.8512916,.055399302
.85129464,.055402067
.85135168,.055454195
.85144436,.055539109
.85151476,.055603571
.85154009,.055626795
.8515448,.055631064
.85160726,.055688374
.85163152,.05571067
.85169566,.05576963
.85169995,.055773627
.85176939,.055837378
.85179853,.055864282
.85180116,.055866655
.85184628,.055908229
.8519007,.055958454
.85195518,.056008857
.85200703,.056056771
.85201949,.056068286
.85203433,.056082018
.85205168,.056098074
.85206515,.05611046
.85207987,.056124121
.85214001,.056179758
.8521443,.056183722
.85223407,.056266919
.85223836,.056270875
.85231233,.056339484
.85231674,.056343544
.8523829,.056404948
.85241824,.056437749
.85244095,.056458887
.8524912,.056505725
.85255051,.056560915
.85259563,.056602973
.85261047,.05661682
.8526206,.056626268
.85268426,.056685641
.85273474,.056732755
.85283357,.056825027
.85287553,.056864187
.85293937,.056923795
.85295737,.056940604
.85301298,.056992576
.8530699,.057045873
.85312504,.057097629
.85318577,.057154629
.85327458,.057237916
.85336566,.057323407
.85346723,.057418726
.85353488,.057482276
.85356975,.057515014
.85363412,.057575401
.85369569,.057633292
.85374492,.057679646
.85378903,.057721034
.85388464,.057811219
.85389465,.057820696
.85390472,.057830162
.85391974,.057844359
.85403639,.057954907
.8541249,.058038853
.854222,.058131058
.85431647,.058220886
.85433197,.058235683
.8543424,.058245536
.85439545,.058296088
.85444945,.058347657
.85449022,.058386534
.85449821,.058394164
.85454303,.058437001
.85455102,.05844466
.85455972,.058452897
.85456777,.058460675
.85457802,.058470409
.85458916,.058481038
.85460281,.058494132
.85461158,.058502488
.8546437,.058533262
.85465759,.058546599
.85467082,.058559317
.85468525,.05857309
.85469615,.058583643
.8547107,.058597647
.85471392,.058600746
.85478371,.058668159
.85483623,.058718905
.85486734,.058749054
.85489452,.058775302
.85490918,.058789514
.85494965,.058828697
.85500091,.058878366
.85505259,.058928501
.85510045,.058974884
.85520494,.059076317
.85525143,.059121426
.85530287,.059171397
.85534608,.059213337
.85540634,.05927179
.85548609,.059349235
.85554355,.059405133
.85555917,.059420299
.85560715,.059467066
.85570824,.059565637
.85577804,.059633747
.85578817,.0596436
.85580379,.059658855
.85591871,.059771072
.85594833,.059800062
.85601354,.059863742
.85610652,.059954651
.85619962,.06004582
.85626161,.060106579
.8563174,.060161266
.85638964,.060232081
.85640562,.060247798
.85645735,.06029851
.85652369,.060363509
.85658598,.060424656
.85664725,.060484875
.85674673,.060582571
.85675949,.06059517
.85677332,.060608741
.85678852,.060623705
.85680395,.060638811
.85682184,.060656421
.85692132,.060754236
.85694993,.060782511
.85706997,.060900696
.857126,.060955908
.8571505,.060980018
.85716724,.06099657
.85721266,.061041303
.85724467,.061072819
.85726941,.061097294
.85729331,.061120875
.85731757,.06114481
.85740978,.061235856
.85742682,.061252695
.85745245,.061278101
.8574757,.061300971
.85749954,.061324649
.85750765,.061332621
.85757196,.061396226
.85763407,.061457697
.85768205,.061505254
.857687,.061510209
.85770524,.061528243
.85777283,.061595228
.85783654,.061658435
.85793763,.061758853
.85796082,.061781891
.8580392,.061859895
.85810119,.061921511
.85815668,.061976749
.85823429,.06205396
.85833889,.062158104
.85838306,.0622021
.85843951,.062258348
.85854542,.062364038
.8586123,.062430728
.85867858,.06249699
.85876656,.062584914
.85885185,.062670216
.85889316,.062711649
.85895908,.062777698
.85903549,.06285423
.8591522,.062971212
.85918766,.063006826
.85924155,.063060842
.85931993,.063139573
.85939604,.063216023
.85950202,.063322462
.8595956,.063416511
.85970157,.063523076
.85978729,.063609242
.85985869,.063681252
.85997552,.063798755
.86009032,.063914448
.86019492,.064019747
.86029601,.064121895
.86041093,.064238094
.86049438,.064322606
.8605296,.064358197
.86058927,.064418741
.86064923,.06447953
.86067486,.06450548
.86074036,.064572021
.86080486,.064637564
.86089134,.064725369
.86095297,.064787894
.8609826,.064818062
.86100674,.064842708
.86102861,.064864948
.861049,.064885639
.86107296,.064910129
.86112255,.064960606
.86113214,.064970382
.86118537,.065024644
.86127013,.065111116
.86128634,.065127537
.86139232,.065235682
.86142057,.065264545
.8614735,.065318711
.86149991,.065345705
.86151004,.065356128
.86157078,.065418392
.86161864,.065467566
.86164594,.065495543
.86169857,.065549538
.86170065,.065551683
.86175424,.065606713
.86180604,.065659903
.8618567,.065711923
.86191678,.065773621
.86196619,.065824352
.86201423,.065873779
.86202455,.065884322
.86208862,.0659502
.86211669,.065979041
.86218345,.066047788
.86229938,.066167288
.86230832,.066176571
.86238557,.066256106
.86247122,.066344462
.86258793,.066464767
.86263394,.066512227
.86266416,.066543333
.86268961,.066569619
.8627429,.066624686
.86275667,.066638857
.86276931,.066651933
.86285162,.066736847
.86291713,.066804476
.86298448,.066874132
.86305523,.066947244
.86312097,.067015179
.8631928,.067089468
.86324799,.067146689
.86327475,.067174599
.8633315,.067233495
.86339295,.067297339
.86345094,.067357637
.86351323,.067422353
.86354256,.067452781
.8635993,.067511804
.86366802,.067583375
.86377108,.067690603
.86379349,.067713998
.86381733,.067738883
.86392128,.067847148
.86403054,.067960992
.86413282,.068067454
.86423266,.068171494
.86425447,.068194225
.8642804,.068221256
.86430359,.068245471
.86440891,.06835524
.86443365,.068381168
.8644582,.068406783
.86448461,.068434261
.86448723,.068437025
.86448979,.068439715
.8644926,.068442643
.86449528,.068445414
.86449778,.068448082
.86452234,.068473659
.86454606,.068498462
.8646512,.068608567
.8646993,.068658926
.86474615,.068708055
.86479831,.068762667
.8648454,.06881205
.86489689,.068866096
.86494142,.068912789
.86495155,.068923511
.86504668,.069023497
.86505246,.06902957
.86510491,.069084689
.86513072,.069111876
.86519986,.069184572
.86527401,.069262743
.86528718,.069276616
.86534005,.069332287
.86535424,.0693473
.86544943,.06944754
.86545855,.06945724
.8654716,.069471017
.86548567,.069485769
.8654992,.069500022
.86553812,.069541074
.8655777,.069582753
.86561388,.06962087
.8656671,.069676988
.86574322,.069757357
.86579186,.069808722
.86582899,.069847919
.86583853,.069857985
.86593801,.069963016
.86594754,.069973126
.86600357,.070032477
.8660664,.070099056
.86607224,.070105165
.86610818,.070143379
.86617762,.070216991
.86623597,.070278898
.8662945,.070340991
.8663519,.070401914
.86640912,.070462681
.86646801,.070525222
.86652982,.070590876
.86653554,.070596986
.86654109,.070602879
.86654723,.070609383
.86655289,.070615388
.86660993,.070675932
.86667389,.070743911
.86673695,.070810884
.86679709,.070874721
.866871,.07095328
.86692029,.071005672
.86699331,.071083352
.8670513,.071144946
.86705434,.071148157
.8670646,.071159087
.86708766,.071183614
.86720264,.071305878
.86720777,.071311377
.86729807,.071407475
.86736923,.071483247
.867392,.071507588
.86744261,.0715615
.8675043,.071627162
.86752635,.071650669
.86757219,.071699545
.86761928,.071749747
.86772037,.071857564
.86782491,.071969122
.86787057,.072017863
.8679207,.072071351
.86797011,.072124071
.86803114,.072189301
.86814791,.072313949
.86825389,.072427146
.8682639,.07243786
.86829197,.072467931
.86831433,.072491772
.86834139,.07252086
.86836451,.072545625
.86839551,.07257881
.86841947,.072604589
.8684817,.072671279
.86850613,.072697543
.86857265,.072768994
.86869115,.072896838
.86873317,.072942086
.868747,.072957054
.86881983,.073035702
.86882132,.073037334
.86882275,.073038943
.86882424,.073040515
.86882579,.073042162
.86886197,.073081292
.86886334,.073082827
.868931,.073156148
.86899549,.073226079
.86904639,.073281243
.86910909,.073349163
.86917186,.073417328
.86923522,.073486052
.86930394,.073560573
.86931944,.073577389
.8693217,.073579863
.86937666,.073639616
.86943239,.073700279
.86948341,.073755734
.86953586,.073812716
.86954063,.073817983
.8696025,.073885731
.86964726,.073934667
.86967117,.073960803
.86971962,.074013881
.86978871,.074089743
.86983228,.074137539
.86984879,.074155569
.8698777,.074187465
.86990756,.07422024
.86993641,.074252039
.86996818,.074286945
.86999935,.074321322
.8700456,.07437218
.87009209,.074423388
.87015241,.074489869
.87020242,.074545011
.87025088,.074598551
.87029523,.074647531
.87033987,.074696928
.87039536,.074758247
.87049294,.074866198
.87055129,.074930668
.87056583,.074946761
.87056661,.074947692
.87062317,.075010292
.87068206,.075075395
.87073624,.075135462
.87078345,.075187773
.87083906,.075249456
.8709237,.075343296
.87102282,.075453319
.87107199,.07550782
.8710832,.075520344
.87117624,.075623706
.8712669,.075724415
.87135732,.07582482
.87142712,.075902462
.87149006,.07597252
.87151444,.075999759
.87159741,.076092355
.87161261,.076109327
.87166721,.076170266
.87170756,.076215416
.87178934,.076306827
.8717941,.076312184
.87181032,.076330215
.8718254,.076347128
.87183017,.076352485
.87184507,.076369196
.87188828,.076417476
.87190288,.07643383
.87190777,.076439314
.87198925,.076530427
.87205428,.076603219
.87207001,.076620825
.87215644,.076717593
.87216163,.076723464
.87224007,.076811321
.87225294,.076825775
.87227684,.076852545
.87228173,.076857999
.87234491,.076928921
.87239051,.076980248
.87240642,.07699807
.87252307,.077129573
.87263799,.077259071
.87274259,.077376917
.87284857,.077496357
.87294966,.077610254
.87299263,.077658772
.87305623,.077730559
.87316227,.077850223
.87316948,.077858441
.87317669,.077866569
.8731845,.077875428
.87319201,.077883959
.8732,.077892974
.87321383,.07790871
.87323755,.077935562
.8733238,.078033634
.87339097,.078109995
.87345433,.078182124
.87352872,.078266904
.87359697,.078344673
.8736645,.078421772
.8736788,.078438058
.87369353,.078454889
.87373817,.078505918
.87380749,.078585051
.87382096,.078600436
.87383705,.078618906
.87383896,.078621142
.8738845,.078673333
.87398553,.078789324
.87409008,.078909345
.87419605,.079031117
.87431097,.079163149
.87436002,.079219505
.87447673,.079353735
.87452304,.079407029
.87457293,.07946451
.87458366,.079476945
.87461591,.079514049
.87466204,.079567268
.87470901,.079621434
.87475961,.079679877
.87479264,.079717994
.87484014,.079772927
.87485868,.079794273
.87492341,.079869062
.87498254,.079937436
.87504327,.080007672
.87510705,.080081351
.875166,.080149509
.87518746,.080174297
.87521535,.080206499
.87524742,.080243632
.87527657,.080277465
.87528855,.080291316
.87531787,.080325268
.87534946,.080361836
.8753795,.080396689
.87538838,.080406941
.87545395,.080482915
.8754636,.080494098
.87551677,.080555633
.87552583,.080566123
.87553507,.080576882
.87554407,.080587253
.87555391,.080598637
.87559271,.080643721
.87567437,.080738463
.87568384,.080749415
.87569028,.080756843
.87576687,.080845825
.87580025,.080884576
.87580997,.080895886
.87585902,.080952898
.87592286,.081027009
.8759861,.081100583
.87600309,.081120223
.87606508,.081192404
.87607777,.081207126
.87609804,.081230707
.87611645,.08125218
.87613636,.081275441
.87615478,.081296943
.87617379,.081319004
.87622875,.081383161
.87632447,.081494994
.87633932,.081512302
.87635374,.081529163
.87635607,.081531823
.87640274,.081586391
.87641531,.081601158
.87646884,.081663802
.87652755,.081732556
.87658554,.081800431
.87664026,.081864446
.87669367,.081927054
.87674344,.081985347
.87674433,.08198639
.8767764,.082023963
.87677729,.082024977
.87678945,.082039356
.87685645,.082118161
.87691277,.082184434
.87696409,.082244851
.8770169,.0823071
.87707239,.082372457
.87712383,.082433105
.87714481,.082457818
.87720072,.082523711
.87725955,.082593121
.87733418,.082681365
.87737113,.082725085
.87740636,.082766719
.87746578,.082837142
.8775202,.08290156
.8775745,.082965761
.87763309,.083035126
.87768883,.08310125
.87772316,.083141848
.87775737,.08318235
.87779492,.083226763
.87780535,.083239175
.87781578,.083251521
.87787259,.083318941
.87793511,.083393067
.87799817,.083467975
.87805086,.083530501
.87812442,.083617769
.87820482,.083713271
.87822604,.083738439
.87823308,.083746836
.87825376,.083771348
.87827599,.083797805
.87829858,.083824649
.87830931,.083837435
.87836009,.083897874
.8783977,.083942816
.87843359,.083985612
.87846851,.084027193
.87848908,.084051758
.87850952,.084076129
.87854445,.084117867
.87857962,.084159851
.87861782,.084205575
.87862664,.084216081
.87864155,.084233887
.87870073,.084304787
.87875247,.084366798
.87876642,.08438351
.87878096,.084400855
.87879592,.084418893
.87880981,.084435493
.87882429,.084452838
.87888712,.084528178
.87890649,.084551536
.87890863,.084554046
.87895584,.084610872
.87902212,.084690824
.87907165,.0847506
.87914276,.084836423
.87915772,.084854394
.87922621,.084937371
.87927508,.084996425
.87932032,.085051186
.87933296,.085066564
.87940001,.085147746
.87946314,.085224241
.87951684,.085289225
.8795709,.085354857
.87959385,.085382611
.87961936,.085413575
.87963241,.085429385
.8796497,.085450411
.87968457,.08549276
.87974018,.085560255
.87978548,.085615426
.87981832,.085655406
.87985373,.085698359
.87988591,.085737497
.87994897,.085814342
.88000655,.085884392
.88003874,.085923545
.88005394,.085942179
.88006157,.085951418
.88007969,.085973531
.88010103,.085999526
.88011754,.08601959
.88013572,.086041823
.88015574,.086066201
.88023216,.086159438
.88025302,.086185008
.88033587,.086286187
.88038492,.086346053
.8804363,.086408883
.88048404,.086467236
.88053149,.086525425
.88058376,.086589277
.88059789,.086606659
.88065648,.08667843
.88068396,.086712122
.88073981,.086780563
.88076293,.086808912
.88082075,.086879902
.88088477,.086958595
.88093799,.087024048
.88099468,.087093733
.88106161,.087176085
.8811397,.087272137
.88119137,.087335721
.88124323,.087399565
.88129616,.087464869
.88131022,.087482281
.88133049,.087507315
.88135242,.087534487
.88141274,.087609053
.88148803,.087702267
.88149172,.087706856
.88149559,.08771167
.88155496,.087785155
.88157195,.087806113
.88162476,.087871492
.88168687,.087948479
.88170141,.087966457
.88170511,.087971009
.88176614,.088046633
.8817789,.088062488
.88178247,.088066988
.88185298,.088154294
.88192558,.088244423
.88194823,.088272505
.88196468,.088293061
.88196832,.088297449
.88198602,.08831957
.88200122,.088338479
.88201404,.088354349
.88202775,.088371418
.88205779,.088408723
.88207293,.088427551
.88208926,.088447914
.88214827,.088521525
.88218004,.088561125
.88219416,.088578813
.88225156,.088650577
.88231438,.088729031
.8823716,.088800535
.88243341,.088877782
.88244784,.088895835
.88246709,.088920064
.88248622,.088944048
.88255721,.089033268
.8825798,.08906167
.88262933,.089123957
.88268304,.089191571
.88269496,.089206517
.88274348,.089267753
.88278478,.08931984
.88281882,.089362927
.88286805,.089425445
.88293153,.089506105
.88296449,.089547858
.88298756,.089577265
.883044,.089649186
.88310593,.089728214
.88311887,.089744627
.88313407,.089764155
.88318187,.089825049
.88321245,.089864112
.88330352,.089980386
.88338625,.090086214
.88343424,.090147458
.88351905,.090255901
.88354373,.090287544
.88356674,.090316996
.8836565,.090431906
.88368094,.090463147
.88370472,.090493582
.88372755,.090522856
.8838104,.090629078
.88383418,.090659529
.88391483,.090762891
.88393003,.090782285
.88397163,.090835966
.88402081,.090899393
.88408864,.09098696
.8841545,.091072083
.88421977,.091156259
.88428777,.091244198
.88435751,.091334216
.88436276,.091340922
.8843807,.09136419
.88439465,.091382235
.88440895,.091400802
.88446283,.091470815
.88452029,.091545373
.88457251,.091613308
.88462508,.091681458
.88468164,.091754906
.8846972,.091775231
.88474953,.091843307
.88480222,.091911741
.88481665,.091930553
.88483328,.091952264
.88484794,.09197133
.88486266,.091990426
.88492942,.092077442
.88497788,.0921406
.8850224,.092198655
.88506854,.092258982
.88510948,.09231247
.88512504,.092333004
.88517904,.092403695
.88524634,.092491955
.88531995,.092588507
.88539243,.092683658
.88540941,.092705943
.88547689,.092794523
.88553226,.092867389
.88555712,.092900097
.88556194,.092906587
.88557738,.09292689
.88563311,.093000516
.88570273,.093092412
.88576359,.093172878
.88581979,.093247347
.88583374,.093265854
.88584143,.093276039
.88584858,.093285471
.88585585,.093295261
.88586289,.093304612
.88586789,.093311138
.88587284,.093317769
.88587773,.093324289
.88588315,.093331434
.88589096,.093341798
.88589597,.093348481
.88591224,.09337008
.8859238,.093385555
.88593757,.093403891
.88595015,.093420573
.88599753,.093483768
.88604403,.093545899
.88608879,.093605801
.88615829,.093699165
.886199,.093754031
.88624299,.093813308
.88629729,.093886562
.88636231,.093974419
.88640022,.094025664
.8864553,.094100267
.88650686,.094170041
.88656145,.094243877
.88662636,.094331771
.88663864,.094348408
.88665533,.094370998
.88676178,.094515212
.88682449,.094600156
.88685417,.094640404
.88690984,.094715998
.88692826,.094740935
.88696915,.094796382
.88701123,.094853558
.8870278,.094876006
.88707721,.094943181
.88710141,.094976053
.88711202,.094990455
.88712239,.095004469
.88713259,.095018491
.88714343,.095033199
.88715369,.095047027
.88719672,.095105775
.88729197,.095235676
.88733196,.095290251
.88737398,.09534777
.88737845,.095353872
.88742447,.095417067
.887438,.095435701
.88745284,.095456101
.88751513,.09554182
.88756531,.095610894
.8876316,.095702238
.88769233,.095785819
.88772237,.095827296
.8877877,.095917329
.88783503,.095982634
.88788301,.096048661
.88794345,.096132055
.88799286,.096200369
.88803822,.096262969
.8881014,.096350364
.88815713,.096427515
.88820267,.096490532
.88824731,.09655232
.88824826,.096553698
.88829613,.096619993
.88835853,.09670639
.88837433,.096728332
.88844025,.096819982
.88849121,.096890852
.88853943,.096957907
.88860548,.097049713
.88865644,.097120613
.888713,.097199313
.88876027,.097265057
.8888163,.097342998
.88886678,.097413376
.8888678,.097414754
.88888454,.097438097
.88891047,.097474374
.88897109,.097559005
.88903689,.09765093
.88908517,.097718373
.88916737,.097833358
.88921738,.097903408
.88926637,.097971998
.88931113,.09803471
.88935578,.098097242
.88940179,.09816169
.88940644,.098168358
.88949305,.098289877
.8895182,.098325282
.88958079,.098413348
.88963592,.098491065
.88965893,.098523468
.88968545,.098560832
.88971156,.098597638
.88973635,.098632522
.88976383,.098671354
.88978946,.098707452
.88985223,.098795988
.8899467,.098929174
.89000279,.099008285
.89002079,.099033684
.89004749,.099071428
.89006573,.09909717
.89012265,.099177584
.89016956,.099243961
.89018089,.099259958
.89019227,.099276155
.89024198,.099346437
.89029396,.099420175
.89030057,.09942954
.89034641,.099494711
.89035857,.099512085
.89044249,.099631637
.89053756,.099767394
.8905558,.099793397
.89058375,.099833459
.89060259,.099860422
.89062208,.09988828
.89064068,.099914931
.89067012,.099957176
.89072782,.10003988
.89078057,.10011555
.89083123,.10018826
.89088446,.10026461
.89091146,.10030328
.89092952,.10032921
.89094299,.10034854
.8909654,.10038096
.89103401,.10047991
.89109719,.10057121
.891146,.10064173
.89119977,.10071925
.89121342,.10073901
.89128023,.10083587
.8913669,.1009613
.89142895,.10105111
.89147007,.10111078
.89153081,.10119876
.89159238,.10128798
.89161909,.10132667
.89169264,.10143325
.89176697,.10154103
.89182186,.1016207
.8919211,.10176466
.89197153,.10183781
.89197677,.1018455
.89205056,.1019529
.89206004,.10196665
.8920691,.10197975
.89207804,.10199291
.89208651,.1020053
.89209491,.10201745
.8921389,.10208164
.89216304,.10211704
.89218605,.10215061
.89219046,.10215697
.8922345,.1022215
.8922497,.10224375
.89226627,.10226809
.89228326,.10229297
.89229828,.10231514
.89232975,.10236127
.89240336,.10246945
.89242655,.10250349
.8924489,.10253627
.8924709,.10256867
.89249516,.10260443
.89251906,.10263952
.89260203,.1027616
.89267766,.10287286
.89275944,.10299321
.89283746,.10310804
.8929134,.10321984
.89297312,.1033079
.89299577,.10334138
.89304137,.1034086
.89306557,.10344426
.89311498,.10351731
.89321011,.10365787
.89330953,.10380481
.89336258,.10388327
.89342213,.10397158
.89342779,.10397995
.89343452,.10398992
.89348406,.10406335
.89348608,.10406644
.8934921,.10407544
.89360881,.10424875
.89361674,.10426044
.89362341,.10427037
.89373934,.10444275
.89379364,.10452351
.89386266,.10462639
.8939411,.10474329
.89401364,.10485149
.89406884,.10493376
.89411902,.10500875
.89414352,.10504529
.89418977,.10511448
.89424157,.10519182
.89430535,.10528707
.89436966,.1053833
.89442754,.10546997
.8944813,.10555035
.89455634,.10566256
.89460301,.10573252
.89465117,.10580453
.89469808,.10587477
.89474779,.1059494
.89479899,.10602617
.89484936,.10610185
.89489985,.10617768
.89493114,.10622479
.89501762,.10635483
.89505029,.10640394
.89511412,.10650002
.89518917,.10661312
.89524728,.10670051
.8953011,.10678156
.89536566,.10687865
.89542061,.10696146
.89544481,.10699788
.8955031,.10708585
.89556253,.10717548
.89559257,.1072208
.8956573,.10731857
.89574379,.10744917
.89577907,.10750236
.89582533,.10757245
.895881,.10765644
.89593792,.10774261
.89595288,.10776521
.89600998,.10785166
.89603281,.10788619
.89606124,.10792927
.89611626,.10801261
.89616632,.10808843
.89619774,.10813604
.89624602,.10820925
.89630109,.10829294
.89635509,.10837516
.89638561,.10842159
.89644176,.10850705
.89648092,.10856665
.89653718,.10865255
.89659286,.1087376
.89665836,.1088378
.89670902,.10891525
.89671361,.1089223
.89671826,.10892946
.89672315,.10893697
.89677018,.10900886
.8968327,.10910484
.89683729,.1091119
.89685255,.10913517
.89686704,.1091575
.8968817,.10917983
.89689541,.10920088
.89689988,.10920777
.89691377,.10922904
.89699477,.10935344
.89704341,.10942813
.89710355,.10952064
.89716291,.10961214
.89717394,.10962909
.89723194,.10971852
.89729685,.10981856
.89733553,.10987826
.89740437,.10998447
.89747399,.11009197
.89752895,.11017705
.89759135,.11027388
.89764518,.11035737
.8976593,.11037927
.89772099,.11047523
.89773583,.11049834
.89774954,.11051971
.89776331,.11054102
.89782488,.11063727
.8979066,.11076498
.89798242,.11088359
.89806032,.11100538
.89808977,.11105146
.89812088,.11110009
.89815032,.11114611
.89818966,.11120781
.89824623,.11129645
.8983292,.11142643
.89839184,.1115247
.89846748,.11164327
.89854586,.1117663
.89858603,.11182935
.89861226,.11187048
.89863706,.11190946
.89867556,.11196987
.8987031,.11201329
.89872962,.11205508
.89873558,.11206428
.89874142,.1120735
.89880174,.11216854
.89882749,.11220893
.89885187,.11224746
.89889801,.11232004
.89894742,.11239795
.89899623,.11247481
.89904118,.11254576
.89907241,.11259481
.89911741,.11266587
.89914966,.11271682
.89917982,.1127643
.89922202,.11283095
.89924532,.1128679
.89927632,.11291693
.89930809,.11296728
.8993386,.11301553
.8993963,.11310675
.89941359,.11313415
.89944339,.11318143
.89947236,.1132272
.89952773,.11331509
.89960104,.11343146
.89960319,.11343481
.89962131,.11346364
.89967656,.11355168
.89971626,.11361477
.89977038,.11370126
.89979821,.11374584
.89983988,.11381262
.89988518,.11388531
.89992678,.11395212
.89996743,.11401729
.90001106,.1140873
.90002555,.11411062
.90007001,.11418197
.90011203,.11424954
.90011632,.11425641
.90018702,.11437013
.90023309,.11444443
.9002372,.11445098
.90028614,.11452981
.90029025,.11453637
.90031868,.11458234
.90033096,.11460213
.90036947,.11466437
.90038127,.11468343
.90039247,.11470143
.90040338,.11471906
.90041518,.11473821
.90045798,.11480728
.90048695,.11485411
.90051305,.11489642
.90057343,.11499421
.90057772,.11500117
.90058148,.11500736
.90058362,.11501088
.90058804,.115018
.9005928,.11502561
.90059721,.11503275
.90060151,.11503975
.90060526,.1150459
.90062827,.11508322
.90065461,.11512599
.90068102,.11516918
.90070522,.11520854
.90074724,.11527719
.90079993,.11536337
.90091664,.11555429
.90103149,.11574242
.90113753,.11591607
.90119827,.11601561
.90125501,.11610865
.90132546,.11622426
.90135562,.11627379
.90139616,.11634028
.90147865,.11647569
.90150321,.11651596
.90153164,.11656302
.90154588,.11658658
.90162319,.11671422
.90169376,.11683084
.9017669,.11695164
.90184027,.11707291
.90191478,.11719609
.90201938,.11736893
.9021349,.11755991
.90218282,.11763969
.90224481,.11774309
.90228939,.11781731
.9023422,.11790529
.90237933,.11796728
.90244889,.1180831
.902502,.11817162
.90253949,.11823425
.90256417,.11827537
.90261465,.11835992
.90262383,.11837525
.90264004,.11840227
.90264225,.118406
.90271997,.11853645
.90280545,.11867986
.90289193,.11882487
.90298706,.11898451
.90301663,.11903412
.90308875,.11915516
.90318936,.11932421
.90322071,.11937692
.90326917,.11945836
.90331292,.11953196
.90332252,.11954799
.90332466,.11955159
.90334022,.11957793
.90337151,.11963064
.90341842,.11970956
.90347397,.11980323
.90353012,.11989804
.90354192,.11991803
.90354633,.11992544
.90355098,.11993333
.90355527,.1199407
.90355957,.11994795
.90356386,.11995517
.90362233,.12005432
.90367764,.12014779
.90373439,.12024393
.90376818,.12030123
.90385085,.12044133
.90387905,.12048922
.90390825,.12053874
.90396219,.12063028
.90399247,.1206817
.90402234,.12073231
.90405339,.12078512
.90409815,.12086103
.90412271,.12090279
.90418816,.12101413
.90426594,.12114651
.90426815,.12115036
.90433562,.12126585
.90436417,.12131479
.90442914,.12142598
.90446061,.12147994
.90452242,.12158618
.9045496,.12163285
.90458977,.12170196
.9045918,.12170553
.90466523,.12183174
.90466619,.12183337
.90469092,.12187605
.90472537,.12193537
.90473092,.12194498
.9047932,.12205244
.90485656,.12216178
.90489489,.12222771
.90492433,.12227853
.90499741,.12240493
.90501243,.12243094
.90502709,.12245624
.90506947,.12252964
.90512162,.12261993
.90513271,.12263924
.90513927,.12265046
.90521646,.12278443
.90522271,.12279524
.90527272,.12288194
.90535879,.12303141
.90540928,.123119
.90541571,.12313015
.90542203,.12314112
.90548086,.12324324
.90552616,.12332202
.905541,.12334766
.9055478,.12335963
.90558493,.12342419
.90562451,.12349318
.90566069,.12355623
.90569675,.12361913
.90571129,.12364443
.90578187,.12376755
.90584511,.12387799
.90591973,.12400815
.90598094,.12411505
.90598297,.12411867
.90602511,.12419219
.90606409,.12426031
.90616351,.12443467
.90620726,.12451163
.90624392,.12457594
.90626949,.12462078
.9062959,.12466719
.90630651,.12468592
.9063108,.12469348
.90631294,.12469721
.90637088,.12479904
.90646589,.12496645
.90651423,.12505168
.90652937,.12507816
.90655833,.12512943
.90663242,.12526056
.90663677,.12526828
.90663952,.12527308
.90666592,.12531999
.90671331,.12540394
.90672129,.12541816
.90675515,.12547846
.90682548,.12560359
.90685624,.12565817
.90695262,.12583008
.9069798,.12587865
.90703577,.12597859
.90709317,.12608105
.90710783,.12610725
.9071089,.12610911
.90711534,.12612072
.90712059,.12613007
.90712476,.1261377
.9071275,.12614261
.90720159,.12627575
.90728807,.12643147
.90730405,.12646027
.90731293,.12647633
.90732199,.12649268
.90733123,.12650929
.90734023,.12652557
.90734881,.12654106
.90737355,.12658571
.90738857,.12661298
.90745449,.12673213
.90751702,.12684551
.90756899,.12693986
.90760428,.12700412
.90763956,.12706825
.9076969,.12717269
.90773815,.12724781
.90780616,.12737189
.90783852,.12743089
.90789449,.1275329
.90795076,.12763554
.90795279,.12763925
.90800476,.12773421
.9080767,.12786551
.90810668,.12792049
.90812135,.12794711
.90814227,.12798552
.90821803,.1281244
.90825462,.12819161
.9082728,.12822512
.90829098,.12825835
.90835732,.12838033
.90839595,.12845136
.90841407,.12848468
.90843242,.12851848
.9084506,.12855197
.90850192,.12864631
.90854949,.12873378
.90858614,.12880123
.90864259,.128905
.90869951,.12900989
.90871561,.12903957
.90878743,.12917203
.90886492,.1293149
.90889972,.12937897
.90898484,.12953606
.90908515,.12972111
.9091171,.12978016
.90913737,.12981752
.90915698,.12985379
.90915972,.12985876
.90918058,.12989739
.90920395,.12994051
.9092384,.13000408
.90927649,.13007458
.90929806,.13011438
.90936148,.13023181
.90940607,.13031425
.90944397,.13038437
.90950167,.13049127
.90953463,.1305522
.90955842,.13059637
.90961838,.13070753
.90967947,.13082114
.90968806,.13083717
.90969491,.13084994
.90978146,.13101095
.90979016,.13102722
.909796,.13103811
.90985352,.13114543
.90991306,.13125648
.90997171,.13136598
.91005009,.13151234
.91011202,.13162789
.91017175,.13173936
.91025287,.1318908
.91026592,.13191523
.91026682,.13191696
.9103204,.13201709
.91037804,.13212481
.91038692,.13214152
.91045105,.13226146
.91049248,.13233888
.91053063,.13241027
.91056776,.1324797
.91060257,.13254479
.91063839,.13261189
.91070336,.13273349
.91072702,.13277797
.91073638,.13279541
.91074562,.13281286
.9107554,.13283117
.91087133,.1330494
.91095281,.13320288
.91103548,.1333587
.91104919,.13338475
.91113526,.13354731
.9112007,.13367076
.91123015,.13372643
.91123295,.13373178
.91128188,.13382432
.91133982,.13393405
.91140801,.13406329
.9114666,.13417423
.91148788,.13421446
.91154063,.13431443
.91154647,.13432556
.91158718,.13440286
.91160643,.13443947
.91160911,.13444462
.91166824,.13455711
.91167086,.13456213
.91173428,.13468321
.91174728,.13470799
.91180205,.13481256
.91180497,.13481806
.91187048,.13494354
.91191745,.13503359
.91193193,.13506117
.91193455,.1350662
.91193902,.13507493
.91197014,.13513464
.91198212,.13515773
.91198486,.13516298
.91203278,.13525566
.912076,.1353391
.91212356,.13543081
.91213983,.13546242
.91217989,.13553983
.91223586,.13564791
.91225839,.13569151
.91228676,.13574637
.91230077,.13577367
.91231668,.13580446
.91239309,.13595256
.91246396,.13608991
.91254753,.13625218
.91255498,.13626665
.91261584,.13638492
.91266626,.1364831
.91271663,.13658124
.9127683,.13668212
.91277748,.13669999
.91282076,.13678487
.91283232,.13680772
.91284364,.13683
.91285479,.13685179
.9128679,.13687757
.91293907,.13701725
.91303843,.13721225
.91312277,.13737783
.91320807,.13754518
.91328478,.1376958
.91329682,.13771954
.91330242,.13773042
.91335458,.13783303
.91341507,.13795237
.91349357,.13810687
.91354972,.13821754
.91356522,.13824804
.9136318,.13837934
.91369903,.1385121
.91371405,.13854177
.91372871,.13857083
.91374302,.13859917
.91375715,.13862708
.91377079,.1386541
.91384929,.13880961
.91390532,.13892084
.91393125,.13897231
.91394609,.13900179
.91395992,.13902923
.91399908,.13910702
.91403919,.13918667
.91409159,.13929105
.91413081,.13936885
.91417146,.13944981
.91423255,.13957138
.91430473,.13971499
.91434485,.13979509
.91436869,.13984248
.91437471,.13985454
.91441274,.13993022
.91452861,.14016145
.91462809,.14035988
.91467887,.14046131
.91468489,.14047326
.91477138,.14064655
.91480577,.14071544
.91483736,.1407789
.91488397,.14087221
.91488969,.14088371
.91489232,.14088899
.91493589,.14097659
.91503108,.14116777
.91503662,.1411791
.91504204,.14118998
.91504753,.14120089
.91505247,.14121106
.91508251,.14127143
.91513848,.14138408
.91514355,.14139432
.91517359,.14145477
.91526872,.14164641
.91530001,.14170958
.91532993,.14176993
.915362,.14183462
.91539389,.14189886
.91542286,.14195742
.91548377,.14208059
.91554588,.1422061
.91560709,.14232981
.91567189,.14246106
.91575456,.14262825
.91581422,.14274894
.91586578,.14285354
.91589564,.14291395
.91591167,.14294669
.91592914,.14298227
.91593355,.14299107
.91601193,.14315082
.91601652,.14316022
.91602081,.14316882
.91604555,.14321934
.91604972,.14322801
.91605413,.14323682
.91605979,.14324836
.91614109,.14341491
.91618657,.14350826
.91624558,.14362906
.91630721,.14375578
.91633612,.14381522
.91638672,.14391926
.91643673,.14402212
.9164626,.14407538
.91652781,.14420958
.91661435,.14438774
.91664487,.14445068
.91669226,.14454842
.91674352,.14465429
.91675675,.14468168
.91678029,.14473024
.91679603,.14476305
.91682035,.14481324
.91685134,.14487754
.9168672,.1449104
.91695476,.14509234
.91699696,.14518
.91701567,.14521883
.91703159,.14525191
.91703439,.14525793
.91706324,.14531796
.9170838,.1453609
.91711062,.14541668
.91712791,.14545286
.91713226,.14546204
.91719466,.14559236
.91722393,.14565343
.91724372,.14569485
.91724992,.14570799
.917256,.14572062
.91732013,.14585495
.91735202,.1459216
.91737372,.1459672
.91744852,.14612404
.91746694,.14616263
.91752249,.14627951
.91754812,.14633341
.91758782,.14641684
.91758984,.14642116
.91761696,.14647813
.91761893,.1464823
.91768414,.14661962
.91768605,.14662383
.91768801,.14662793
.91769016,.14663239
.91769212,.14663649
.91769785,.14664869
.91773784,.14673294
.91778558,.14683378
.91784126,.14695138
.91788864,.14705136
.91793174,.14714226
.91800767,.14730285
.91808957,.14747575
.91817945,.1476658
.91826969,.14785644
.91837519,.14807932
.91839427,.14811981
.91839522,.14812185
.91842842,.14819211
.91843456,.1482051
.91845655,.1482517
.9184587,.14825618
.91846067,.14826046
.91848737,.14831707
.91852129,.14838915
.91853219,.14841235
.91853786,.14842436
.91857111,.14849521
.91861516,.14858907
.9186452,.14865297
.91868246,.14873219
.91872251,.14881758
.91876698,.14891239
.91879374,.14896941
.91884559,.1490799
.9188512,.14909188
.91885215,.14909382
.918881,.14915541
.91891295,.14922366
.91897446,.14935488
.91898942,.14938675
.91900247,.14941466
.91901416,.14943977
.91902626,.14946552
.91903865,.14949198
.91905069,.14951791
.91910738,.14963892
.9191094,.14964333
.91915739,.14974606
.9192102,.14985903
.91926354,.14997309
.91930795,.15006834
.91931021,.15007305
.91937232,.15020609
.91942954,.15032862
.91949624,.15047148
.91957778,.15064648
.91959381,.15068083
.91964155,.15078332
.91966945,.15084332
.91972089,.1509539
.91978329,.15108791
.91984308,.1512163
.91990107,.15134092
.91996181,.15147157
.92002183,.15160054
.92009103,.15174958
.9201054,.15178038
.92011231,.15179528
.92017019,.15192032
.92020196,.15198879
.92026174,.1521176
.92029017,.15217897
.92031926,.1522416
.92034978,.15230748
.92038035,.15237348
.92044276,.15250808
.9205035,.15263925
.92056352,.1527687
.92056453,.15277089
.92064065,.15293568
.92064327,.15294127
.92071515,.15309694
.92074311,.15315753
.92076993,.15321569
.92083287,.15335241
.92089134,.15347919
.9209221,.15354593
.92099714,.15370886
.92106944,.15386599
.92118537,.15411782
.9212805,.15432444
.92137992,.15454045
.92146641,.15472831
.92154479,.15489866
.92158514,.15498619
.92160374,.15502673
.92163086,.15508568
.92166734,.15516505
.92172307,.15528627
.92175174,.15534876
.92176753,.15538302
.92177308,.15539517
.9218269,.15551274
.92188209,.15563299
.92189562,.15566266
.92195189,.15578535
.92201036,.15591298
.92206562,.15603375
.92207897,.15606296
.92210871,.15612794
.92218435,.15629332
.92225718,.15645242
.92233706,.15662698
.92241406,.15679541
.92242974,.15682971
.92248023,.15694034
.9225589,.15711226
.92255986,.15711439
.92257321,.15714376
.92263287,.15727432
.92269301,.15740633
.92269403,.15740843
.92272425,.15747482
.92279422,.15762892
.92284834,.15774798
.92289531,.15785162
.92289972,.15786138
.92295504,.15798357
.92298287,.15804482
.9229877,.15805556
.92298859,.15805754
.92299271,.15806663
.92299759,.15807742
.92301404,.1581137
.9230352,.15816069
.92305321,.15820062
.92306846,.1582343
.92308664,.15827462
.92309999,.15830415
.92311209,.15833101
.92314893,.15841269
.92315179,.158419
.92318314,.15848856
.92322892,.1585905
.92327422,.15869144
.92331243,.15877657
.92335355,.15886836
.9234069,.15898718
.92342103,.15901867
.92348313,.15915707
.92350173,.15919851
.92351568,.15922976
.92357981,.15937275
.92362654,.15947722
.92365277,.15953614
.92366475,.15956302
.92367965,.15959643
.92370605,.15965591
.92373317,.15971678
.92378914,.15984258
.9237985,.15986381
.92380863,.15988661
.92382431,.15992197
.92387617,.16003892
.92388272,.16005372
.92388886,.16006759
.92389518,.16008188
.92390192,.16009711
.92390919,.1601136
.92392981,.16015992
.92394823,.16020152
.92395085,.16020741
.92401117,.16034384
.92406929,.16047499
.92414445,.16064484
.92414725,.16065116
.92417425,.16071235
.92418003,.16072528
.9242081,.16078904
.92421716,.16080943
.92421979,.16081551
.92423493,.16084974
.92432821,.16106157
.92440665,.16123959
.92449147,.16143234
.92458582,.16164654
.92469573,.16189605
.92469758,.16190046
.92471325,.16193597
.92478752,.1621051
.92481422,.16216573
.92482245,.16218445
.92490995,.16238394
.92493403,.16243866
.92501503,.1626233
.92503023,.16265805
.92503297,.16266418
.92505705,.16271943
.92506653,.16274117
.92508328,.16277948
.92509782,.1628128
.92511499,.16285208
.92513293,.16289337
.92513925,.16290782
.92519522,.16303632
.92525661,.16317762
.92531872,.16332029
.92537057,.16343942
.92544287,.16360573
.92545116,.16362478
.92551881,.16378048
.92557847,.16391808
.92563856,.16405626
.92565405,.16409206
.92571646,.16423574
.92577434,.16436929
.92583519,.16450933
.92589587,.16464944
.92592287,.16471174
.92592692,.16472088
.9259311,.16473065
.92593509,.16473971
.9259395,.16474995
.92604095,.16498439
.92604524,.16499414
.92605138,.16500843
.92610967,.16514324
.92611629,.16515844
.9262026,.16535798
.92625451,.16547836
.92627782,.16553214
.92627883,.1655345
.92636585,.16573614
.92639405,.16580151
.92645341,.16593902
.92651606,.16608442
.92652243,.16609913
.92653745,.16613385
.92656392,.16619544
.92659134,.1662591
.92665285,.16640186
.92671192,.16653918
.92673767,.16659899
.92679477,.16673176
.92680919,.16676524
.92687112,.16690926
.9269017,.16698048
.92691654,.16701502
.92693263,.16705234
.92701101,.16723518
.92708379,.16740476
.92711353,.16747431
.92714608,.16755052
.92717224,.1676116
.92723364,.16775522
.92727149,.16784386
.9273001,.16791095
.92730439,.16792095
.92733932,.1680029
.92737204,.16807999
.92738658,.1681141
.92744809,.16825865
.92750335,.16838853
.92751908,.16842552
.92755085,.16850048
.92758477,.16858034
.92761254,.16864587
.92761916,.16866153
.92768002,.16880527
.92769229,.16883433
.92772299,.168907
.92773002,.16892353
.92778635,.16905715
.92780137,.16909267
.92780393,.16909881
.92781705,.16913004
.92787313,.16926344
.92788529,.16929245
.92790014,.16932784
.92795861,.1694679
.92798084,.16952126
.92801011,.1695915
.92802352,.16962385
.92803484,.16965102
.92804879,.16968475
.92805511,.16969998
.92806983,.16973522
.928087,.16977668
.92809558,.16979741
.92809653,.16979957
.92813671,.16989659
.92818147,.17000443
.9282335,.17012997
.92827076,.1702199
.92832536,.17035143
.92836952,.17045806
.92838567,.17049713
.92841727,.17057349
.92844921,.17065105
.92846262,.17068331
.92847526,.17071395
.92847973,.17072481
.92848402,.17073515
.92848802,.170745
.92849231,.17075533
.92849642,.17076524
.92850977,.17079771
.92852372,.17083149
.9285394,.17086969
.92855608,.17091013
.92858738,.17098595
.92859119,.1709953
.92860824,.17103663
.92862129,.17106831
.92863506,.17110166
.92865378,.17114714
.92866957,.17118549
.92869157,.171239
.92871052,.17128493
.92874044,.17135777
.92874968,.1713803
.92877394,.17143939
.92880446,.17151357
.92882526,.17156422
.92887658,.17168942
.92891991,.17179507
.92896658,.17190902
.92901844,.1720356
.92913443,.17231883
.92921281,.17251039
.92930794,.17274274
.92931676,.17276435
.92937726,.17291199
.92947668,.17315502
.92956316,.1733664
.92961884,.17350253
.92966622,.17361829
.92971396,.17373507
.92975694,.17384028
.92979693,.17393792
.92986166,.17409621
.92987007,.17411666
.92988592,.17415574
.92991418,.17422499
.92992812,.17425902
.92994201,.17429297
.92995244,.17431872
.92996842,.17435794
.9299767,.17437834
.92998821,.17440674
.93004203,.17453934
.93005019,.17455952
.93006188,.17458831
.93012017,.17473236
.93012458,.17474334
.93013704,.17477407
.93014145,.17478506
.93014532,.17479455
.930188,.17490061
.93023121,.1750076
.93027014,.17510404
.93027896,.17512603
.93028861,.17515011
.93033892,.17527494
.93037498,.1753644
.93039,.17540175
.93040365,.17543548
.93041331,.17545962
.93042159,.17548019
.93042636,.175492
.93043095,.17550337
.93043524,.17551427
.93045318,.17555884
.93047285,.17560813
.93050838,.1756966
.93052417,.1757362
.93053269,.17575753
.93053681,.17576781
.93055892,.17582309
.93060416,.17593655
.9306584,.1760724
.93070722,.17619476
.93077046,.17635314
.9308241,.17648774
.93083823,.17652316
.93089938,.17667645
.93091398,.17671311
.93096673,.17684561
.93102825,.17700003
.9310441,.1770398
.93105894,.1770771
.93110299,.17718786
.93115532,.17731923
.93117112,.17735882
.93118584,.17739595
.93120021,.17743185
.9312045,.1774427
.93121374,.17746598
.93122268,.1774886
.93127024,.17760816
.93127877,.17762947
.93130344,.17769146
.93132967,.17775747
.93135488,.17782103
.93137896,.17788172
.93138325,.17789263
.9314484,.17805676
.93147695,.17812859
.93153691,.17828025
.93165278,.17857343
.93170875,.1787148
.93171763,.17873739
.93173456,.17878038
.93178934,.17891905
.93180245,.17895208
.93182719,.17901479
.93183196,.1790269
.93184912,.17907029
.93190247,.17920558
.93196231,.17935732
.93197554,.17939097
.93198425,.17941312
.9320634,.17961416
.93215024,.17983511
.93222356,.18002157
.9323259,.18028191
.93241382,.18050554
.93247181,.18065347
.93253255,.18080847
.93259495,.18096751
.93265474,.1811198
.93271273,.18126763
.93277264,.18142061
.93281215,.18152134
.93291157,.18177499
.93294501,.1818603
.93298459,.18196136
.93301022,.18202689
.93307066,.18218184
.93310714,.18227519
.93314308,.18236738
.93318939,.18248628
.93320376,.1825231
.93322361,.18257414
.93328983,.18274409
.93336779,.18294427
.93342358,.18308771
.93349051,.18325964
.93355078,.18341433
.93360543,.18355505
.93363392,.18362831
.93369913,.18379606
.93373042,.18387656
.93379271,.18403721
.93380755,.18407513
.93381214,.18408716
.93381667,.18409887
.93382573,.18412235
.93383074,.18413521
.93384534,.18417285
.93385464,.18419686
.93393719,.18441088
.93397176,.18450081
.93398505,.18453513
.9339897,.1845475
.9340176,.18461989
.93404365,.18468776
.93406987,.18475607
.93409657,.18482566
.9341234,.18489537
.93413568,.18492742
.93414444,.18495043
.93415487,.18497752
.9341644,.18500239
.93417501,.18503018
.9341799,.18504281
.93418509,.18505645
.9342587,.18524884
.93432158,.18541348
.93438941,.18559098
.9344641,.18578623
.93455184,.18601608
.93462718,.18621334
.93468702,.18637024
.93476528,.18657564
.93484658,.18678901
.93492752,.18700142
.93494201,.18703939
.9350279,.1872649
.93511039,.18748137
.93515414,.18759643
.93517005,.18763798
.93520939,.18774176
.93521887,.18776646
.93526983,.18790089
.9352718,.18790606
.93528664,.1879452
.93530166,.18798482
.93536127,.18814214
.93537027,.18816584
.93541366,.18828052
.93543118,.18832709
.93545467,.18838917
.93546903,.188427
.93550557,.18852392
.93555492,.18865497
.93559641,.18876551
.93564117,.18888474
.93569928,.18903911
.93581516,.18934761
.93586498,.1894802
.93586916,.18949145
.93588066,.18952225
.93589294,.18955497
.93590671,.18959154
.93591863,.18962321
.93593115,.189657
.93595308,.1897157
.93596703,.18975317
.93599105,.18981776
.93600243,.18984865
.9360646,.19001696
.93608737,.19007821
.93609142,.19008937
.9361034,.19012199
.93611228,.190146
.93612206,.19017234
.93613148,.19019793
.93614054,.1902227
.93615109,.19025126
.93620509,.19039789
.93620986,.19041084
.93621367,.19042139
.93621767,.19043201
.93622196,.19044387
.93622613,.19045517
.93623024,.19046648
.93625337,.19052926
.9362582,.19054255
.93627399,.19058567
.93627745,.19059494
.93628085,.19060422
.93628407,.19061312
.9362874,.19062218
.93629098,.19063181
.93631011,.19068399
.93632859,.19073468
.93634146,.19076994
.93635511,.19080724
.93639344,.19091208
.93641955,.19098344
.93643367,.19102229
.93644732,.19105966
.93648809,.19117145
.93652534,.19127344
.93656492,.19138204
.93660915,.1915033
.93663234,.19156711
.93665957,.19164188
.93671018,.19178106
.93672329,.1918171
.93673503,.19184947
.93674785,.1918848
.93675667,.19190909
.93677175,.19195074
.93678629,.19199078
.93681729,.1920764
.93682176,.19208881
.93682623,.19210121
.93683106,.19211446
.93686181,.19219957
.93686622,.19221176
.93687063,.19222388
.93688446,.19226235
.93688679,.19226871
.93691128,.19233674
.93693727,.19240911
.93695271,.19245186
.93695748,.19246536
.93696225,.19247857
.93697542,.19251537
.93698019,.19252856
.93700135,.1925879
.93700659,.19260235
.93701136,.19261575
.93703663,.19268654
.93709922,.19286171
.93711138,.19289578
.93717378,.19307119
.93720281,.19315267
.93723178,.19323416
.937262,.19331902
.93729103,.19340068
.93731987,.19348162
.93736213,.19360043
.93738705,.19367079
.93740356,.19371748
.93746591,.19389369
.93751669,.19403729
.93755931,.194158
.93757182,.19419345
.93758661,.1942355
.93766207,.19444962
.93766683,.19446304
.93768275,.19450815
.93769765,.19455065
.93771356,.19459583
.93771744,.19460705
.93774056,.19467278
.93775272,.19470723
.93781239,.19487767
.93787318,.19505143
.9379037,.19513883
.93793279,.19522189
.93796092,.19530289
.93801749,.19546495
.93806463,.1956003
.93816602,.19589138
.93821692,.1960374
.93827289,.19619794
.9383387,.19638698
.93838471,.19651921
.9383992,.19656102
.93846816,.19675915
.93848288,.1968015
.93855858,.19701929
.9385671,.19704366
.93859076,.1971121
.93861878,.19719267
.93862325,.19720583
.93864632,.19727261
.93864739,.19727552
.93871129,.19746055
.93876928,.19762853
.93882513,.19779047
.93882853,.1978005
.93891472,.19805051
.93892175,.19807085
.93892562,.19808218
.93895251,.19816026
.93896508,.19819683
.93900168,.19830318
.93909085,.19856256
.93909609,.19857787
.93917263,.19880083
.93923271,.19897549
.9392634,.19906501
.93926567,.19907171
.93926787,.19907823
.93929666,.19916202
.9393245,.19924311
.93937939,.19940326
.93938184,.19941036
.93944162,.1995845
.93947154,.19967192
.9394725,.19967471
.93950206,.19976078
.93953305,.1998513
.93955338,.1999107
.93961412,.20008823
.93964398,.20017543
.93965507,.20020804
.93967944,.20027922
.9397077,.20036219
.93974751,.20047851
.93977082,.20054682
.93977165,.20054944
.93977255,.20055212
.93983603,.20073831
.93984461,.20076342
.9398784,.20086296
.93994588,.20106193
.94000846,.20124649
.94008344,.20146756
.94017076,.2017252
.94024497,.20194407
.94030726,.20212825
.94036698,.20230483
.94040072,.2024049
.94040394,.20241447
.94040775,.20242554
.94041103,.20243537
.94041419,.20244473
.94041759,.20245494
.94047999,.20264007
.94048095,.20264295
.94049215,.20267633
.94050425,.20271243
.94053155,.20279399
.94055933,.20287684
.94056135,.20288281
.94059062,.20297025
.94060427,.20301116
.94063479,.20310225
.9406386,.20311387
.94067037,.20320883
.94067419,.20322016
.94067854,.20323326
.94070721,.2033193
.9407109,.20333038
.94071501,.20334245
.94074464,.20343138
.94077563,.20352413
.9408353,.20370306
.94089532,.20388278
.94095606,.20406489
.94101846,.20425175
.94107646,.2044255
.94109958,.2044947
.94112188,.20456177
.94118166,.20474091
.94120562,.20481303
.94122893,.20488307
.94125146,.20495088
.94125366,.2049576
.94125789,.2049704
.94128448,.20505083
.94131303,.20513721
.94132745,.20518097
.9413572,.20527099
.94136178,.20528512
.94137555,.20532668
.94141042,.20543253
.94141304,.20544051
.94141573,.20544864
.94144142,.20552707
.94147128,.20561813
.9415006,.2057077
.94153279,.20580591
.94156408,.2059014
.94161201,.20604777
.94164693,.20615436
.94165134,.20616777
.9416787,.20625161
.94168669,.20627625
.94174355,.20645033
.94177485,.20654634
.9418056,.20664077
.94184834,.20677188
.94187015,.20683914
.94187522,.20685457
.94193596,.20704161
.94199836,.20723362
.94200188,.2072444
.9420352,.20734708
.94209319,.20752561
.94215316,.20771037
.94221294,.20789433
.94221818,.20791057
.94222713,.20793818
.94223857,.2079735
.94229501,.20814791
.94236773,.20837264
.94244051,.20859799
.9424755,.20870608
.94250584,.20879981
.94255871,.20896329
.94258702,.20905133
.94264972,.20924564
.94271809,.20945753
.94277459,.20963266
.94282693,.20979512
.94288915,.20998777
.94296217,.21021439
.94300514,.21034758
.94303519,.21044101
.94303709,.21044709
.94306546,.21053512
.94309324,.21062167
.94312,.21070477
.94314629,.21078637
.94317299,.21086963
.94319904,.21095072
.94322938,.21104488
.94325799,.21113417
.94335747,.21144392
.94335824,.21144651
.94338912,.21154286
.94339001,.21154559
.94339091,.21154824
.9434399,.21170104
.94349802,.21188222
.94355673,.21206507
.94356108,.21207882
.94358534,.21215481
.94361615,.2122512
.94361967,.21226218
.94364989,.21235706
.94365829,.21238336
.94373178,.21261366
.94376493,.21271771
.94382733,.21291339
.94385624,.21300432
.94388485,.21309404
.94391096,.21317627
.94395167,.21330498
.94398433,.21340811
.94404423,.21359709
.9441601,.21396405
.94424659,.21423793
.94427603,.21433121
.94431043,.21444038
.94437128,.21463351
.9444707,.2149498
.94454908,.21519923
.94457102,.21526919
.94458514,.2153143
.94458777,.21532269
.94461584,.21541229
.94461679,.2154154
.94461787,.21541868
.94462657,.21544622
.94466811,.21557885
.94466895,.21558177
.94466996,.21558474
.94470155,.21568547
.9447099,.21571246
.94471091,.2157156
.94472444,.21575889
.94480288,.21600956
.94481206,.21603887
.94482124,.21606819
.94483489,.21611181
.94486314,.21620227
.9448728,.21623302
.94488752,.21628016
.94490165,.21632549
.94495904,.21650931
.94499677,.21663013
.94499886,.21663699
.94507712,.2168884
.94517225,.21719424
.94518661,.21724063
.9452126,.21732487
.94522166,.2173541
.94523114,.21738477
.94523954,.21741182
.94527161,.21751522
.9452942,.21758837
.94530272,.21761599
.94531178,.21764529
.94534016,.21773708
.94535142,.21777408
.94538254,.217875
.94540936,.21796244
.94543546,.21804735
.94546324,.21813779
.94549179,.21823087
.94557887,.21851426
.94558305,.21852812
.94558775,.21854317
.94559449,.21856537
.94565332,.21875812
.9456827,.21885468
.94570422,.21892545
.94571817,.21897125
.94574916,.21907318
.94578016,.21917497
.94580895,.2192698
.94583833,.21936658
.94587052,.21947238
.94590145,.21957393
.94593352,.21967995
.94596255,.21977602
.94599211,.2198734
.94602299,.21997541
.9460538,.22007728
.94605809,.22009157
.94606197,.22010423
.94606608,.22011784
.94607019,.22013144
.94607395,.2201442
.94608063,.22016585
.94615334,.2204067
.94621885,.22062375
.94630367,.22090448
.94636446,.22110583
.94643652,.22134463
.9464404,.22135735
.94650346,.22156669
.94655359,.22173299
.9466393,.22201771
.94671005,.22225258
.94678921,.22251527
.94689167,.22285555
.9469589,.22307914
.94701099,.22325191
.94709682,.22353736
.94715399,.22372729
.9472118,.22391935
.94726002,.22407956
.94729143,.22418392
.94735682,.22440147
.94741935,.22460952
.94744205,.22468512
.9475022,.22488512
.94756377,.22509025
.94762522,.2252945
.94763261,.22531922
.94763649,.22533228
.9476878,.22550288
.94771224,.22558457
.94773632,.22566488
.94774044,.2256785
.94780391,.22589061
.94780821,.22590497
.94785595,.22606519
.94785976,.22607799
.94787824,.22614028
.94793099,.22631742
.94796932,.22644657
.94798815,.22650991
.94798911,.22651321
.94802773,.22664316
.94808227,.22682725
.94808912,.22685015
.94814694,.22704521
.94820267,.2272332
.94825727,.22741732
.94831049,.22759677
.94836843,.22779283
.94839948,.22789802
.94841415,.22794762
.94850069,.22824074
.94852847,.22833502
.94855207,.22841513
.94865149,.22875278
.94865257,.22875619
.94868279,.22885914
.9486869,.22887306
.94871026,.22895268
.94873661,.22904232
.94876134,.22912656
.94876671,.22914483
.94882649,.22934829
.94882733,.22935157
.94885874,.22945827
.94888991,.22956486
.94890463,.2296149
.94892865,.22969681
.94898945,.22990419
.94899899,.22993679
.94902456,.23002416
.94902974,.23004161
.94906104,.23014855
.94908959,.23024611
.94911921,.23034756
.94915175,.23045878
.94918871,.23058569
.94920892,.2306547
.94924051,.23076315
.94925249,.23080422
.94931048,.23100303
.94934273,.23111403
.94943786,.23144083
.94946897,.23154765
.94949275,.2316294
.94952232,.23173095
.94955349,.23183796
.94958246,.23193747
.94958907,.23196021
.94959939,.23199598
.94965738,.23219571
.94971979,.23241067
.94973552,.23246489
.94979542,.2326718
.94985628,.23288144
.94991601,.23308744
.94993365,.23314834
.94994652,.23319297
.9499476,.2331966
.94995105,.23320858
.94996488,.23325637
.9500072,.23340283
.95002103,.23345068
.95003474,.23349833
.95005113,.23355527
.95010418,.23373967
.95015615,.23392014
.95015711,.23392364
.95018488,.23402025
.95019621,.23405966
.95021987,.23414211
.95027536,.23433618
.95031852,.23448697
.95033294,.23453729
.95035726,.23462243
.95037019,.23466802
.9503848,.23471946
.95039827,.2347666
.95041084,.23481117
.95043522,.23489688
.9504475,.23494019
.95050728,.23515071
.95053697,.23525563
.95055991,.23533666
.95058817,.23543657
.950638,.23561257
.95073402,.23595209
.95078528,.23613325
.95081538,.23623967
.95083755,.23631813
.95085013,.23636249
.95086306,.23640847
.95089662,.23652716
.95092124,.23661469
.95094419,.23669574
.95097047,.23678929
.9510079,.23692191
.9510442,.23705061
.95104837,.2370654
.95107019,.23714311
.95108777,.23720518
.95114744,.2374173
.95114946,.23742446
.95117104,.23750113
.95120329,.23761629
.95125335,.23779501
.95130485,.23797876
.95135444,.23815569
.95140225,.23832609
.95144892,.23849286
.95150888,.23870714
.95153034,.23878394
.95156085,.23889354
.9515925,.23900741
.95162082,.23910904
.95165128,.23921856
.95168018,.23932239
.95169324,.23936941
.95170659,.23941748
.95176655,.23963365
.95182514,.23984458
.95185506,.23995265
.95191079,.24015369
.95196497,.24034913
.95201927,.24054529
.95207864,.24075998
.95210725,.24086323
.95213747,.2409725
.95221913,.24126829
.95228803,.24151769
.9523837,.2418637
.9524653,.24215887
.95253938,.24242732
.95257807,.24256743
.95261782,.24271186
.95265788,.24285731
.95266211,.24287254
.95269102,.2429778
.95269787,.24300268
.95272124,.2430879
.95272535,.24310279
.95272952,.24311808
.95275789,.24322173
.95276678,.2432543
.95277518,.24328506
.95278406,.24331771
.95279235,.24334784
.95280159,.24338199
.95286095,.24360016
.95288974,.2437062
.95294946,.24392606
.95295203,.24393547
.9529559,.24394989
.95297933,.24403617
.95298213,.24404649
.95302647,.24421066
.9530291,.24422018
.95303172,.24423
.9530372,.24425024
.95304245,.24426991
.95307642,.244396
.95310849,.24451561
.95313984,.2446328
.95317376,.24475987
.95319593,.24484237
.95320427,.24487396
.95321375,.24490915
.95322204,.24494039
.95323062,.24497229
.9532389,.24500324
.95324785,.24503681
.95325685,.24507041
.95326579,.24510419
.95327526,.24513961
.95331055,.24527156
.95331961,.24530542
.95334864,.24541453
.95339769,.24559839
.95340657,.24563183
.95341504,.24566342
.95342392,.24569696
.95343328,.24573204
.95344144,.24576299
.95349169,.24595207
.9535163,.24604525
.95351964,.2460579
.95352316,.24607101
.95352638,.24608313
.95352966,.24609576
.95353299,.2461081
.95359093,.24632716
.95361263,.24640921
.95363545,.24649566
.95363897,.24650872
.95364237,.24652173
.95364571,.24653445
.95366842,.24662013
.95367193,.24663368
.95367521,.24664617
.9536804,.24666578
.95370376,.24675433
.95372784,.24684565
.95375037,.2469307
.9537735,.2470185
.9538343,.24724945
.95386291,.24735795
.95387781,.24741468
.95390868,.24753252
.95393002,.24761394
.95399231,.24785247
.95405012,.24807367
.95405269,.24808359
.95410544,.24828558
.95412362,.24835528
.95414633,.2484425
.95416838,.24852695
.95417786,.24856333
.95418799,.24860217
.954198,.24864088
.95420855,.2486815
.95421779,.2487171
.95422715,.24875309
.95425332,.24885374
.95428354,.24896999
.95428616,.24898013
.9542889,.24899094
.9542914,.24900074
.95429403,.2490107
.95429665,.24902095
.95429879,.24902904
.95430273,.24904445
.95434707,.2492159
.95434922,.24922383
.95435137,.24923217
.9543727,.24931511
.95438159,.24934982
.95443314,.24955148
.95443732,.24956788
.95449162,.24978143
.9544971,.24980305
.95455509,.25003147
.95455736,.25004029
.95455939,.25004852
.95456874,.25008544
.95459038,.25017101
.95461279,.2502591
.95463699,.25035477
.95465791,.25043762
.95467842,.25051811
.95470357,.25061771
.95471221,.25065175
.95472133,.25068778
.95473087,.25072557
.95474005,.25076166
.95474851,.25079504
.95480072,.25100169
.9548142,.25105506
.95482433,.25109532
.95488095,.25131944
.95489055,.25135732
.95490193,.25140226
.95491236,.25144377
.9549222,.2514827
.95492756,.25150415
.95494378,.25156841
.95496851,.25166646
.95501947,.25186914
.95502341,.2518847
.95504272,.2519621
.95505595,.25201488
.95506901,.25206733
.95508969,.25215015
.95509893,.25218713
.95510763,.25222194
.95515919,.25242895
.95518738,.25254199
.95520139,.25259823
.95522732,.25270256
.95524186,.2527611
.95530427,.25301179
.95536226,.25324482
.955423,.25348917
.95548272,.25372931
.95554268,.25397053
.95560509,.25422132
.95561475,.25426021
.95567274,.25449401
.95573348,.25473914
.95579582,.25499064
.95585561,.25523147
.95591557,.25547346
.95593703,.25556001
.95598984,.25577325
.95600379,.25582975
.95606375,.25607273
.9560802,.25613925
.95610553,.25624222
.95612299,.25631279
.95613879,.25637671
.95615584,.256446
.95617473,.2565226
.9561972,.25661352
.95621967,.25670514
.95624292,.25679901
.95626622,.25689369
.95629025,.25699133
.95631462,.25709063
.95633835,.2571871
.95634723,.25722325
.95637608,.25734121
.95641202,.25748786
.95645022,.25764406
.9564873,.25779518
.9565267,.25795591
.95656937,.25813034
.95659697,.25824305
.95660132,.25826082
.9566105,.25829861
.95661467,.25831559
.95661926,.25833425
.95662355,.25835198
.95662779,.25836888
.95665699,.25848871
.95668089,.25858662
.95671129,.25871119
.95673609,.25881255
.95675039,.25887164
.95680839,.25910974
.95683599,.25922325
.95686787,.25935456
.95689261,.25945643
.95690733,.25951719
.95692188,.25957713
.95693767,.259642
.95696825,.25976849
.95698309,.25982943
.95701367,.25995594
.9570176,.25997204
.95707619,.26021445
.95710307,.26032609
.95713264,.26044869
.95716125,.26056746
.95721859,.2608057
.95727807,.26105237
.95731443,.26120344
.95737612,.26146004
.95738024,.26147693
.95740223,.26156864
.95742613,.26166821
.95744747,.26175725
.95746768,.26184103
.9574883,.26192728
.95750141,.26198167
.95751143,.26202342
.9575392,.26213938
.95754546,.26216561
.95759428,.26236945
.95764643,.2625877
.95769984,.26281089
.9577294,.26293468
.95774257,.26298973
.95780212,.26323932
.95783091,.26335984
.95786297,.26349431
.957923,.26374659
.95798373,.2640022
.95804173,.26424599
.95810413,.26450828
.9581638,.26475942
.95821309,.26496714
.95827508,.26522923
.95830327,.26534832
.95832199,.26542801
.95834959,.26554489
.95837891,.26566935
.95840633,.26578549
.95843446,.26590505
.95851207,.26623479
.95856816,.26647255
.95863432,.266754
.95864916,.26681685
.9587155,.26709899
.9587478,.26723614
.95877421,.26734906
.95879525,.26743874
.95884174,.26763767
.95886719,.26774719
.95891535,.26795423
.95896274,.26815835
.95901245,.26837245
.95906353,.26859257
.95910996,.26879242
.9591592,.26900443
.95920974,.26922274
.95923811,.26934481
.95926696,.26946944
.95929497,.26959002
.95932508,.26971996
.95935404,.26984498
.9593699,.26991338
.95941722,.27011767
.95945668,.27028832
.95951265,.27052975
.95955533,.27071425
.95960337,.27092174
.95966411,.27118444
.95972496,.27144751
.95975524,.27157873
.95978278,.27169788
.95981824,.27185145
.95984375,.27196234
.95984709,.27197635
.95985019,.27199003
.95985365,.27200496
.9598574,.27202114
.95986074,.27203554
.95989096,.27216676
.95989573,.27218762
.95990032,.27220714
.95994985,.27242193
.95997733,.27254146
.96000832,.27267635
.96001291,.27269635
.96002811,.27276269
.96002901,.27276671
.96008545,.27301326
.96014571,.27327707
.96015388,.27331293
.96020758,.27354985
.96021229,.27357072
.96021646,.27358943
.96022028,.27360609
.96022403,.2736229
.96025205,.27374646
.96027827,.2738626
.96030849,.27399662
.96032435,.27406669
.96035147,.27418673
.96037692,.27429956
.96038103,.27431744
.96038502,.27433532
.96038598,.27433965
.9604007,.27440482
.96042782,.27452573
.96047783,.27474862
.96052635,.27496514
.96057898,.27519986
.96063328,.27544191
.96067894,.27564549
.9607259,.27585542
.96073055,.27587619
.96073526,.27589697
.96075857,.27600124
.96078974,.27614087
.96079081,.27614552
.96080816,.27622354
.9608252,.27629995
.96085781,.2764461
.96086752,.27648994
.9608739,.27651843
.96087945,.27654383
.96088487,.27656832
.96089005,.27659151
.9608953,.2766152
.96090066,.27663979
.9609586,.27690309
.96100146,.27709839
.96103376,.27724534
.96106982,.27740979
.96112549,.27766433
.96116388,.27783957
.96116936,.2778644
.96120882,.27804512
.96122372,.27811331
.96122909,.27813768
.96123475,.27816379
.96127188,.27833438
.96130097,.27846804
.96130604,.27849102
.9613378,.27863762
.96136838,.2787787
.96139801,.2789152
.96142852,.27905589
.96145838,.27919343
.96146178,.27920929
.96146518,.27922499
.96146882,.27924189
.96147233,.27925783
.96147573,.27927354
.96148294,.27930689
.9615041,.27940473
.96152467,.27949974
.96154726,.27960384
.96157175,.27971685
.96159357,.279818
.96162099,.27994481
.96164525,.28005722
.96170473,.2803328
.96171123,.28036317
.96176922,.28063241
.96178573,.280709
.9618085,.28081495
.96183175,.28092313
.96183711,.28094819
.96186507,.28107911
.96188807,.28118682
.96191496,.28131261
.96196306,.28153852
.96197796,.28160873
.96199197,.28167483
.96204776,.2819382
.96212554,.28230608
.96219164,.28261885
.96225178,.28290331
.96231848,.2832191
.96233463,.28329584
.96238571,.2835381
.96239126,.28356421
.9624061,.28363484
.9624207,.28370473
.96244502,.28382084
.9625057,.28411177
.96253401,.28424689
.9625569,.28435659
.96261656,.28464288
.96265203,.28481278
.96267575,.28492641
.96269727,.28502992
.96271902,.28513452
.96274185,.28524405
.96276414,.28535151
.96279085,.28548023
.96282214,.28563118
.96285248,.28577715
.96287888,.28590465
.96291381,.28607309
.96294606,.28622851
.96297538,.28637037
.96300632,.28651956
.96303964,.28668079
.96307307,.28684244
.96310765,.28701004
.96313924,.28716257
.9631536,.28723234
.96320057,.2874606
.96326143,.28775632
.96332216,.28805274
.96338016,.28833541
.96343988,.28862667
.96349984,.28891921
.96356225,.28922334
.96358788,.28934866
.96361661,.28948921
.96364021,.28960416
.96366471,.28972393
.96370214,.28990707
.96372336,.29001093
.96378577,.29031622
.96378946,.29033449
.96381539,.29046166
.96384329,.29059845
.96385819,.29067203
.96391618,.29095703
.9639473,.29111016
.96397436,.29124323
.96399653,.29135281
.96399748,.2913577
.96402973,.29151821
.96405917,.29166502
.96409029,.29181942
.96411914,.29196325
.96415025,.29211795
.96418113,.29227191
.96420366,.29238403
.96421117,.29242143
.96426886,.29270941
.96429741,.29285184
.96430993,.29291439
.96431613,.29294574
.96433729,.29305124
.96434367,.29308343
.96434402,.29308522
.96440399,.2933878
.96440732,.29340437
.96446967,.29371947
.96450031,.29387423
.96452165,.29398268
.96452719,.29401076
.9645381,.2940658
.96456814,.29421839
.96457303,.29424322
.96457762,.29426658
.96458304,.2942943
.96458787,.29431829
.96459281,.29434389
.96460605,.29441121
.96461201,.29444119
.96461767,.29447013
.96462077,.29448557
.96462381,.29450098
.96468347,.29480457
.96468669,.29482061
.96468949,.2948353
.96469241,.29485026
.96472657,.2950235
.96473193,.29505107
.96474189,.29510146
.96474731,.29512921
.96475238,.29515517
.96475971,.29519218
.96476537,.29522115
.96477103,.29524991
.96477616,.29527664
.96478182,.29530525
.96478766,.29533505
.96479297,.295362
.96480769,.29543719
.96483362,.29556969
.96486467,.29572916
.96489239,.29587105
.96492726,.29604957
.96495652,.29619971
.96498662,.29635447
.96501881,.29651904
.96505505,.29670507
.96508819,.29687542
.9651233,.29705554
.96516287,.2972585
.96519709,.29743409
.96522111,.29755729
.96527898,.297856
.96530533,.29799166
.96531057,.29801905
.96534479,.29819569
.96534568,.29820046
.96536642,.29830784
.96540141,.29848948
.96543944,.29868644
.9654724,.29885724
.96551764,.29909188
.96554685,.29924405
.96558088,.29942083
.96558964,.29946601
.96562165,.29963222
.96562862,.29966888
.96563792,.29971698
.96569258,.30000165
.9657011,.30004585
.96571004,.30009279
.96575606,.30033234
.96576554,.30038157
.96577448,.30042854
.96578568,.30048698
.96578997,.30050921
.96579826,.30055252
.96581239,.30062601
.9658398,.30076927
.96585542,.30085096
.96586144,.30088219
.96586728,.30091318
.96587342,.30094534
.9658792,.30097526
.96588475,.30100462
.96591485,.30116272
.96596718,.30143705
.96597683,.30148786
.96602523,.30174145
.96603924,.30181521
.96608651,.30206335
.96613693,.30232787
.96618772,.3025943
.96624005,.30286893
.96630234,.30319712
.96635091,.30345228
.96641064,.30376655
.96647137,.30408639
.96651888,.30433616
.9665789,.30465183
.96663684,.30495685
.96668768,.30522472
.9667381,.30548999
.96676433,.30562845
.96679229,.30577609
.96679777,.30580482
.96681792,.30591106
.96684921,.30607668
.96685469,.30610558
.96685988,.30613288
.96686697,.30617034
.96689719,.3063302
.96690214,.30635661
.96690744,.30638453
.96693599,.30653611
.96694797,.30660006
.96695822,.30665413
.96696854,.30670941
.96697927,.30676615
.96699035,.30682501
.96699953,.3068741
.96700579,.30690697
.96700937,.30692652
.96701467,.30695465
.96702033,.30698475
.96705353,.30716246
.96705395,.30716431
.96707594,.30728245
.96708125,.30731049
.96708632,.30733767
.96709478,.30738339
.96715277,.30769515
.96715999,.30773398
.96718389,.3078627
.96719849,.30794123
.96722889,.30810538
.96723944,.30816221
.967246,.30819753
.96726876,.30832064
.96729249,.30844858
.96731538,.30857238
.96733713,.30868992
.96735865,.30880651
.96738666,.30895746
.96740788,.30907309
.96743131,.30919942
.96745372,.3093209
.96747518,.30943739
.96749777,.30955997
.96751124,.30963293
.96752429,.30970383
.96753657,.30977032
.96754926,.30983892
.9675625,.30991125
.9676249,.31025007
.96763337,.31029606
.96765822,.31043151
.96768671,.31058669
.96770161,.31066793
.96772951,.31082001
.96775913,.31098187
.96779197,.31116152
.96779549,.31118029
.9678247,.31134099
.96783996,.31142426
.96787155,.31159788
.9678753,.31161889
.96791059,.31181332
.96793681,.3119579
.96794051,.31197813
.96797991,.31219557
.96801621,.31239611
.9680503,.31258461
.96808344,.31276757
.96811903,.31296447
.96812254,.31298384
.96812606,.31300282
.96813065,.31302845
.96816182,.31320184
.96819615,.3133921
.96821749,.3135111
.96827722,.31384337
.96830571,.31400266
.96832991,.31413808
.96833396,.31416133
.96836722,.31434795
.96837157,.31437236
.96837723,.31440416
.96840847,.3145797
.96844053,.31476083
.96846861,.31491882
.96849376,.31506041
.96851802,.31519729
.96854162,.31533024
.96856743,.315476
.96857905,.31554106
.96862143,.31578031
.96866745,.31603983
.96870613,.31625825
.96874738,.31649059
.96878725,.3167156
.96882439,.3169249
.96888512,.31726828
.96889096,.31730106
.96892518,.31749448
.96894908,.31762961
.96895486,.3176623
.96896946,.3177456
.96898359,.31782538
.96899706,.317902
.96901011,.31797594
.96902317,.31805056
.9690367,.31812707
.96904069,.31815028
.96910155,.31849751
.96916127,.31883869
.96922362,.319195
.96928364,.3195377
.96934152,.31986886
.96940237,.32021618
.96940756,.32024589
.96942985,.32037383
.96945542,.32051992
.96947014,.32060409
.96948534,.32069159
.96951759,.32087615
.96953672,.32098642
.96955711,.32110378
.96956712,.32116133
.96958691,.32127568
.96960545,.32138315
.96963465,.32155222
.96965683,.32167998
.96966189,.32170939
.96969903,.32192472
.96970499,.32195926
.96971405,.32201216
.96972251,.32206166
.96973091,.32211009
.96973985,.32216248
.9697488,.32221496
.96975815,.32226992
.96979153,.32246462
.96979719,.32249758
.96980321,.32253301
.9698087,.32256529
.96983957,.32274595
.96984541,.32278013
.96985126,.32281452
.96985471,.3228347
.96987915,.32297838
.96988833,.32303256
.96988928,.32303825
.96989018,.32304364
.96994984,.32339612
.96995586,.3234317
.96996504,.32348561
.96999192,.32364458
.97001415,.32377636
.97003824,.32391885
.97006381,.32406971
.97006917,.32410178
.97009295,.32424223
.97009391,.32424822
.97012043,.32440543
.97012657,.32444185
.97013211,.3244749
.97013748,.32450694
.97014314,.3245402
.97014898,.32457536
.97014987,.32458073
.9701556,.32461476
.97017813,.3247489
.97020268,.32489598
.97022939,.32505542
.97025263,.32519358
.97027647,.32533643
.97028291,.32537457
.97028917,.32541177
.97029597,.3254526
.97030252,.32549176
.97030914,.32553118
.97033536,.32568818
.97033632,.32569394
.970366,.32587138
.97039306,.32603362
.970397,.32605681
.97041988,.32619455
.97047585,.32653108
.97049946,.32667339
.97050428,.32670274
.97052968,.32685572
.97058958,.32721832
.97061718,.32738528
.97067726,.32774827
.97070378,.32790908
.97071242,.32796142
.97072148,.32801652
.97073466,.32809669
.97078633,.32841092
.97083867,.32873002
.97089678,.32908386
.97091091,.32917002
.97095889,.32946277
.97097284,.32954848
.97100466,.32974324
.97101045,.32977799
.97106397,.33010525
.97106981,.33014113
.97107661,.33018255
.97108287,.33022055
.97108883,.3302573
.97111017,.33038914
.97113794,.33056104
.97116679,.33073968
.97119391,.33090714
.97120023,.33094698
.97120976,.33100596
.97121876,.33106157
.97122693,.33111283
.97123629,.33117115
.97124469,.33122349
.97124565,.33122984
.97127247,.33139712
.97128141,.33145288
.97130609,.33160743
.97131038,.33163437
.97132528,.33172792
.97133964,.3318179
.97135317,.33190265
.97136754,.33199239
.97138089,.33207658
.97138596,.33210823
.97140121,.33220419
.97143251,.33240068
.97146267,.3325896
.97149062,.33276498
.97152078,.33295417
.97154933,.33313328
.97160244,.33346719
.97163433,.33366722
.97164106,.33370951
.97164798,.33375341
.97165471,.33379546
.97166145,.33383775
.9716655,.33386347
.97167236,.33390626
.9716776,.33393973
.97167802,.33394194
.97168326,.33397573
.97168899,.33401212
.97169447,.33404708
.97172242,.33422509
.97173804,.3343243
.9717977,.33470508
.97180289,.33473793
.97180694,.33476412
.97183526,.33494511
.97186571,.33514038
.97189623,.33533537
.97192794,.33553821
.97195679,.33572304
.97197151,.33581713
.97203118,.33620045
.97205269,.33633876
.9720763,.3364906
.97209918,.3366375
.97212088,.33677703
.97212571,.33680803
.9721303,.3368375
.97213489,.33686703
.97213918,.3368946
.97214347,.33692202
.97214681,.33694378
.97217768,.33714306
.97218585,.33719584
.97219008,.33722329
.972197,.33726791
.97225702,.33765635
.97228462,.33783561
.97229797,.33792225
.97231132,.33800888
.97232515,.33809862
.97233772,.33818007
.97234994,.33825988
.97235376,.33828455
.97236258,.33834228
.97237492,.33842197
.97238755,.33850458
.97239906,.33857971
.97241086,.33865646
.97242314,.33873627
.9724831,.33912754
.97251165,.33931381
.97254473,.33953005
.97254986,.33956355
.97255486,.33959648
.97256023,.33963132
.9725886,.33981767
.97259384,.33985242
.97259939,.33988848
.97262686,.34006959
.97265768,.34027198
.97268361,.34044227
.97270632,.34059182
.97271013,.34061712
.9727152,.34065035
.97273684,.34079328
.97276354,.34096923
.97279221,.3411583
.97279602,.34118342
.97280461,.34123993
.97281092,.34128216
.97283441,.34143808
.97283775,.34145987
.97286677,.34165236
.97287506,.34170786
.97290415,.34190053
.97293299,.34209213
.97293639,.34211469
.9729405,.34214219
.97294146,.34214863
.97294253,.3421554
.97295004,.34220544
.97295094,.34221146
.97295177,.34221762
.97295278,.34222406
.97298276,.34242383
.97299331,.34249422
.9730022,.34255317
.97306126,.34294751
.97307277,.34302422
.97309428,.34316796
.97310513,.34324011
.97311616,.34331402
.97312021,.34334105
.97315025,.34354198
.9731791,.34373537
.97319055,.34381157
.97320366,.34389979
.97321481,.34397435
.97322726,.34405813
.97323895,.34413624
.97325104,.34421745
.97326469,.3443087
.97327882,.34440407
.97329366,.34450334
.97330743,.34459528
.97332156,.34469068
.97335041,.34488443
.97335732,.34493089
.97336465,.34498033
.97337186,.34502837
.97337973,.34508196
.97338647,.34512711
.97338927,.34514645
.97339249,.34516776
.97339541,.34518754
.97339845,.34520796
.97340149,.34522852
.97341472,.34531766
.97342104,.34536085
.97342664,.34539813
.9734323,.34543639
.9734382,.34547612
.97344357,.3455126
.97344738,.34553856
.97347009,.34569195
.9734863,.34580228
.97351301,.34598315
.97353578,.34613818
.97354215,.34618118
.97354245,.34618375
.97354758,.34621882
.97355169,.34624642
.97361165,.34665608
.97361261,.34666276
.97361362,.34666935
.97361737,.34669515
.97361839,.34670189
.97363222,.34679672
.97364515,.34688535
.97369403,.3472203
.97374111,.34754288
.97375369,.34762916
.97376579,.34771159
.97376674,.34771851
.97376782,.34772575
.97377962,.34780642
.9738304,.34815463
.97387642,.34847099
.97389114,.34857163
.97390527,.34866863
.97391987,.34876928
.97392648,.34881508
.97397596,.34915471
.97400379,.349347
.97402799,.34951442
.97409028,.34994841
.9741503,.35036582
.97421104,.35078874
.97426903,.35119209
.97432882,.35160762
.97432911,.35161009
.97435308,.35177687
.97436714,.3518748
.97438115,.35197276
.97439444,.35206553
.97440904,.35216755
.97442359,.35226905
.97442764,.35229737
.97445095,.35246107
.97446626,.35256833
.97447038,.352597
.97447425,.35262379
.97449237,.3527514
.97449797,.35279021
.97450334,.35282764
.97453296,.35303649
.97453648,.35306063
.9745509,.35316283
.9745664,.35327238
.97457194,.35331166
.97459823,.3534995
.97461504,.35361904
.97462153,.35366541
.97463733,.35377797
.9746626,.35395822
.97469115,.35416299
.97471964,.35436654
.97475147,.35459507
.97478151,.35480964
.97481263,.35503238
.97484255,.35524669
.97485727,.35535207
.97488797,.35557243
.97490269,.35567766
.97491676,.35577855
.97493243,.35589081
.97494668,.35599285
.97497588,.35620213
.97500378,.35640192
.97503585,.35663214
.97507125,.35688606
.97507554,.35691693
.97510624,.35713756
.97513443,.35734046
.97514075,.3573859
.9751696,.35759327
.9752,.35781205
.97523046,.35803121
.97523588,.35807046
.97526747,.35829833
.975317,.35865477
.9753207,.35868168
.9753294,.35874403
.97536165,.35897708
.97537041,.35904121
.97537887,.3591024
.97538817,.35916901
.97539812,.3592414
.97540677,.35930395
.97546011,.35969052
.97552913,.36019087
.97555614,.36038676
.97557241,.36050493
.97557569,.36052912
.97559744,.3606869
.97560114,.36071378
.97560245,.36072332
.9756037,.36073279
.97560495,.360742
.97560632,.36075187
.97560757,.3607609
.97563106,.36093208
.97565436,.36110225
.97567672,.3612648
.97570097,.36144167
.97572309,.3616029
.97573334,.36167726
.9757427,.36174566
.97575295,.36182025
.97576249,.36189014
.97577322,.36196813
.97580129,.36217353
.97582281,.36233076
.97582603,.36235401
.97582918,.36237684
.9758383,.36244398
.97586608,.36264831
.97587001,.36267671
.9758752,.36271459
.97590071,.36290324
.97591037,.36297381
.97591525,.36301023
.97592002,.36304528
.97597867,.3634775
.9759832,.36351091
.97598785,.36354509
.97599322,.36358461
.97599685,.3636111
.97600532,.36367357
.97605795,.36406249
.97608066,.36423051
.97610945,.36444312
.97613895,.36466217
.97616959,.36488864
.97620118,.36512181
.97623527,.36537459
.97629452,.3658134
.97635245,.36624363
.97635984,.36629841
.97636902,.3663666
.97637868,.3664389
.97640139,.36660868
.97642499,.36678606
.97644907,.36696678
.97647226,.36714163
.97647554,.36716658
.97647905,.36719286
.97648007,.36719999
.9764933,.36730042
.9765079,.3674117
.97651136,.36743796
.97652549,.36754486
.97653949,.36765194
.97655284,.3677533
.97655725,.36778647
.97656155,.36781937
.9765662,.36785486
.97657108,.36789209
.97657579,.36792752
.97660571,.36815608
.97663629,.36838987
.97665048,.368498
.97665578,.36853895
.97667891,.36871508
.97674131,.36919266
.97676569,.36938021
.97678995,.36956629
.97681278,.36974102
.97683632,.36992154
.97685897,.37009498
.97688228,.37027398
.97694027,.3707189
.97696304,.37089434
.97697937,.37101936
.9770385,.37147364
.97709846,.37193462
.97712374,.37212881
.9771477,.37231296
.97719741,.37269518
.97720581,.37275985
.977229,.37293839
.97725552,.37314305
.97727758,.3733131
.97729939,.37348181
.9773035,.37351391
.977337,.37377337
.97735107,.37388232
.97741127,.37435049
.97743529,.37453717
.97745836,.37471744
.97748214,.37490353
.977507,.37509707
.97753567,.37532172
.9775663,.37556094
.97759581,.37579238
.97761911,.37597421
.97765326,.37624174
.97768474,.37648869
.97770822,.37667346
.97773248,.37686452
.97776026,.37708384
.97778243,.37725803
.97780579,.37744188
.97782803,.37761748
.97785521,.37783229
.9778561,.37783933
.97787958,.37802446
.97788048,.37803164
.97788143,.37803915
.97788244,.37804666
.9778834,.37805453
.97789901,.37817818
.97791362,.37829369
.97793525,.37846461
.97793907,.3784948
.97794449,.37853807
.97794968,.37857899
.97795534,.37862402
.97796082,.37866747
.97796595,.37870809
.97796965,.3787376
.9779731,.37876472
.97797668,.37879315
.97798032,.37882161
.97798359,.3788482
.97801286,.37908036
.9780432,.37932172
.97807175,.37954846
.97809988,.37977245
.97812897,.38000405
.97815043,.38017455
.97817743,.38038933
.9781999,.38056886
.97820675,.38062268
.97822946,.38080412
.9782902,.38128966
.9783482,.38175276
.97840792,.38222986
.97846788,.38270918
.97853029,.3832075
.97856063,.38345101
.97861266,.38386923
.97862136,.38393921
.97863042,.38401273
.97863877,.38408047
.97864836,.38415757
.97865742,.38423112
.9786877,.38447741
.97869623,.38454673
.97872776,.38480264
.97873694,.38487768
.978742,.38491845
.97874731,.38496128
.97875589,.38503107
.97881389,.38550282
.97881895,.38554448
.97884768,.3857789
.97885615,.38584834
.97886056,.38588396
.97886604,.38592866
.97888941,.38612059
.97889864,.38619629
.97892058,.3863759
.97894263,.38655686
.97896594,.38674724
.97898984,.38694352
.97901291,.38713226
.97901797,.38717389
.97902453,.38722786
.97905695,.38749483
.9790864,.38773745
.97911793,.38799694
.97914952,.38825771
.97919959,.38867164
.97923315,.38894871
.97924709,.38906318
.979276,.38930276
.97928137,.38934696
.97931588,.38963264
.97932124,.3896766
.97932869,.38973856
.97933751,.38981238
.97934145,.38984472
.97934794,.38989869
.97938538,.39021033
.97944778,.39073002
.97949827,.39115167
.97952092,.39134112
.97955787,.39165032
.97957188,.39176762
.9795782,.39182061
.97960055,.39200765
.97962308,.39219657
.97964627,.39239138
.9796676,.392571
.97968888,.39274952
.9796921,.39277658
.97969615,.39281151
.97972816,.39308205
.97975671,.39332476
.97975767,.39333269
.97975856,.39334047
.9797678,.39341894
.97978264,.39354515
.97978371,.39355347
.97978681,.39358085
.9798184,.39384997
.97985077,.39412689
.97988039,.39437968
.97992849,.39479077
.97995901,.39505172
.97995996,.39506015
.97996515,.39510405
.98000032,.39540559
.98000598,.39545453
.98001117,.39549878
.98001671,.39554599
.98002213,.39559296
.98007995,.39608952
.98012692,.39649388
.9801867,.39700773
.98020929,.39720261
.98023552,.39743057
.98023659,.39743954
.98024178,.39748451
.98028916,.39789721
.9802947,.39794564
.98029995,.397991
.98030573,.39804125
.98035818,.39849922
.98036373,.3985475
.98036712,.39857787
.98041803,.39902329
.98042512,.39908522
.98043257,.39915028
.98043966,.39921293
.98044688,.39927566
.98045379,.39933646
.980461,.39939979
.98046815,.39946237
.98047543,.3995257
.98048294,.39959142
.98048985,.3996529
.98049337,.39968359
.98049837,.39972728
.98050255,.39976382
.98053479,.40004802
.980555,.40022588
.98057711,.4004207
.98059857,.40060985
.98061931,.40079308
.98066777,.40122077
.98069173,.40143231
.98074228,.40187845
.98077142,.40213633
.98079252,.40232289
.98081475,.40251893
.98083776,.40272284
.98086023,.40292063
.98088145,.40310866
.9808867,.40315521
.98089021,.40318665
.98089385,.40321824
.98089802,.40325546
.98090243,.40329459
.98090631,.40332937
.98091012,.40336287
.98091364,.40339401
.98091716,.40342513
.98092115,.40346017
.98092532,.4034974
.98093086,.40354642
.98093426,.40357688
.98094982,.40371493
.98096609,.40385982
.98098165,.40399927
.98099792,.40414414
.98101532,.40429866
.98104638,.40457565
.9810614,.4047102
.98106688,.40475869
.98108196,.40489408
.98108286,.40490228
.98108792,.40494815
.98113835,.40540448
.98118728,.40584892
.98118836,.40585801
.98123407,.40627334
.98123777,.40630773
.98124343,.40635845
.98129183,.40680078
.98133856,.40722668
.98134369,.4072738
.98134929,.40732411
.98135465,.40737352
.98136008,.4074226
.98136514,.40746936
.98137045,.40751699
.98137999,.40760437
.98138541,.40765473
.98138642,.40766346
.98141295,.40790719
.98142725,.40803909
.9814325,.40808725
.9814539,.40828437
.98151344,.40883479
.98157179,.40937531
.98163372,.40994731
.98169327,.41049793
.98175049,.41102731
.98176515,.41116405
.98176867,.41119632
.9817977,.41146743
.98180097,.41149771
.98180431,.41152897
.98180771,.41156015
.98181093,.41159046
.98181444,.41162375
.9818387,.41185004
.98186272,.41207477
.98189539,.41238049
.98189956,.41241995
.9819029,.41245127
.98191893,.41260216
.98192286,.41263911
.98192722,.41268066
.98193121,.41271773
.98193544,.41275743
.98193932,.41279474
.98195529,.41294602
.98196971,.4130829
.98198515,.41322833
.98199081,.41328186
.98199606,.41333193
.98200125,.41338167
.98202431,.41360095
.98202997,.41365415
.98203421,.41369423
.98203838,.41373444
.98204607,.41380754
.98205191,.41386312
.98205638,.41390532
.98208457,.41417354
.98211187,.41443416
.98213637,.4146674
.98216879,.41497779
.98219794,.41525537
.98222786,.41554126
.9822315,.41557601
.98223549,.41561377
.98229504,.41618282
.98231745,.41639686
.98232299,.41645002
.9823283,.41650078
.98233366,.41655186
.98233873,.41660023
.98234415,.41665283
.98234934,.41670209
.98235726,.41677824
.98235822,.41678685
.98237371,.41693693
.98237467,.41694611
.98238933,.41708711
.98241764,.41735989
.9824484,.41765577
.98245412,.41771126
.98246866,.41785216
.98247421,.41790548
.98248827,.41804078
.98251575,.41830635
.98252988,.41844329
.98255569,.41869324
.98258233,.41895109
.98262358,.41935131
.98263109,.41942403
.982638,.41949186
.9826448,.41955805
.98265201,.41962823
.98265922,.41969818
.98267269,.41982943
.982687,.41996866
.98270196,.42011353
.98271614,.42025241
.98272961,.42038277
.98276764,.42075303
.98281813,.42124507
.98284024,.42146111
.98284417,.42149889
.98284823,.42153907
.98285216,.42157662
.98285645,.42161882
.98285705,.42162502
.9828577,.42163104
.9828583,.42163697
.98285896,.42164341
.98285955,.42164966
.98286325,.42168531
.98287731,.42182338
.98288071,.42185679
.98290867,.42213199
.98291457,.42218921
.98291987,.42224181
.98292547,.42229712
.9829855,.42288807
.98299074,.42294058
.98302096,.42323861
.98304975,.42352384
.98310512,.42407146
.98310608,.42408174
.98310709,.42409149
.98313117,.42433098
.98313755,.42439604
.98314381,.42445773
.98315054,.42452514
.9831571,.4245899
.9831633,.42465305
.98316431,.4246622
.98316836,.42470333
.98316938,.42471266
.98317492,.42476872
.9831785,.42480478
.98318386,.42485875
.98318487,.42486867
.98321223,.42514503
.98324245,.42545009
.98326701,.42569864
.98329294,.42596179
.98331976,.42623287
.98334414,.4264794
.98336989,.42673999
.98337662,.42680779
.98340231,.4270685
.9834308,.42735675
.98344755,.42752689
.98347545,.42781052
.98350263,.42808688
.98352563,.42832127
.98353279,.42839354
.98353589,.42842492
.98353958,.42846248
.98354018,.42846844
.98359603,.42904121
.98365355,.42963025
.98366624,.4297601
.98367947,.42989594
.9836933,.43003795
.98370659,.43017435
.98371917,.43030313
.98374081,.43052539
.98376447,.430769
.9837783,.43091142
.98379129,.4310447
.98380435,.43117893
.98381811,.43132094
.98383254,.43146908
.98385483,.43169871
.98388624,.43202198
.98389357,.43209782
.98390025,.43216679
.98390955,.4322623
.98391658,.43233529
.98392367,.4324086
.98393059,.43247935
.98393393,.4325138
.98393714,.43254706
.98394012,.43257892
.98394334,.43261206
.98394638,.43264335
.98400724,.43327165
.98403013,.43350884
.98408198,.43404686
.98408747,.43410423
.98414981,.43475577
.98415089,.43476632
.98417401,.43500888
.98419577,.43523732
.9842177,.4354676
.98424071,.43570876
.98424166,.43571886
.98424703,.43577501
.98425239,.4358311
.98425621,.43587115
.98425961,.43590716
.9842633,.4359462
.98426688,.43598443
.98426777,.43599406
.98427081,.43602592
.98432881,.43663698
.9843328,.43667868
.98433709,.43672395
.98434258,.43678254
.98434353,.43679205
.98434889,.43684888
.98434979,.43685913
.98435611,.43692636
.9843595,.43696317
.98436362,.43700701
.98436993,.43707454
.98437607,.43714052
.98437899,.43717188
.98440289,.43742827
.98440385,.43743807
.98440474,.43744773
.9844057,.43745854
.98440671,.43746886
.98440766,.43747923
.98441285,.43753472
.98441839,.43759397
.98442346,.43764842
.9844287,.43770561
.98443407,.43776321
.98443943,.43782109
.9844448,.43787801
.98444986,.43793288
.98445517,.43798944
.98446059,.43804809
.9844656,.43810195
.98447067,.43815717
.9844768,.43822375
.98448271,.43828794
.98448604,.43832296
.98449153,.43838197
.98449713,.43844399
.9845022,.43849826
.98450816,.43856299
.98451352,.43862039
.98451883,.4386774
.98454297,.43893936
.98454863,.43900022
.98455167,.43903384
.98456043,.43912834
.9845838,.43938267
.98460585,.43962219
.98462915,.43987536
.98465645,.44017252
.9846701,.44032109
.98467886,.44041654
.98468781,.440514
.98469758,.44062024
.98470694,.44072181
.98471618,.44082314
.98472166,.44088295
.98472685,.44093868
.98473209,.44099641
.98473746,.44105434
.9847424,.44110903
.98477101,.44142026
.98479319,.44166291
.98482323,.44199118
.98482984,.44206271
.98483622,.44213268
.98484302,.44220737
.98484963,.44227913
.98485619,.44235036
.98486269,.44242236
.98486698,.44246957
.98489052,.44272682
.98489499,.44277498
.98492122,.44306237
.98498195,.44372821
.98498815,.44379583
.98499471,.44386747
.9850015,.44394231
.98502743,.44422674
.98505485,.44452909
.98509061,.44492272
.98509473,.44496757
.98509902,.44501474
.98510349,.44506428
.98510778,.44511148
.98511189,.44515663
.98511511,.44519243
.98511833,.44522843
.98512375,.44528842
.98512924,.4453488
.98518127,.44592345
.98523468,.44651419
.98529279,.44715524
.98534298,.44771075
.98539174,.44824925
.9853974,.44831192
.98540258,.44836816
.98540556,.44840193
.98540902,.44843933
.98540998,.44845045
.98541504,.44850716
.98541814,.44854158
.98542345,.44859901
.98544711,.44886184
.98545218,.44891828
.9854762,.4491846
.98547995,.44922742
.98548466,.44927976
.98548877,.44932529
.98549265,.44936779
.98549694,.44941556
.98550105,.44946104
.98552412,.44971904
.98554724,.44997555
.98556918,.4502205
.98559099,.45046347
.98559606,.45051995
.98560065,.45057064
.98562306,.45082173
.98562932,.45089126
.98563379,.45094085
.98564899,.45111212
.98565358,.45116326
.98566014,.45123672
.98566693,.45131284
.98567319,.45138323
.98567748,.45143184
.9856838,.4515034
.98568869,.45155752
.98569512,.45163131
.98570848,.45178276
.9857226,.45194411
.98573732,.45211205
.98574388,.45218652
.98577493,.45254251
.98577809,.45257738
.98579222,.45273939
.98579895,.45281705
.98581237,.45297074
.98581582,.45301059
.98581636,.45301706
.98583829,.45326966
.98584175,.45330885
.98585773,.45349339
.98588014,.45375335
.98590511,.45404378
.98592818,.45431146
.98594981,.45456302
.98597091,.45480728
.98598552,.45497721
.98599166,.45504978
.98599809,.45512456
.98600441,.45519894
.98601049,.45526993
.98601711,.45534751
.98603934,.45560753
.98604351,.45565712
.98606664,.45592794
.98606712,.45593461
.98609459,.45625743
.98611575,.45650578
.98611605,.45651001
.98611641,.45651421
.98611671,.45651838
.98612207,.45658177
.98615676,.45699286
.98616236,.45705876
.9861629,.45706537
.98616666,.45710915
.98616672,.45711032
.98619002,.45738798
.98619014,.45738909
.98621839,.45772767
.9862442,.45803636
.98627037,.4583489
.98629755,.45867375
.98632473,.45899954
.98633099,.45907402
.98633111,.45907506
.9863376,.45915332
.98634183,.45920452
.98634821,.45928103
.98637348,.45958605
.98640275,.45993805
.98642731,.46023411
.98645341,.46054959
.98648041,.46087426
.98650634,.46118742
.98650938,.46122307
.98651594,.4613021
.98653823,.46157223
.98654509,.46165419
.98656631,.46191123
.98657149,.46197367
.98659557,.46226478
.98660141,.46233627
.98661584,.46251053
.9866218,.46258265
.98665065,.46293274
.98666447,.46310121
.98667061,.46317574
.98669946,.46352822
.98670501,.46359488
.98671466,.46371296
.9867202,.46378106
.98673397,.46394816
.98673534,.46396554
.98673671,.46398199
.98673815,.46399996
.98673964,.46401724
.98674089,.4640334
.98675525,.46420807
.98676097,.46427763
.98676783,.46436167
.98678309,.4645488
.98681086,.46488908
.98684245,.46527645
.98684591,.46531841
.98686022,.4654941
.98689377,.46590814
.98693126,.46637055
.98696375,.46677122
.98699826,.46719736
.98702985,.46758628
.98703724,.46767733
.98705256,.46786705
.98708403,.46825749
.98711812,.46868196
.98714691,.46903902
.98714995,.46907598
.98715025,.46908048
.98718083,.46946052
.98720855,.46980569
.98723817,.47017449
.98724526,.47026321
.9872666,.47052971
.98729753,.47091514
.98732734,.47128844
.98736185,.47171932
.98739362,.4721162
.9874227,.47247869
.98744971,.47281721
.98746324,.47298631
.98746336,.47298753
.98747551,.4731409
.98748994,.47332296
.98750252,.47348064
.98751587,.47364876
.98752892,.47381198
.98752981,.4738239
.98753023,.47382841
.98753059,.47383296
.98753089,.47383752
.9875313,.47384214
.98753166,.473847
.98755926,.47419542
.98755956,.47420004
.98758638,.47454
.98761415,.47489324
.98764426,.47527707
.98764819,.47532591
.9876768,.47569093
.98770374,.47603419
.98771048,.47611964
.98773324,.47640991
.9877634,.47679418
.98779351,.47717926
.98782498,.47758037
.98785442,.47795662
.98788464,.4783428
.98791403,.47871622
.98794109,.47906271
.98794657,.4791331
.98797417,.4794856
.98798114,.47957644
.9879877,.47965923
.98799372,.47973743
.98799908,.47980613
.98800534,.4798862
.98801088,.4799574
.98801625,.48002654
.98802149,.48009318
.98802656,.4801586
.988033,.48024088
.98803312,.48024216
.988083,.48088431
.98813254,.48152187
.98818004,.48213324
.98822653,.4827314
.98827797,.48339319
.98830616,.48375696
.98832583,.48401091
.98838592,.48478565
.9884125,.48513037
.98841786,.48520046
.98842323,.48526934
.98843813,.48546416
.98846,.48574844
.98846078,.48575786
.98846418,.48580292
.98849136,.48615658
.98849165,.48616114
.98850435,.48632517
.9885149,.48646334
.98854315,.48683241
.98854411,.4868449
.98856264,.48708668
.98857427,.48723844
.98858553,.48738584
.98859119,.48745999
.9886021,.48760265
.98860747,.48767316
.98861283,.48774299
.98863995,.4880996
.98866814,.48846933
.98869735,.48885393
.98872495,.48921537
.98875302,.48958448
.98875642,.48962986
.98876297,.4897154
.9887777,.48990983
.98878181,.48996302
.9888199,.49046758
.98885578,.49094146
.98889518,.49146086
.98893774,.49202427
.98897481,.49251258
.98897809,.49255705
.98898131,.49259961
.98898453,.49264169
.98898768,.49268296
.9889909,.4927257
.98899418,.49277005
.9889977,.49281588
.98902434,.49316978
.98904341,.49342424
.98907059,.49378705
.98908854,.49402687
.98910356,.49422637
.98910677,.49426964
.98912841,.49455962
.98913157,.4946014
.98913455,.49464184
.98916101,.49499676
.9891873,.49535018
.9892174,.49575409
.989223,.49583006
.98922592,.49587014
.9892301,.49592611
.9892332,.49596822
.98924637,.49614727
.98924971,.49619177
.98925269,.49623361
.98925602,.49627805
.98925942,.49632421
.98926258,.4963668
.98932248,.49718145
.98938489,.4980287
.98939174,.49812189
.9894504,.4989191
.98947388,.49923784
.9895308,.50001156
.98959166,.50083786
.98959488,.50088185
.98960149,.50097311
.9896329,.50140119
.98967111,.50192457
.98970413,.50237805
.98973936,.50286025
.98977143,.50330049
.98980552,.50376874
.98980922,.50381976
.98981285,.50386912
.9898268,.50406039
.98982775,.50407368
.98983145,.50412488
.98983252,.50413883
.98983616,.50418812
.98984003,.5042426
.98984534,.50431448
.98985183,.50440502
.98985279,.50441831
.9898538,.50443077
.98985898,.50450212
.98986608,.504601
.98988003,.50479335
.98989451,.50499356
.98989493,.50499815
.98989522,.50500309
.9899075,.50517356
.98993051,.50549299
.98993605,.50557017
.98993635,.505575
.98996407,.50596434
.98996782,.50601774
.98997176,.50607222
.98998481,.50625676
.99000859,.50659215
.9900313,.50691247
.99005908,.50730503
.9901095,.50802147
.99013823,.50842875
.99016517,.50881165
.99019623,.50925368
.99022245,.50962549
.99025035,.51002121
.99025434,.51007867
.99025756,.51012421
.99026185,.51018465
.99026507,.51023078
.99026835,.51027817
.99027187,.51032877
.99027508,.5103749
.99027842,.51042247
.99030668,.51082706
.99031323,.51092011
.9903416,.51132786
.99035573,.51153052
.99035954,.51158541
.99036384,.51164705
.99036783,.51170582
.99037188,.51176453
.9903757,.51181972
.99037611,.51182491
.990399,.51215553
.99042779,.51257247
.99042833,.51258039
.99045718,.51299775
.99046052,.51304597
.99046081,.51305103
.99046421,.5131008
.99047858,.51330805
.99049228,.51350969
.99050653,.51371771
.99051034,.51377296
.99051064,.51377845
.9905116,.51379275
.99051267,.51380742
.9905262,.51400864
.99052662,.51401371
.99054968,.51435608
.99056494,.51458108
.9905653,.51458651
.99057037,.51466191
.99057066,.51466709
.99057108,.51467246
.99059689,.51505715
.99062246,.51543832
.99062282,.5154438
.99062377,.51545841
.99062419,.51546401
.99062729,.51551163
.99065489,.51592535
.99065596,.51594067
.9906829,.51634467
.99070978,.51674974
.99073774,.51717091
.99076486,.5175786
.99082464,.51847744
.99085593,.51894826
.99091583,.51985186
.99094492,.52028894
.9910028,.52116233
.9910652,.52210206
.991126,.52301794
.9911316,.52310181
.99113685,.52318156
.99114221,.52326185
.99114794,.52334881
.991153,.52342635
.99118131,.5238533
.99118227,.52386808
.9911887,.52396548
.99118912,.5239712
.99119252,.524023
.99119622,.52407873
.99122411,.52450395
.99122506,.52451932
.99122536,.52452403
.99123138,.5246166
.9912324,.5246315
.99123275,.5246374
.99123913,.52473611
.99124253,.52479023
.9912715,.5252412
.99129915,.5256741
.99132627,.52609789
.99135315,.52651876
.99138093,.52695221
.991386,.52703089
.99139148,.52711701
.99139684,.5272004
.99140197,.52728063
.99140728,.52736372
.99143523,.52780163
.99146158,.52821404
.99146789,.52831304
.99146885,.52832872
.99147326,.52839696
.99147862,.52848238
.99148411,.52856809
.99148738,.52862138
.9914878,.52862751
.99148816,.52863252
.99148917,.52864832
.99151111,.52899724
.99151468,.52905416
.99151576,.52907091
.99153078,.52931023
.99153113,.52931637
.99153447,.52936858
.99153781,.52942204
.99154103,.52947307
.99154431,.52952623
.99154747,.52957636
.99155092,.52963179
.99155653,.52972054
.99156779,.52990174
.99157101,.5299542
.99157202,.5299691
.99157298,.52998441
.99158001,.53009784
.99158663,.53020513
.99159396,.53032315
.99160105,.53043699
.9916079,.53054696
.99161404,.53064609
.99162561,.53083217
.99162591,.5308373
.99163818,.53103459
.99164152,.53108889
.99164218,.53109956
.99164879,.53120661
.99165428,.5312947
.99165457,.53129947
.99166727,.53150535
.99169612,.53197229
.9917084,.53217143
.99171454,.53227192
.99171549,.53228676
.99174327,.53274125
.99174398,.53275198
.99174434,.53275824
.99176645,.53312242
.99178958,.5335024
.99179,.53350806
.99181396,.53390396
.99181426,.53390944
.99184161,.53436321
.99184203,.53436899
.99184245,.53437555
.99184984,.53450036
.99185091,.53451782
.99185413,.53457236
.99187011,.53484255
.99187052,.53484875
.99187076,.53485441
.99189645,.53528982
.99191767,.5356496
.99192351,.53575027
.99193668,.53597283
.99193972,.53602523
.9919669,.53648829
.9919672,.53649282
.9919675,.53649765
.9919678,.53650242
.9919681,.53650743
.99196839,.53651202
.99199176,.53691143
.99201602,.53732681
.99203962,.53772968
.99206245,.53811991
.99208516,.53850704
.99208838,.53856242
.99208945,.53858036
.99209273,.53863662
.99209589,.53869051
.99209911,.53874671
.9921025,.53880507
.9921056,.53885806
.99212891,.53925937
.9921295,.53927016
.99213272,.53932482
.99213576,.53937757
.99213904,.53943431
.9921422,.53948873
.9921453,.53954256
.99215132,.53964651
.99215174,.53965259
.99215204,.53965855
.99215239,.53966439
.99216652,.53991026
.99217349,.54003036
.99217379,.54003608
.99217474,.54005355
.9921751,.54005945
.9921754,.54006469
.99217582,.54007137
.99219823,.5404647
.99222219,.54088378
.99224532,.54128677
.9922685,.54169321
.99229085,.54208356
.99230379,.54231107
.99230421,.54231715
.9923045,.54232311
.99230516,.54233509
.9923085,.54239351
.99231178,.54245073
.99231482,.5425058
.99231833,.54256636
.99232137,.5426206
.99234843,.54309916
.99237645,.54359531
.99238002,.54365844
.99238306,.54371262
.99239671,.54395318
.99241143,.5442149
.99241173,.54422069
.99241465,.54427266
.99241805,.54433304
.99242109,.54438812
.99242419,.54444355
.99242741,.54450095
.99243045,.54455435
.99243337,.54460663
.99243367,.54461294
.99244767,.54486442
.99246222,.54512423
.99247772,.54540217
.99249154,.54565096
.99250609,.54591203
.99250644,.54591924
.9925217,.54619312
.99252194,.54619771
.99252224,.54620248
.99252254,.54620808
.99252617,.54627305
.99252653,.54628003
.9925558,.54680872
.99255675,.5468263
.99255705,.54683173
.99258769,.54738742
.9926182,.54794353
.99262142,.54800278
.9926511,.54854435
.99267989,.54906905
.99270707,.54956496
.99273956,.55015594
.99276751,.55066711
.99277115,.55073184
.99277484,.55079997
.99277514,.55080557
.99277544,.55081153
.9927758,.55081731
.9927761,.55082268
.99277639,.55082846
.99277705,.55084169
.99280894,.55142331
.99281275,.55149347
.99284095,.5520106
.99286747,.55249643
.99288321,.55278599
.99290973,.55327326
.99293858,.55380327
.99294239,.55387366
.99294269,.55387872
.99294358,.55389583
.99296588,.5543083
.99299222,.55479652
.99299788,.55490208
.9930039,.55501366
.99300969,.55512124
.99301571,.55523366
.99302197,.55534929
.99303836,.55565357
.99306542,.55615854
.99306864,.55622011
.99307185,.55627912
.99307519,.55634099
.99307859,.55640513
.99308169,.55646312
.99308503,.55652553
.99308842,.55658954
.99308884,.55659533
.99309427,.55669904
.9931007,.55682027
.99312782,.55733168
.99313152,.55740082
.99313456,.55745757
.9931407,.55757481
.99314451,.55764657
.99315071,.55776471
.99317336,.55819178
.99319458,.55859476
.99321693,.55901808
.99324024,.55945837
.99326164,.55986428
.99326235,.5598765
.99326265,.5598833
.99326831,.55999106
.99327463,.56011182
.99329078,.56041914
.99329656,.5605281
.9933027,.5606454
.99330562,.56070149
.99330872,.56076068
.99331176,.56081963
.99331498,.56088102
.99331546,.56088889
.9933446,.56144708
.99337375,.56200373
.99340409,.56258392
.99343222,.56312245
.99346083,.56366765
.99346405,.56372857
.99347055,.56385469
.99347419,.56392425
.993478,.56399632
.9934817,.5640685
.99348569,.56414521
.99350721,.56455898
.99351084,.56462854
.993527,.56493968
.99352741,.56494629
.99354994,.56538218
.99356455,.56566542
.99356806,.565732
.99356836,.56573826
.99356872,.56574643
.99357611,.56589037
.99357992,.56596559
.99358094,.56598425
.99358118,.56599057
.99358845,.56613207
.99359572,.56627572
.9936555,.56745034
.9936558,.56745529
.99365616,.56746328
.99365938,.56752706
.9936626,.56759149
.99366891,.56771648
.99368572,.56804782
.99368668,.56806672
.99369049,.56814146
.9936977,.56828469
.99369806,.5682928
.99369836,.56829804
.99370635,.56845641
.9937126,.56858128
.993716,.56864822
.99372321,.56879139
.99372613,.56885076
.99372643,.56885689
.99372965,.56892091
.99375987,.56952411
.99378932,.57011348
.99381858,.5706985
.99385005,.57132685
.99388027,.57193184
.99388611,.57204944
.99388963,.57211864
.99388981,.57212389
.99389011,.57212919
.9938904,.57213461
.99389052,.57213652
.99389058,.57213837
.9938907,.57214034
.99389082,.57214236
.99389112,.57214779
.99389142,.57215339
.99389464,.57221842
.99389809,.57228994
.99390143,.57235491
.99390477,.57242239
.99390805,.57248932
.99391156,.57255977
.99391168,.5725618
.99392593,.57284719
.99393964,.57312357
.99395388,.57341033
.99395424,.57341838
.9939695,.57372397
.99399275,.57419318
.99401683,.574678
.99403876,.57511985
.99406201,.57558632
.99408412,.57603174
.99409765,.57630539
.99409842,.57632047
.99410176,.57638717
.99410266,.57640576
.99410361,.57642514
.9941045,.57644331
.99410546,.57646275
.99410641,.57648313
.99411005,.57655573
.99412614,.57688177
.99413997,.57716465
.99414349,.57723552
.99414748,.57731664
.99415189,.57740772
.99415588,.57748836
.99416006,.57757515
.99416041,.57758224
.99416471,.57766891
.99417293,.57783693
.9941889,.57816625
.9942193,.57879019
.99424869,.57939392
.99427724,.57997996
.99431115,.58067656
.99434245,.5813188
.99434555,.58138251
.99435318,.58153957
.99435669,.58161223
.99436045,.58169138
.99438846,.58226901
.99441582,.58283478
.99444509,.58343691
.99450302,.58463514
.9945035,.58464515
.99451023,.58478379
.99453831,.58536959
.99454558,.5855211
.99455309,.58567709
.99457622,.58615977
.99459237,.58649719
.99459571,.58656669
.9945991,.58663714
.99460244,.58670652
.99460572,.58677566
.99460918,.58684587
.99462301,.58713526
.9946233,.58714128
.99462652,.58720922
.99462992,.58728164
.994645,.5875991
.99464881,.58767843
.99465263,.58775753
.99465632,.58783507
.99466002,.58791423
.99466383,.58799434
.99466431,.58800322
.99469095,.58856529
.99469131,.58857238
.99469477,.58864504
.99469513,.58865196
.99470985,.58896542
.99471873,.5891543
.99472505,.58928812
.99473929,.58958966
.99474698,.58975375
.99475002,.5898186
.99475038,.58982605
.99475342,.58989155
.99476832,.59020936
.99477232,.5902943
.99477613,.59037656
.99477983,.59045541
.99478376,.59053987
.99478805,.59063101
.99479097,.59069473
.99479133,.59070182
.99479163,.59070903
.99479485,.59077907
.99479526,.59078711
.99479824,.59085327
.99481463,.59120798
.99482155,.59135836
.99482197,.59136605
.99482524,.59143972
.9948284,.59150767
.99483222,.59159076
.9948386,.59173208
.99484587,.59188938
.99484622,.59189677
.99484712,.59191763
.99484819,.59193951
.99484903,.591959
.99484992,.59197885
.99485093,.59199983
.99486709,.59235626
.99488086,.592659
.99488151,.59267491
.99488229,.5926913
.99488258,.59269768
.99488568,.59276682
.9948864,.59278184
.99488705,.59279722
.99489021,.59286672
.99489319,.59293407
.99489391,.59295011
.99491,.59330779
.99491292,.59337342
.99491632,.59344947
.99493241,.59381038
.99495655,.59435034
.99498272,.59493637
.9950062,.59546065
.9950282,.5959537
.99505085,.59646142
.99505442,.59654117
.99505788,.59661895
.99505883,.59663928
.99506223,.59671599
.99506569,.59679294
.99506897,.59686786
.99507231,.59694147
.99508864,.5973081
.99509245,.59739411
.99510866,.59775859
.99512506,.59812647
.99512881,.59821236
.99513263,.59829921
.99513644,.59838492
.99514025,.59847099
.99514401,.59855515
.99514472,.59857094
.99514508,.59857905
.99516112,.59894085
.99516141,.59894747
.99516165,.59895402
.99516195,.59896052
.99517876,.59934121
.99517912,.59934878
.99518281,.59943318
.99518996,.5995962
.99520606,.5999648
.99520642,.59997314
.99520683,.59998089
.99520808,.60001028
.99520934,.60004079
.99521059,.60006845
.99521178,.60009652
.99521315,.60012609
.99521625,.60019863
.99521995,.60028505
.99522376,.60037279
.99523109,.60054135
.99523145,.60054976
.99523461,.60062206
.99525076,.60099775
.99525118,.60100716
.99525154,.60101545
.99525499,.60109526
.99525625,.60112619
.99525762,.60115695
.99525899,.60118896
.99526012,.60121787
.99526143,.60124725
.99526668,.60137147
.99526703,.60138023
.99527389,.60154098
.99527425,.60155004
.99527454,.60155886
.99527496,.6015678
.99527532,.60157675
.99527574,.60158569
.995309,.60237515
.99534619,.603257
.99537838,.60402083
.99541271,.60483319
.99544388,.60557425
.9954443,.60558218
.9954446,.60559028
.99544495,.60559839
.99545109,.60574597
.99545151,.60575402
.99545181,.60576224
.99545288,.60578603
.99545372,.60580724
.99546009,.60595912
.99547625,.60634524
.99549097,.60669595
.99549139,.60670489
.99550754,.60709196
.99551409,.6072489
.99554032,.60787529
.99555475,.60822165
.99556124,.60837853
.99556506,.60846937
.99556893,.60856438
.99557275,.60865653
.99557674,.60875237
.99558067,.60884613
.99558467,.60894227
.99558574,.6089682
.99558604,.6089772
.99558711,.60900283
.99561411,.6096586
.99562979,.61003989
.9956333,.6101234
.99563944,.61027485
.99564052,.61030072
.99564791,.61048073
.99564832,.61048955
.99564928,.61051512
.9956497,.61052448
.99565005,.61053324
.99565053,.61054468
.9956516,.61057115
.99565494,.61065465
.99565542,.61066443
.99565572,.61067337
.99567193,.61107171
.99567717,.6112026
.99568284,.61134237
.99568391,.61136895
.99568498,.61139596
.99568605,.61142248
.99568701,.61144865
.9956882,.61147565
.99569333,.61160576
.99569899,.61174506
.99569941,.61175501
.9957059,.61191738
.99570972,.61201251
.99571311,.61209917
.99571353,.61210817
.99572814,.61247599
.99572921,.61250353
.99573654,.61268604
.99574304,.61285079
.99574411,.6128785
.99574518,.61290574
.99574834,.61298376
.99575204,.6130783
.99575806,.61322939
.99576414,.61338234
.99577004,.61353314
.99577612,.61368632
.99577719,.61371368
.99578303,.61386156
.99578905,.61401331
.99579251,.61410099
.99579591,.61418724
.99579942,.61427504
.99580282,.614362
.99580622,.61444819
.99582303,.61487347
.9958241,.61490065
.99583107,.61507821
.99583137,.61508751
.99583489,.61517549
.99583519,.61518449
.99583554,.61519361
.99584281,.61537665
.99584669,.61547685
.99586344,.61590642
.99586695,.61599636
.99586743,.61600834
.99586785,.61601913
.99587107,.61610007
.99587476,.61619717
.99587512,.61620641
.99587917,.61630845
.99587941,.61631757
.99588102,.61635751
.99588257,.61639744
.99588412,.61643791
.99588567,.61647773
.99588722,.61651689
.99588799,.6165362
.9959048,.61696965
.99590838,.6170637
.99592459,.61748207
.99594069,.61789912
.99595702,.61832166
.99597305,.61873651
.99597663,.61882854
.99598026,.61892104
.99598372,.61901379
.99598736,.61910528
.99599093,.61919874
.99599427,.61928564
.99599457,.61929345
.99599487,.61930114
.99599516,.61930907
.99599886,.61940539
.99600255,.61950302
.99600607,.6195944
.99600637,.61960393
.99601203,.61975044
.99601835,.61991811
.99602544,.62010723
.99602622,.62012756
.99602705,.62014753
.99602783,.62016714
.99603295,.62030518
.99603814,.62044412
.99603891,.62046403
.99605191,.62080985
.99605912,.62100095
.99606287,.62110204
.99606687,.6212101
.9960708,.62131333
.99607158,.62133306
.99607199,.62134272
.99607724,.62148494
.99607772,.62149751
.9960829,.621638
.99608338,.62164932
.99609041,.62183988
.99610609,.62226206
.99611312,.62245154
.99611825,.62259203
.9961217,.62268448
.9961251,.62277561
.9961285,.62286705
.99613553,.62305707
.99613881,.62314802
.99614227,.62324071
.99614257,.62324876
.99614781,.62339199
.99616373,.62382346
.99618053,.62427884
.99618483,.62439758
.99618864,.62449902
.99618894,.62450719
.99619287,.62461561
.9962073,.62501037
.99621516,.62522662
.9962188,.62532747
.99623173,.62568426
.99623525,.62578213
.99623895,.62588459
.99625164,.62623358
.99625534,.62633634
.9962557,.62634605
.99625599,.62635559
.99625641,.62636524
.99625677,.62637472
.99626029,.62647361
.99627316,.62683082
.99627358,.62684083
.99627405,.6268543
.99627763,.62695533
.99628115,.62705529
.99628478,.6271559
.99628836,.62725812
.996292,.62735945
.99629569,.62746108
.99629968,.62757456
.99631351,.62796241
.99631733,.62806964
.99633312,.62851411
.99633378,.62853509
.99634695,.62890565
.99636078,.62929779
.99636132,.62930924
.99636197,.62933075
.99637759,.62977117
.99639261,.6301955
.99639297,.630207
.9963966,.6303091
.99640059,.63042241
.99640119,.6304397
.99640197,.63046122
.99640232,.63047105
.99640262,.63048112
.99640644,.63058895
.99640679,.63059896
.99641061,.63070858
.99641579,.63085508
.99642098,.6310041
.99642611,.63115156
.99643111,.63129616
.99643636,.63144547
.9964413,.63158953
.99644172,.63160139
.9964425,.63162285
.99645036,.63184935
.99645078,.6318596
.9964512,.63187164
.99646562,.63228804
.99647099,.63244373
.99647444,.63254356
.99647504,.63256115
.99647546,.63257283
.99647981,.63269866
.99648011,.63270867
.99648052,.63272083
.99648774,.6329304
.99649203,.63305342
.9964928,.6330778
.99650013,.63329041
.99650735,.63349766
.99651444,.6337043
.99652183,.63391989
.99652261,.63394386
.9965235,.6339677
.99652749,.63408476
.99652827,.63410872
.99652904,.63412946
.99652946,.63414133
.99652976,.63415146
.99653041,.63417053
.99653131,.63419485
.996535,.63430285
.9965353,.63431317
.99653566,.63432372
.99653637,.63434446
.99653989,.63444513
.99655586,.63491392
.99655634,.63492632
.99655694,.63494503
.99656105,.63506263
.9965657,.63520026
.99656647,.63522363
.99656689,.63523448
.99656755,.63525623
.99656832,.63527757
.99656904,.63529885
.99656981,.63532054
.99657059,.63534337
.99657124,.63536477
.99657208,.63538599
.99657673,.63552493
.99658072,.63564205
.99658144,.63566309
.99658191,.63567585
.99658221,.63568664
.99658597,.63579935
.99660051,.63622761
.99661505,.63665891
.99662948,.63708729
.9966442,.63752186
.99665868,.63795239
.99665976,.63798457
.99666017,.63799524
.99666047,.63800633
.99666435,.63812149
.99666816,.6382342
.99667197,.63834649
.99667579,.63845998
.99667954,.63857406
.99668074,.63860685
.99668103,.63861716
.99668485,.63872945
.99668825,.63883197
.99669343,.63898653
.99670053,.63919908
.9967016,.63923222
.99670202,.63924313
.99670237,.63925332
.99670267,.63926393
.99670666,.63938212
.99670708,.63939482
.99670762,.63941252
.99670821,.63943017
.99670929,.63946241
.99670988,.63947999
.99671048,.63949865
.99671084,.63951129
.99671137,.63952529
.99671173,.63953596
.99671584,.63965923
.99671996,.63978493
.99672049,.63980293
.99672109,.63982058
.99672228,.63985354
.99672258,.63986456
.99673921,.64037073
.99673963,.64038253
.99673998,.64039433
.9967404,.64040589
.9967441,.64051896
.99674439,.64052963
.99674851,.6406554
.99674886,.64066738
.99675202,.64076298
.9967559,.64088219
.99675727,.64092588
.9967587,.64097047
.99676299,.64110398
.99676448,.64114797
.99676585,.64119142
.99676645,.64121109
.99676788,.6412552
.99677366,.64143604
.99677402,.64144808
.99677986,.64162946
.99678415,.6417622
.99678993,.64194417
.99679589,.64212745
.99680173,.64231163
.99680549,.6424309
.9968062,.64244998
.9968068,.64246893
.9968074,.6424883
.99680793,.64250737
.99680865,.64252663
.99681312,.64266896
.99681675,.64278126
.99681967,.64287448
.99682003,.64288568
.99682075,.64290845
.99682152,.64293152
.99682218,.64295423
.99682295,.642977
.99682355,.64299715
.99682689,.64309996
.99683028,.64320892
.99683064,.64322114
.99683732,.64343053
.99684411,.64364338
.99685085,.64385504
.99685758,.64406788
.9968642,.64427823
.99686807,.64439994
.99686849,.64441335
.99688458,.64492089
.99690038,.64541876
.99691635,.6459254
.99693263,.64643979
.99694842,.64694011
.9969489,.64695328
.99694949,.64697379
.99695486,.64714384
.99695849,.64725643
.99695885,.64726949
.99695945,.64728898
.99696237,.64738142
.99696594,.64749688
.99697191,.64768708
.99698818,.64821255
.99698859,.64822364
.99698889,.6482349
.99700505,.64875472
.99700534,.64876598
.99700576,.64877743
.99700946,.6488983
.99701023,.64892524
.99702638,.64945078
.99704242,.64997345
.99705929,.65052032
.99707556,.65105265
.99709171,.65158015
.99709249,.651604
.9970929,.65161699
.99710828,.65212131
.9971115,.6522252
.997127,.6527335
.9971422,.65323037
.99715751,.65373206
.99717283,.65423054
.99717623,.65434259
.99717963,.65445501
.99718022,.65447491
.99718362,.65458679
.99718714,.65470254
.99719113,.6548354
.99719644,.65500748
.9972015,.65517437
.99720645,.65533823
.99721181,.65551656
.99721706,.65568978
.99722111,.65582246
.99722457,.65593702
.99722487,.65594828
.99722528,.65596068
.9972288,.65607774
.9972325,.65619922
.99723607,.65631872
.99723959,.65643656
.99724323,.65655559
.99724621,.65665883
.99725026,.65678984
.9972505,.65680164
.99725091,.65681374
.99725133,.65682697
.9972555,.65696985
.9972595,.6571027
.99725986,.65711606
.99726576,.6573137
.9972716,.657511
.99727744,.65771115
.9972834,.65791166
.99728924,.65811014
.9972896,.65812337
.99729311,.6582427
.99729663,.65836233
.99730003,.65848041
.99730355,.65859789
.99730694,.65871578
.9973104,.65883291
.99731117,.65886027
.99731153,.65887344
.99731195,.65888703
.99731231,.65889996
.99731272,.65891147
.99731302,.65892303
.99731332,.65893483
.99731368,.65894657
.99731398,.65895814
.99731445,.65897274
.99731827,.65910697
.99732208,.65923941
.99732667,.65940094
.99732697,.65941334
.99733406,.65966183
.99733877,.65982533
.99733913,.65983999
.99733955,.65985298
.9973436,.66000021
.99734783,.6601457
.99735188,.66029173
.99735618,.66044205
.99736029,.66058683
.99736071,.6606003
.99736166,.66063809
.99736506,.66075951
.99736553,.66077417
.99736869,.66088647
.99737257,.66102511
.99737638,.66116351
.99738026,.66130358
.99738544,.66148728
.99738926,.66162562
.99739301,.66176134
.99739343,.66177475
.99739814,.66194391
.99740183,.66207987
.99740291,.66211784
.99740368,.6621446
.99740696,.66226584
.99741048,.6623925
.99741089,.66240579
.99741888,.66269886
.99741995,.66273814
.99742103,.66277736
.99742216,.66281742
.99742931,.66307819
.99743623,.66333169
.99744326,.6635859
.99745047,.66385037
.9974575,.66410744
.9974615,.66425335
.99746948,.66454959
.9974767,.66481525
.99748391,.66508174
.99748498,.66512191
.99749315,.66542536
.99749422,.66546488
.99750143,.66573477
.99750251,.66577429
.99750668,.66592991
.99751079,.66608304
.99751109,.66609561
.99751151,.66610837
.99751174,.66612101
.99751216,.66613364
.99751246,.66614646
.99751282,.66615909
.99751765,.66633785
.997518,.66635191
.99752551,.66663337
.99752593,.66664767
.99752629,.66666168
.99752671,.66667604
.99752706,.66669047
.99752736,.66670477
.99752778,.66671824
.99753243,.66689271
.99753672,.66705573
.99753714,.66706979
.99754065,.66720027
.99754089,.66721398
.99754441,.6673466
.99754775,.6674723
.99755132,.66760677
.99755859,.66788101
.99756187,.66800815
.99756479,.66812015
.99756843,.6682595
.99756891,.66827559
.9975763,.66855907
.99758345,.66883194
.99758714,.66897511
.99759024,.66909611
.99759132,.66913855
.99759483,.66927564
.99759853,.66941714
.99759895,.66943336
.99760324,.66960001
.99760669,.66973954
.99760777,.66978168
.9976083,.66979694
.99760866,.66981232
.99760908,.66982764
.99760944,.66984266
.99760985,.66985816
.99761015,.6698724
.99761051,.66988754
.99761415,.67002803
.9976145,.67004412
.99762166,.67032117
.99762875,.67060405
.99762917,.67061776
.99762952,.67063284
.99764627,.67129713
.99764669,.67131358
.99765009,.67145026
.99765807,.67177004
.99765861,.67178589
.99765879,.67179728
.99766237,.67194104
.99768686,.67292553
.99769074,.67308122
.99769145,.67310941
.99769872,.67340642
.99770188,.67353427
.99770528,.67367208
.99770564,.67368746
.99771267,.6739732
.99773639,.67493844
.99774456,.67527115
.99774808,.67541474
.99775159,.67555887
.99775517,.67570621
.99775881,.6758523
.99776238,.67599797
.9977659,.67614311
.99776697,.67618531
.99777037,.67632681
.997774,.67647481
.99777436,.6764887
.99777466,.67650241
.99777496,.67651606
.99777538,.67653
.99777567,.67654365
.99777985,.67671323
.99778014,.67672849
.9977805,.6767444
.99778414,.67689186
.99778426,.67689627
.99778777,.67704111
.99779123,.67718887
.99779415,.67731065
.99779427,.67731512
.99779457,.67732722
.99779487,.67733908
.99779844,.67749035
.99779886,.67750424
.99779916,.67751807
.99779946,.67753202
.99779981,.67754602
.99780011,.67756009
.99780053,.67757624
.9978044,.67773831
.9978078,.67788249
.99781132,.67802721
.99781191,.67805237
.99781531,.67819536
.99781603,.6782248
.99781984,.67838466
.99782014,.67839986
.99782389,.67855746
.99782676,.67868096
.99782681,.67868561
.99782705,.67869008
.99782759,.67871612
.99783093,.67885834
.99783158,.67889005
.997832,.67890471
.99783552,.67905569
.99783629,.6790911
.99783689,.67911732
.99784046,.67927331
.9978441,.67942876
.99784768,.67958164
.99785119,.67973542
.99785489,.67989397
.99785864,.68005788
.99785918,.68008411
.99787539,.68078822
.99789178,.681499
.99789214,.68151498
.99789256,.68153322
.99789304,.68155199
.99789339,.68157107
.99789381,.68158674
.99789417,.68160594
.9978947,.68162453
.9979105,.68231493
.99791086,.68233305
.99791133,.68235058
.99791175,.6823684
.99791211,.68238634
.99791253,.68240464
.99791288,.68242019
.9979288,.68311602
.99794489,.68381602
.99794501,.68382055
.99794918,.68400431
.99794954,.68401909
.99795669,.68433499
.99796075,.68451333
.99796134,.68453979
.99796498,.68470019
.99796849,.68485308
.99796957,.68490016
.99796993,.6849187
.99797022,.68493146
.99797052,.68494433
.99797118,.68497598
.99797463,.68512797
.99797493,.68514323
.99797529,.68515849
.99797601,.68519062
.9979831,.68551129
.99799013,.68582851
.99799734,.68615395
.99800438,.68647021
.99801165,.68680012
.99803436,.68783098
.99803865,.68802363
.99803936,.6880554
.99803972,.68807256
.9980408,.68812048
.99804187,.6881693
.99804288,.68821728
.99804395,.68826598
.99804503,.68831319
.99804527,.68832844
.99804878,.68848795
.99804938,.6885156
.99805009,.6885435
.99805063,.68857163
.99805123,.68859941
.99805182,.68862695
.99805224,.68864405
.99805826,.68891776
.99805868,.68893665
.99806243,.68911201
.99806607,.68927771
.99806964,.68944329
.99807346,.689619
.99807763,.68981439
.99808186,.69000769
.99810475,.69107157
.99810582,.69112056
.9981069,.69117093
.99810797,.69122064
.99810904,.69127029
.99811012,.69132054
.99811053,.69133884
.99811089,.6913572
.99811131,.69137543
.99811167,.69139332
.99811208,.69141167
.99811548,.69156998
.99811977,.69177079
.99812043,.69180501
.99812466,.6919986
.99812883,.69219416
.99812913,.69221002
.99813253,.69236845
.99814004,.69272047
.99815613,.69347781
.99815655,.6934939
.99815691,.69351089
.99815762,.69354624
.99815798,.69356322
.9981584,.69358081
.99815869,.69359779
.99815905,.69361496
.99815947,.6936323
.99815971,.69364852
.99816012,.69366461
.99816042,.69368094
.9981609,.69370061
.9981643,.69386321
.99816471,.69388372
.9981721,.69423717
.99819559,.69536096
.99819589,.69537705
.99820322,.6957286
.99820709,.69591498
.99821103,.69610256
.99821138,.69611889
.99821472,.69628155
.99822056,.69656289
.9982264,.69684494
.99823225,.69713068
.99823809,.6974135
.99824405,.69769913
.99824446,.6977157
.99824846,.69791383
.99824882,.69793087
.99825275,.69811994
.99825341,.69815665
.99825382,.69817311
.99825412,.69818956
.99826074,.69851243
.99826658,.69880313
.99827254,.69909334
.99827927,.69942188
.99828589,.69974935
.99829251,.70007867
.99829912,.70040423
.99829942,.70042074
.99829984,.70043927
.99830019,.70045811
.99830061,.70047653
.99830097,.70049781
.99830139,.70051622
.99830174,.70053452
.99830204,.70055175
.99830276,.70058286
.99830312,.70060474
.99830353,.7006222
.99831164,.70103127
.99831218,.70106417
.99831885,.70139796
.99832535,.7017318
.9983319,.70206189
.99833834,.70239389
.99834484,.70272237
.99834514,.70273978
.99834865,.70291722
.99834907,.70293504
.99834961,.70296711
.99835432,.70320904
.99835497,.70324183
.99835539,.70326048
.99836338,.70367277
.99837148,.70409054
.99837208,.70412308
.99837577,.70431507
.99837965,.7045182
.99838334,.70470887
.99839056,.70508403
.99839437,.70528126
.99839807,.70546967
.99840218,.70568508
.99840254,.70570624
.99840295,.7057277
.99840343,.70574981
.99841064,.7061286
.99841094,.70614809
.99841201,.70620328
.99841249,.70623058
.99841309,.7062571
.99841356,.70628375
.99841386,.70630163
.99841428,.70631951
.99841458,.70633733
.99841487,.70635551
.99841523,.70637363
.99841863,.70655811
.99842381,.70683211
.99842423,.70685649
.99842459,.70687568
.99842501,.7068941
.99843085,.70721561
.99843121,.70723492
.99843162,.70725399
.99843192,.70727324
.99843299,.70733106
.99843335,.70735061
.99843866,.70763916
.9984445,.7079615
.9984504,.70828533
.99845618,.70860434
.99846202,.70892453
.99846786,.70924294
.99846828,.70926267
.99847335,.7095449
.9984737,.70956421
.99847889,.70985037
.99847931,.70987153
.99848288,.7100749
.99848366,.71011561
.99849963,.7110095
.99851584,.71191174
.998532,.71281064
.99854881,.71374595
.99856508,.71465653
.99856555,.71468252
.99857074,.7149719
.9985711,.71499097
.99857628,.71528184
.99857664,.71530557
.99858183,.71559471
.99859458,.71632081
.99860746,.71704876
.99862045,.71778363
.99862063,.71779156
.99862093,.71781224
.99863368,.71853721
.99864626,.71925032
.99864668,.71927106
.99864715,.71929687
.99864745,.71931654
.99865192,.71957421
.99865562,.71978313
.99865603,.71980691
.99865651,.71983367
.9986611,.72009623
.99866617,.72039098
.99866968,.72059512
.99867344,.72081381
.99867755,.72104645
.99868155,.72127891
.99868578,.72152305
.99868953,.72174031
.99868995,.7217654
.99869043,.72179037
.99869108,.72183144
.9986915,.72185624
.99869227,.72189796
.99869269,.72192281
.99869782,.72222114
.998703,.7225225
.99870807,.72282076
.99871331,.72312778
.99871808,.72340304
.99871838,.72342396
.99872369,.72373235
.99872816,.72399199
.99872863,.72401893
.99872905,.72404623
.99872953,.72407156
.99872988,.72409821
.9987303,.72411889
.99873555,.72442985
.99873602,.72445959
.99874061,.72473222
.9987452,.72500247
.99874967,.72526997
.99875045,.72531259
.99875504,.72558314
.99875563,.7256186
.99876034,.72589791
.9987607,.72591984
.9987613,.72595501
.99876171,.72598207
.99876517,.72619277
.99876577,.7262283
.99877036,.72650087
.99877077,.72652185
.99877113,.72654754
.99877155,.72657251
.9987722,.72661495
.99877262,.72663629
.99877298,.72665715
.99877405,.72672355
.99877465,.72675902
.99877572,.72682214
.99877614,.72684926
.99877661,.72687817
.99877727,.72691631
.99878079,.72713006
.99878186,.72719812
.99878228,.72721988
.99878263,.72724599
.99878383,.72731394
.99878442,.72735047
.99878478,.7273733
.99878889,.72762251
.99878997,.72769004
.99879044,.72771865
.99879086,.72774649
.99879521,.72801489
.99879563,.72803712
.99879599,.72806287
.99880046,.72833651
.99880075,.72835928
.99880117,.72838187
.99880475,.72860062
.99880826,.72882015
.9988119,.72904325
.99881542,.7292583
.99881893,.72947466
.998824,.72979075
.99883127,.73024112
.99883872,.73069972
.99884611,.73115265
.99885362,.73162216
.99886113,.73208249
.99886143,.73210436
.99886578,.73237312
.99886638,.73241091
.99886698,.7324484
.99886757,.73248583
.99886823,.73252392
.99887329,.73284262
.99887389,.73288035
.99887437,.7329067
.99887526,.73296201
.99887955,.73322988
.99888402,.73350883
.99888474,.73355287
.9988851,.73358166
.99888557,.73360682
.99888599,.73363239
.99889004,.73388892
.99889046,.73391569
.99889517,.73421389
.99890029,.73453707
.99890536,.73486036
.99891055,.73518735
.99891579,.73552042
.99891698,.73559105
.99892157,.73588109
.99892193,.7359069
.99892622,.73617786
.99892664,.736206
.99893093,.73648131
.99893141,.73650897
.99893177,.73653692
.99893588,.73680162
.99893636,.73683149
.99893677,.7368592
.99893767,.73691505
.99894166,.73717958
.99894202,.73720169
.99894243,.73722917
.99894279,.73725307
.9989475,.73756385
.99895263,.73790067
.99895793,.73824733
.99896306,.73858774
.99896812,.73892462
.99897224,.73919553
.99897271,.73922241
.99897301,.73924583
.99897349,.73927492
.99897403,.739308
.9989745,.73933953
.99897498,.7393738
.99897546,.73940408
.99897635,.73946482
.99897665,.73948866
.99897742,.73953968
.9989779,.73957103
.99898201,.73984647
.99898237,.73987699
.9989866,.74015999
.99898708,.74019098
.99898744,.74022204
.99898791,.74024993
.99898821,.74027324
.99898875,.74030524
.99898922,.74033678
.99898958,.74036807
.99899006,.74039918
.9989906,.74043101
.99899095,.74046159
.99899137,.74048626
.99899542,.74076283
.99899572,.74078804
.99899614,.74081284
.9989965,.74083841
.99899691,.7408635
.99900109,.74115258
.99900532,.74144322
.99900568,.74147236
.99900657,.74153346
.99900705,.74156582
.99900746,.7415905
.99900782,.74161935
.99901199,.7419101
.99901611,.74220383
.99902028,.74249256
.99902457,.74279487
.9990288,.74309331
.99903309,.74339354
.99903738,.74369812
.99904186,.7440092
.99904597,.74429911
.99904633,.74432844
.99905092,.74465632
.99905139,.74468589
.9990558,.74499905
.9990561,.74502373
.99905628,.74503344
.9990567,.7450633
.99906182,.74543417
.99906713,.74581212
.9990679,.74586803
.99907243,.74619776
.9990775,.74656767
.99907804,.74659854
.99907839,.74663073
.99908262,.74693412
.9990831,.74696499
.9990834,.74698991
.99908376,.74701607
.99908406,.74704081
.99908447,.7470656
.99908477,.74709117
.99908513,.74711603
.99908543,.74714082
.9990859,.74717426
.99909031,.74749595
.99909467,.74782026
.99909896,.7481373
.99910337,.74846399
.99910772,.74878401
.99910825,.74881673
.99910861,.74885136
.99910909,.74888277
.99911416,.74926126
.99911469,.74929649
.99911875,.74960721
.99911922,.74964052
.99912333,.74995089
.99912351,.74996132
.99912393,.74999648
.99912441,.75002694
.99912483,.75006163
.9991256,.75012004
.99912608,.75015396
.99913073,.75051236
.99913502,.75083834
.99913555,.75087208
.99913633,.75093806
.99913651,.75094849
.99913692,.75097686
.99913716,.75100559
.9991377,.75103742
.99913847,.7510969
.99913877,.75112367
.99913961,.75119191
.99914008,.7512269
.99914527,.75162125
.99914569,.75165701
.99915081,.75205213
.99915111,.75207883
.99915159,.75211388
.9991563,.75247926
.99915689,.75251949
.99915737,.75255871
.99915785,.75259781
.99915832,.75263739
.99915892,.75267756
.99916416,.75308657
.99916428,.75309736
.99916947,.75350273
.99917454,.75389653
.9991796,.75429034
.99918479,.75468832
.99918944,.75505608
.99919462,.75545889
.9991951,.755494
.99919587,.75556087
.99919629,.75558758
.99919665,.75561792
.99919707,.7556476
.99919742,.7556771
.99919784,.75570613
.99919814,.75573534
.99920243,.7560671
.99920291,.75610274
.99920326,.75613558
.99920368,.75616765
.99920404,.75619966
.99920446,.75623173
.99920493,.75626713
.99920541,.75630432
.99920583,.75633621
.99920619,.75636441
.9992066,.75639737
.99920708,.75643355
.9992075,.75646996
.99920785,.75649822
.99920833,.75653642
.99920875,.75656557
.99920911,.75659811
.99921,.75666857
.9992103,.75669897
.99921072,.75673002
.99921119,.75676852
.99921167,.75680578
.99921215,.75684094
.99921256,.75687647
.99921292,.75690967
.99921334,.75694221
.99921381,.75697738
.99921411,.75700653
.99921459,.75703961
.99921501,.75707793
.99921536,.75710738
.99921584,.75714368
.99921614,.75716907
.99921662,.75720847
.99921691,.75723767
.99921739,.75727403
.99922162,.75761503
.99922198,.7576521
.9992224,.75768149
.99922276,.75771844
.99922317,.75774777
.99922365,.757788
.99922407,.75781828
.99922442,.75785309
.9992249,.75789088
.9992258,.75796407
.99922621,.75799799
.99922657,.75803214
.99922705,.75806755
.99922705,.75807077
.99922752,.75810927
.99922752,.75811255
.99922794,.75814348
.99922842,.75818217
.99922884,.75821811
.99922919,.75825262
.99922961,.7582891
.99923009,.75832343
.9992305,.75835985
.99923086,.75839579
.99923128,.75843042
.99923164,.75846016
.99923164,.75846356
.99923211,.75850093
.99923253,.75853169
.99923378,.7586416
.9992342,.75867832
.99923426,.75868171
.99923468,.75871962
.99923515,.75875872
.99923515,.758762
.99923563,.75879967
.99923974,.75915861
.99924022,.75919777
.99924439,.75956774
.99924862,.75993007
.9992528,.76028931
.99925691,.76064748
.99926096,.76100373
.99926186,.76107913
.99926227,.76111841
.99926686,.76152116
.99926734,.76155871
.9992677,.76159471
.99926817,.76163334
.99926871,.76167589
.99926907,.76171362
.99926949,.76175159
.99926984,.76178527
.99927026,.76181692
.99927056,.76184762
.99927104,.76188397
.99927139,.76192069
.99927193,.76196361
.99927229,.76199782
.99927276,.76204109
.9992758,.76231682
.9992761,.76234889
.99927658,.76238894
.99927753,.76247716
.99927807,.76252049
.99927855,.7625649
.9992789,.76260477
.99927944,.76264471
.9992798,.76267731
.99928021,.76271623
.99928057,.76275539
.99928105,.76279426
.99928147,.76283425
.99928194,.762878
.99928236,.76291758
.99928284,.76296157
.99928319,.76299298
.99928373,.76303762
.99928397,.76306969
.99928439,.76310915
.99928486,.76314861
.99928534,.76319307
.99928576,.76323146
.99928612,.76327026
.99928665,.76331478
.99928689,.76334733
.99928743,.7633903
.99928778,.76342899
.99928868,.76351714
.99928916,.76356453
.99928963,.76361001
.99929297,.76393569
.99929631,.76426744
.99929959,.7645883
.99930292,.76491815
.99930328,.76495105
.99930358,.76498377
.999304,.76501638
.99930429,.76505023
.99930465,.76508337
.99930513,.76513106
.99930567,.76517749
.9993065,.7652638
.9993068,.76529765
.99930722,.76533967
.99931234,.76584631
.99931741,.76635307
.99932259,.76686525
.99932736,.76733321
.99933267,.76785642
.99933302,.7678923
.99933714,.76830631
.99933797,.76839435
.99933839,.76843095
.99934268,.76885629
.99934357,.7689445
.99934715,.76930815
.99934757,.7693454
.99935126,.76971614
.99935484,.77007568
.99935848,.77043855
.99935883,.77047515
.99935913,.77051127
.99936372,.77097297
.99936461,.77106136
.99936503,.77109683
.99936527,.77113134
.99936569,.77116883
.9993661,.77121174
.99936658,.77125442
.99936694,.77129835
.99936736,.7713412
.99936783,.77138376
.99936813,.77141845
.99936849,.7714569
.99936891,.77149928
.99936926,.77154106
.9993735,.77196771
.99937385,.77201128
.99937415,.77204716
.99937457,.77208585
.99937594,.77222377
.9993763,.77226639
.99937677,.77231139
.99937719,.77235514
.99937755,.77239722
.99938178,.77283436
.99938208,.77287281
.99938244,.77291012
.99938285,.77294779
.99938333,.7729975
.99938363,.77303636
.99938399,.77307367
.9993844,.77311093
.9993847,.77314931
.99938506,.77318847
.99938548,.7732262
.99939072,.77378184
.99939543,.77428001
.99940056,.77481991
.99940568,.77535975
.99941081,.77590531
.99941128,.7759493
.9994154,.77638608
.99941581,.7764231
.99941617,.77647138
.99941695,.77654952
.99941766,.77662587
.99941802,.77666456
.99941874,.77674049
.99941951,.77681738
.99941987,.77686375
.99942034,.77690709
.99942064,.77694356
.99942106,.77698106
.99942136,.777017
.99942172,.77706069
.99942213,.77709812
.9994272,.77764571
.99942768,.77769738
.99942809,.77774113
.99942857,.77778625
.99942893,.77783132
.99942935,.77786809
.9994297,.77791429
.99943012,.77796066
.9994306,.77800643
.99943101,.77805245
.99943149,.77809989
.99943215,.77817816
.99943256,.77822268
.99943304,.77827197
.99943346,.77832198
.99943382,.77835935
.99943429,.77840996
.99943471,.77845919
.99943519,.77850997
.99943644,.77865106
.99943686,.77868909
.99943715,.77872729
.99944043,.77908409
.99944514,.77959949
.99944544,.77963686
.99944681,.77978182
.99944711,.77981931
.99944746,.77985811
.99944788,.77990633
.99944824,.77995294
.99944872,.7799986
.99944901,.78003865
.99944949,.78008872
.9994508,.7802313
.99945128,.78028464
.99945176,.78033805
.99945217,.78039086
.99945265,.7804445
.99945313,.78049928
.9994536,.78055304
.99945408,.78060609
.99945462,.78065813
.99945867,.78112698
.99946278,.78159207
.99946696,.7820558
.99947095,.78251696
.99947524,.78299618
.99947554,.78303522
.99947602,.78308731
.99947965,.78349584
.99948001,.78354251
.99948043,.78358871
.99948078,.78363526
.9994812,.78367549
.9994815,.78371602
.99948186,.78375643
.99948227,.7837981
.99948257,.78383893
.99948293,.7838825
.99948657,.7842989
.99948752,.78440833
.99948794,.78445143
.99948829,.78449321
.99948859,.78453571
.99948901,.78457797
.99948937,.78462011
.99948978,.78466851
.99949074,.78477722
.99949592,.78537685
.99950099,.78597188
.99950147,.78602189
.99950618,.78657174
.99951142,.78718537
.99951237,.78729922
.99951291,.78734988
.99951649,.78777111
.99951696,.78782833
.99951786,.78794032
.99951833,.78799492
.99951881,.78804559
.99951911,.78808981
.99951959,.78813845
.99952322,.78857744
.99952358,.78861856
.999524,.7886706
.99952447,.78872138
.99952489,.78877014
.99952525,.78881913
.99952567,.78886127
.99952602,.78891075
.99952644,.78896004
.9995268,.78901261
.99952734,.78906745
.99952781,.78912473
.99952811,.78916597
.99952894,.78927344
.99952948,.78932554
.99952972,.78936714
.99953026,.78942144
.99953061,.78947437
.99953109,.78953022
.99953151,.7895776
.99953187,.78963155
.9995327,.78971869
.99953306,.78976882
.99953336,.78981119
.99953473,.78997713
.99953508,.79002601
.99953872,.79047513
.99953908,.79051763
.99953938,.79055947
.99953991,.79061216
.99954015,.79065633
.99954098,.79074639
.99954134,.79080421
.99954182,.79085916
.99954212,.7909013
.99954259,.7909587
.99954313,.79101217
.99954337,.79105663
.99954379,.79110962
.99954426,.79116374
.99954468,.79121715
.99954516,.79127467
.99954563,.79133391
.99954593,.79137921
.99954629,.79142368
.99954671,.79147661
.99954796,.79163802
.99954838,.791682
.99954927,.79179126
.99954963,.79184443
.99955004,.79189903
.9995504,.79194307
.99955142,.79206491
.99955189,.79212594
.99955219,.79217064
.99955267,.79223013
.99955344,.79233104
.99955392,.79239041
.99955422,.79243654
.99955463,.79248309
.99955499,.79253
.99955541,.79258358
.99955577,.79262918
.99955702,.79279619
.99955755,.79285777
.99955779,.79290295
.99955821,.79295009
.99955863,.79299986
.99955899,.79305053
.99955976,.79315352
.99956024,.79321581
.99956077,.79327744
.99956125,.79334074
.99956161,.79339522
.99956208,.79345691
.99956238,.7935037
.99956292,.7935673
.99956805,.79424256
.99956846,.7942903
.99956882,.79435307
.9995693,.79440713
.99956971,.79446888
.99957013,.79451466
.99957049,.79457027
.99957126,.79467553
.99957168,.79472393
.99957204,.79477328
.99957293,.79488796
.99957323,.7949366
.99957371,.79499346
.99957412,.79504979
.99957448,.79509932
.9995749,.79516017
.99957538,.79521495
.99957573,.79527855
.99957615,.79532868
.99957651,.79537773
.99957693,.79542685
.99957722,.79547554
.99957758,.7955249
.999578,.79558325
.99957842,.79563171
.99957877,.79568058
.99957925,.79574227
.99957955,.7957921
.99957997,.79584831
.99958044,.79590476
.99958044,.79591393
.99958122,.79601979
.99958199,.79612696
.9995867,.79676777
.99958706,.79682457
.99958718,.79683375
.99958795,.79694867
.99958873,.79705793
.99959397,.79779458
.99959445,.79785305
.99959487,.79791236
.99959564,.79802161
.99959606,.79808325
.99959737,.79827094
.99959779,.79832941
.99959821,.79838616
.99959826,.79839551
.99959868,.79845387
.99959874,.79846334
.99959928,.79852706
.99959964,.7985878
.99960011,.79865324
.99960059,.79871768
.99960101,.79878253
.99960148,.79884899
.99960196,.79891545
.99960208,.7989251
.99960238,.79897934
.99960285,.79903954
.99960327,.79909986
.99960375,.79916078
.99960822,.79980671
.99960917,.79994708
.99960959,.79999578
.99960995,.80004674
.99961036,.80011308
.99961555,.80084521
.99961585,.8008967
.99961621,.80094916
.99962139,.80168265
.99962217,.80179334
.99962252,.80185461
.99962294,.80190527
.99962336,.80196685
.99962783,.80261523
.99962878,.80275786
.99962956,.80286109
.99963027,.80296612
.99963093,.80306911
.9996317,.8031714
.99963242,.80327404
.99963278,.80333275
.99963355,.80345088
.99963397,.80350453
.99963444,.80357057
.99963486,.80363423
.99963933,.80428886
.99963981,.80435455
.99964011,.80440825
.99964058,.80447042
.999641,.80453223
.99964613,.80529743
.99965131,.80605555
.99965167,.80611897
.99965209,.80617428
.9996525,.80623746
.99965346,.80638206
.99965382,.80644482
.99965435,.806508
.999659,.80721205
.99965948,.80727547
.9996599,.80733937
.99966025,.80740273
.99966067,.80745769
.99966103,.80752099
.99966145,.8075735
.99966186,.80763829
.99966222,.80769354
.99966264,.80775249
.99966311,.80782282
.99966347,.80789471
.99966389,.80794865
.99966836,.80865157
.99967313,.80938923
.99967343,.80944377
.9996742,.80956447
.99967951,.81039411
.99967986,.81045133
.99968028,.8105092
.99968058,.81056565
.9996857,.81139141
.99968612,.8114478
.9996869,.81157362
.99968725,.81163138
.99968755,.81168765
.99969107,.81224757
.99969149,.81230694
.99969178,.81236434
.99969655,.81312782
.99969685,.81318492
.99969733,.81326056
.99969769,.81331879
.9996981,.81338823
.99969846,.81344593
.99969876,.81350428
.99969929,.81357342
.99969965,.81364352
.99970007,.81371576
.99970376,.81431597
.99970406,.81437647
.99970454,.81444621
.9997049,.81452262
.99970531,.8145808
.99970573,.81465298
.99970609,.81471241
.99970651,.81477988
.99970782,.81500089
.99970812,.81505978
.99970865,.81513065
.99970901,.8152017
.99970943,.81527311
.99970978,.8153407
.9997102,.81540018
.99971056,.81545877
.99971086,.81551921
.99971128,.81558758
.99971163,.81565815
.99971205,.81572056
.99971253,.8157956
.99971294,.81587279
.9997133,.81593186
.99971372,.81599498
.99971402,.81605482
.99971437,.81611514
.99971479,.816194
.99971515,.81625623
.99971557,.81631613
.99971855,.81685907
.99972188,.81743884
.9997254,.81803989
.9997285,.81859279
.99973184,.8191697
.9997322,.81924015
.99973297,.81936294
.99973339,.81943905
.99973381,.8195017
.99973416,.81957531
.99973488,.81969869
.99973524,.81977022
.99973565,.8198328
.99973601,.81991279
.99973649,.81998616
.99973691,.82005936
.9997372,.82012242
.99973816,.82028246
.99974167,.82091886
.99974209,.82098359
.99974233,.82104629
.99974287,.82113004
.99974763,.82198578
.99974829,.82211202
.99975348,.82305187
.99975699,.82369196
.99976039,.82432896
.99976087,.82440996
.99976128,.82448661
.99976194,.82461536
.99976712,.82555395
.99976748,.82563466
.99976802,.82570946
.99977309,.82665396
.99977344,.82671988
.99977374,.82678401
.99977416,.82684696
.99977452,.82692504
.99977493,.82700127
.99977529,.82706565
.99977571,.82714266
.99977636,.82727623
.99977678,.82734352
.99978203,.82833046
.99978298,.82850254
.9997834,.82859069
.99978381,.82865423
.99978465,.82881886
.99978554,.82898855
.9997859,.82906663
.99978632,.82914823
.99978679,.82923651
.99978679,.82924074
.99978721,.82931983
.99978769,.82940125
.99978805,.82948822
.99978858,.82957947
.99978894,.82965904
.99978894,.82966328
.99978942,.82974422
.99978971,.82981557
.99979061,.82999158
.99979103,.83006519
.99979126,.83013636
.99979168,.83020782
.9997921,.83028084
.99979234,.83035177
.99979275,.83042538
.99979317,.83050841
.99979353,.83059317
.99979401,.83067793
.9997943,.83075047
.99979472,.83083719
.9997952,.83092135
.99979609,.83110547
.99979633,.83117676
.99979675,.83126181
.99979722,.8313458
.99979734,.83137381
.9997974,.83140147
.99979794,.83148628
.99979794,.8314907
.99979877,.83167654
.99979907,.83175057
.99979949,.8318246
.99979985,.83189934
.99980074,.83208418
.99980116,.83217061
.99980152,.83226234
.99980241,.83245373
.9998033,.83264101
.99980378,.83274174
.99980414,.83281863
.99980456,.83290082
.99980491,.83298892
.99980533,.83307904
.99980533,.83308363
.99980569,.83315665
.99980611,.83324724
.99980652,.83332449
.99980658,.83335435
.999807,.83342814
.999807,.83343625
.99980736,.83351594
.99980778,.83361655
.99980813,.83369416
.99980825,.83372384
.99980843,.83375353
.99980843,.83375823
.99980873,.83383667
.99980921,.83393192
.9998095,.83401191
.99980962,.8340202
.99980998,.83412212
.99981052,.83421803
.99981052,.83422649
.99981087,.8343026
.99981117,.83438337
.99981159,.83446276
.99981195,.83454531
.99981225,.83462894
.99981266,.83470798
.99981314,.83481413
.99981344,.83489466
.9998138,.83498764
.9998138,.83499253
.99981421,.83507925
.99981457,.83516657
.99981499,.83524799
.99981534,.83534181
.99981564,.83541894
.99981606,.83551341
.99981654,.83561015
.99981683,.83569312
.99981731,.83578891
.99981731,.83579755
.99981779,.83590776
.99981821,.8360073
.99981821,.83601606
.99981868,.83612067
.9998191,.83621037
.99981946,.83631301
.99982417,.83744723
.99982423,.83745635
.99982464,.83755964
.99982512,.83766633
.99982548,.83777457
.9998256,.83778346
.99982589,.83787417
.99982637,.83797961
.99982637,.83798856
.99982679,.83809066
.99982685,.8380999
.99982685,.83810931
.99982738,.83821911
.99982774,.83832163
.99982816,.83842754
.99982852,.83853358
.99982899,.8386516
.99982941,.83874112
.99982971,.8388285
.99983019,.83893597
.9998306,.83905208
.99983108,.83917385
.99983144,.83927089
.99983174,.83936477
.99983275,.83960754
.99983299,.8397001
.99983341,.83979195
.9998337,.83988631
.99983406,.83999741
.99983448,.84009737
.99983495,.84021193
.99983537,.8403306
.99983573,.84044379
.99983615,.84054357
.9998365,.84064299
.99983692,.84075636
.99983728,.84085625
.9998377,.84097356
.99983805,.84109336
.99983847,.84119081
.99983895,.84132183
.99983925,.84141904
.99983966,.84151947
.99984002,.8416369
.9998405,.8417533
.99984092,.84187162
.99984127,.84197384
.99984157,.84207278
.99984211,.84220433
.99984235,.84230304
.99984288,.84242386
.99984318,.84252644
.99984354,.84263831
.99984396,.84274834
.99984431,.84285676
.99984431,.84286284
.99984443,.84286928
.99984443,.84287548
.99984479,.84298271
.99984509,.84308726
.99984521,.84309822
.9998455,.843211
.99984586,.84331298
.99984634,.84345061
.99984664,.8435567
.99984717,.84368908
.99984741,.84379679
.99984783,.84390742
.99984831,.84405452
.99984831,.84406126
.99984872,.84416503
.99984872,.84417158
.99984908,.84431034
.99984956,.84445155
.99985009,.84459186
.99985039,.84470105
.99985486,.84608877
.99985534,.84623331
.9998557,.84637433
.99985623,.84651273
.99985623,.84652466
.99985659,.84663516
.99985701,.84674805
.99985731,.84685814
.99985766,.84696716
.99985796,.84708786
.99985838,.84720081
.99985868,.84730887
.99985904,.8474232
.99985904,.84743005
.99985951,.84756941
.99985993,.84770572
.99985993,.84771764
.99986452,.8492139
.99986911,.85073304
.99986947,.85085076
.99986988,.85097057
.99986988,.8509776
.99987024,.8511247
.99987066,.85125995
.99987113,.85140395
.99987149,.85152411
.99987179,.85164177
.99987221,.85175407
.99987251,.85187042
.99987286,.85199237
.99987286,.85201234
.99987328,.852126
.99987358,.85224068
.99987394,.85236079
.99987435,.85250574
.999879,.85407877
.99988353,.85561812
.99988389,.85576546
.99988431,.85591286
.99988478,.85605949
.99988514,.85621023
.99988556,.85632682
.99988556,.85634673
.99988568,.85636723
.99988604,.85649163
.99988633,.8566156
.99988645,.85663611
.99988681,.85675973
.99988681,.8567729
.99988729,.85693651
.99988759,.85706604
.9998877,.85708672
.99988806,.85722888
.99988848,.85735875
.9998889,.85751331
.99988896,.85752118
.99988937,.85766709
.99988937,.85767478
.99988973,.85780293
.99989003,.8579365
.99989045,.85808444
.99989092,.85823202
.99989128,.85837764
.9998917,.85854638
.99989212,.85867852
.99989247,.85880935
.99989289,.85896063
.99989319,.85909122
.99989325,.85909915
.99989355,.85923278
.99989402,.85939306
.99989444,.85956818
.9998948,.85970992
.99989522,.85985065
.99989551,.85999024
.99989599,.86015373
.99990058,.86201972
.99990094,.86216724
.99990147,.86235398
.99990195,.86254561
.99990225,.86269462
.99990261,.86284322
.99990302,.86301774
.9999035,.86319631
.99990386,.86334336
.99990416,.86348933
.99990469,.86366916
.99990505,.86383265
.99990535,.86397845
.99990535,.86398715
.99990571,.86414182
.99990624,.86432076
.99990624,.86433637
.9999066,.86449969
.99990708,.86468464
.99990708,.86469382
.99990737,.86484432
.99990779,.86500156
.99990827,.86518395
.99990869,.86536133
.99990904,.86554736
.99990952,.86574084
.99990994,.86591393
.9999103,.86610895
.99991083,.86631787
.99991089,.8663429
.99991089,.86636811
.99991101,.86639351
.99991101,.8664037
.99991101,.86641318
.99991137,.86657429
.99991137,.86659968
.99991149,.86662585
.9999119,.86679137
.99991214,.86695516
.99991226,.86696529
.99991256,.86712855
.99991268,.86714542
.99991298,.867311
.99991333,.86746651
.99991363,.86762798
.99991375,.86763835
.99991405,.86779547
.99991441,.86795217
.99991441,.86796242
.99991471,.86812139
.99991482,.86813128
.99991518,.86833227
.9999156,.86849815
.99991637,.86885542
.99991673,.86903757
.99991745,.86939794
.99991822,.86976147
.999919,.87012571
.99991912,.87013596
.99991912,.87015313
.99991959,.87036937
.99991995,.87057859
.99992073,.87093711
.99992073,.87095487
.99992085,.87097245
.99992085,.87099069
.99992096,.87100852
.99992132,.87122595
.99992174,.87140393
.99992222,.87162763
.99992251,.87179941
.99992299,.87203616
.99992347,.8722682
.99992394,.87250292
.99992424,.87268037
.99992472,.87291104
.99992526,.87314862
.99992526,.87316692
.99992573,.87337065
.99992603,.87355137
.99992609,.87357062
.99992639,.87374836
.99992681,.87393409
.99992764,.87438577
.99992806,.87456757
.99992895,.87501734
.99992979,.87546957
.99993068,.87591946
.9999311,.87609136
.9999314,.87626737
.99993187,.87650341
.99993223,.87669063
.99993253,.87686801
.999933,.87710518
.9999333,.87729043
.99993342,.87731099
.99993372,.87749141
.99993408,.8776769
.99993408,.87769681
.99993408,.87771678
.99993461,.87793869
.99993497,.87816066
.99993497,.8781817
.99993539,.87837678
.99993569,.87856871
.99993575,.87858945
.99993604,.87878442
.99993646,.87898135
.99993682,.87918121
.99993682,.87920207
.99993682,.87922299
.99993694,.87924469
.9999373,.87947667
.99993759,.87966937
.99993771,.87969053
.99993771,.8797031
.99993801,.87990057
.99993837,.88010097
.99993879,.88030332
.99993908,.88050359
.99993908,.88051671
.99993914,.88055301
.99993944,.8807525
.99993956,.88078886
.99993998,.88099158
.99994034,.8812418
.99994034,.88125515
.99994045,.88129282
.99994045,.88133097
.99994081,.881567
.99994123,.88177937
.99994123,.8817929
.99994123,.88180649
.99994129,.8818292
.99994129,.88186848
.99994171,.8821035
.99994218,.88236475
.99994218,.88238794
.9999426,.882626
.9999426,.88265055
.99994266,.88268936
.99994266,.88271332
.99994278,.88273758
.99994278,.88275152
.99994308,.88298577
.9999432,.88301158
.9999432,.88303638
.9999432,.88305038
.99994355,.88327885
.99994355,.88329327
.99994397,.88353032
.99994433,.88378888
.99994463,.88401824
.99994463,.88403291
.99994504,.88430417
.9999451,.88431937
.99994552,.88459843
.99994582,.88483882
.99994618,.88510013
.99994648,.88534296
.99994689,.88558763
.99994719,.88583678
.99994719,.88586563
.99994755,.88612074
.99994755,.88614929
.99994797,.88640618
.99994826,.8866604
.99994862,.88691449
.99994892,.88717264
.99994904,.88720083
.99994904,.88724536
.99994981,.88780624
.99994981,.88783669
.99995017,.88812852
.99995059,.88843721
.99995095,.8887198
.99995136,.88904476
.99995136,.8890751
.99995148,.88910586
.99995214,.88968569
.99995226,.8897171
.99995291,.89031005
.99995369,.89090347
.9999544,.8915115
.99995446,.89154208
.99995476,.89183295
.99995488,.89186525
.99995518,.89215857
.99995553,.89245969
.99995565,.8925063
.99995595,.89279282
.99995631,.89313042
.99995643,.89317816
.99995679,.89349025
.99995708,.89378935
.9999575,.8940829
.9999575,.89413255
.99995786,.89442587
.99995816,.89472508
.99995857,.89503855
.99995887,.8953498
.99995893,.89538395
.99995893,.89541638
.99995935,.89574414
.99995977,.89611578
.99996012,.89643186
.99996024,.89648199
.99996024,.89651674
.9999606,.8968401
.9999606,.89687473
.99996102,.8972345
.99996138,.89755809
.99996167,.89787054
.99996209,.89817429
.99996239,.89849895
.99996275,.89881223
.99996316,.89913505
.99996352,.89953083
.99996394,.89984536
.99996394,.89988029
.99996394,.89991426
.9999643,.9002279
.99996459,.90054089
.99996471,.9005605
.99996471,.90058023
.99996471,.90063214
.99996519,.90103781
.99996561,.90145779
.99996597,.90188146
.99996608,.90194112
.99996614,.90200055
.99996614,.90205741
.99996626,.9020946
.99996626,.90215337
.99996626,.90217537
.99996668,.90254426
.99996704,.90292287
.99996746,.9033249
.99996775,.90370125
.99996781,.90372348
.99996781,.90374571
.99996781,.90376812
.99996793,.90383142
.99996823,.90422773
.99996823,.90425146
.99996829,.9042756
.99996829,.90432185
.99996829,.904347
.99996841,.9043951
.99996871,.90481013
.99996883,.90485787
.99996883,.90490252
.99996883,.90492785
.99996889,.90497798
.9999693,.90544742
.9999693,.90551591
.99996936,.90554345
.99996936,.90561181
.99996948,.9056651
.99996948,.90569311
.99996948,.90572095
.99996948,.90574962
.99996948,.90577799
.9999696,.90585065
.99996966,.90592706
.99996966,.90600234
.99996978,.90605211
.9999702,.90664262
.99997056,.90721387
.99997103,.90779328
.99997145,.90836853
.99997181,.90894717
.99997193,.90899765
.99997193,.90907425
.99997205,.90915143
.99997234,.90965235
.9999724,.90973115
.9999724,.90978599
.99997252,.90983814
.99997252,.90989059
.99997258,.90994328
.99997258,.90999997
.99997258,.91005623
.999973,.91058403
.99997342,.91111767
.99997365,.91164649
.99997407,.91220093
.99997407,.91225725
.99997419,.91231668
.99997419,.91237581
.99997425,.91243511
.99997425,.91247338
.99997425,.91251212
.99997425,.91255003
.99997437,.9125883
.99997437,.91262758
.99997467,.91322029
.99997503,.91379791
.99997544,.91439122
.99997574,.91501212
.9999758,.91511148
.9999758,.91521221
.99997592,.91531205
.99997622,.91592932
.99997634,.91599524
.99997634,.91610152
.9999764,.91620505
.9999764,.91631097
.99997652,.91641694
.99997658,.91652554
.99997687,.91724974
.99997729,.91796786
.99997765,.91869217
.99997807,.91942161
.99997848,.92016107
.99997848,.92027396
.99997854,.92039239
.99997866,.92052668
.99997866,.9206627
.99997872,.92079842
.99997872,.92094094
.99997884,.92108774
.99997884,.92118317
.99997896,.92133451
.99997896,.92148793
.99997902,.92164385
.99998266,.93167496
.99998266,.93184239
.99998277,.93201673
.99998701,.9463833
.9999913,.9606033
.99999559,.97706467
1,1
